ISO-10303-21;
HEADER;
/* Generated by software containing ST-Developer
 * from STEP Tools, Inc. (www.steptools.com) 
 */

FILE_DESCRIPTION(
/* description */ ('',
'CAx-IF Rec.Pracs.---Representation and Presentation of Product Manufa
cturing Information (PMI)---4.0---2014-10-13'),
/* implementation_level */ '2;1');

FILE_NAME(
/* name */ 'KY-005 transmitter v1.step',
/* time_stamp */ '2025-03-13T17:12:35+01:00',
/* author */ (''),
/* organization */ (''),
/* preprocessor_version */ 'ST-DEVELOPER v20',
/* originating_system */ 'Autodesk Translation Framework v13.20.0.188',

/* authorisation */ '');

FILE_SCHEMA (('AP242_MANAGED_MODEL_BASED_3D_ENGINEERING_MIM_LF { 1 0 10303 442 1 1 4 }'));
ENDSEC;

DATA;
#10=MECHANICAL_DESIGN_GEOMETRIC_PRESENTATION_REPRESENTATION('',(#441,#442,
#443,#444,#445,#446,#447,#448,#449,#450,#451,#452,#453,#454,#455,#456,#457,
#458,#459,#460,#461,#462,#463,#464,#465,#466,#467,#468,#469,#470,#471,#472,
#473,#474,#475,#476,#477,#478,#479,#480,#481,#482,#483,#484,#485,#486,#487,
#488),#12396);
#11=SHAPE_REPRESENTATION_RELATIONSHIP('SRR','None',#12403,#12);
#12=ADVANCED_BREP_SHAPE_REPRESENTATION('',(#35,#36,#37,#38,#39,#40,#41,
#42,#43,#44),#12395);
#13=TOROIDAL_SURFACE('',#7153,0.475,0.2);
#14=TOROIDAL_SURFACE('',#7161,1.24677978870814,1.);
#15=TOROIDAL_SURFACE('',#7174,1.075,0.275);
#16=TOROIDAL_SURFACE('',#7185,0.475,0.2);
#17=TOROIDAL_SURFACE('',#7193,1.24677978870814,1.);
#18=TOROIDAL_SURFACE('',#7206,1.075,0.275);
#19=(
BOUNDED_SURFACE()
B_SPLINE_SURFACE(1,2,((#12234,#12235,#12236,#12237,#12238),(#12239,#12240,
#12241,#12242,#12243)),.UNSPECIFIED.,.F.,.F.,.F.)
B_SPLINE_SURFACE_WITH_KNOTS((2,2),(3,2,3),(-1.61462390149966E-14,7.61356999234076),
(-1.5707963267949,0.,1.5707963267949),.UNSPECIFIED.)
GEOMETRIC_REPRESENTATION_ITEM()
RATIONAL_B_SPLINE_SURFACE(((1.,0.707106781186547,1.,0.707106781186547,1.),
(1.,0.707106781186547,1.,0.707106781186547,1.)))
REPRESENTATION_ITEM('')
SURFACE()
);
#20=(
BOUNDED_SURFACE()
B_SPLINE_SURFACE(1,2,((#12312,#12313,#12314,#12315,#12316),(#12317,#12318,
#12319,#12320,#12321)),.UNSPECIFIED.,.F.,.F.,.F.)
B_SPLINE_SURFACE_WITH_KNOTS((2,2),(3,2,3),(-4.61806371604834E-31,7.71210891343737),
(-4.71238898038469,-3.14159265358979,-1.5707963267949),.UNSPECIFIED.)
GEOMETRIC_REPRESENTATION_ITEM()
RATIONAL_B_SPLINE_SURFACE(((1.,0.707106781186548,1.,0.707106781186548,1.),
(1.,0.707106781186548,1.,0.707106781186548,1.)))
REPRESENTATION_ITEM('')
SURFACE()
);
#21=ELLIPSE('',#7144,0.275041890212075,0.275);
#22=ELLIPSE('',#7145,0.275041890212075,0.275);
#23=ELLIPSE('',#7147,0.275041890212075,0.275);
#24=ELLIPSE('',#7148,0.275041890212075,0.275);
#25=ELLIPSE('',#7176,0.275167624682176,0.275);
#26=ELLIPSE('',#7177,0.275167624682176,0.275);
#27=ELLIPSE('',#7178,0.275167624682176,0.275);
#28=ELLIPSE('',#7181,0.275167624682176,0.275);
#29=CONICAL_SURFACE('',#7068,0.4,0.380506377112365);
#30=CONICAL_SURFACE('',#7093,0.4,0.380506377112365);
#31=CONICAL_SURFACE('',#7118,0.4,0.380506377112365);
#32=CONICAL_SURFACE('',#7168,0.225,0.785398163397448);
#33=CONICAL_SURFACE('',#7200,0.225,0.785398163397448);
#34=SPHERICAL_SURFACE('',#7066,2.45);
#35=MANIFOLD_SOLID_BREP('scheda',#6751);
#36=MANIFOLD_SOLID_BREP('Corpo5',#6752);
#37=MANIFOLD_SOLID_BREP('Corpo6',#6753);
#38=MANIFOLD_SOLID_BREP('Corpo7',#6754);
#39=MANIFOLD_SOLID_BREP('capsula',#6755);
#40=MANIFOLD_SOLID_BREP('Corpo11',#6756);
#41=MANIFOLD_SOLID_BREP('Corpo12',#6757);
#42=MANIFOLD_SOLID_BREP('Corpo13',#6758);
#43=MANIFOLD_SOLID_BREP('Corpo14',#6759);
#44=MANIFOLD_SOLID_BREP('Corpo15',#6760);
#45=B_SPLINE_SURFACE_WITH_KNOTS('',3,1,((#9401,#9402),(#9403,#9404),(#9405,
#9406),(#9407,#9408),(#9409,#9410)),.UNSPECIFIED.,.F.,.F.,.F.,(4,1,4),(2,
2),(-0.0130775157674214,-0.00698727781156835,0.),(0.,0.001),
 .UNSPECIFIED.);
#46=B_SPLINE_SURFACE_WITH_KNOTS('',3,1,((#9418,#9419),(#9420,#9421),(#9422,
#9423),(#9424,#9425),(#9426,#9427)),.UNSPECIFIED.,.F.,.F.,.F.,(4,1,4),(2,
2),(-0.0128468771359828,-0.00600098081164001,0.),(0.,0.001),
 .UNSPECIFIED.);
#47=B_SPLINE_SURFACE_WITH_KNOTS('',3,1,((#9435,#9436),(#9437,#9438),(#9439,
#9440),(#9441,#9442),(#9443,#9444)),.UNSPECIFIED.,.F.,.F.,.F.,(4,1,4),(2,
2),(-0.0157157508613756,-0.00758158369991772,0.),(0.,0.001),
 .UNSPECIFIED.);
#48=B_SPLINE_SURFACE_WITH_KNOTS('',3,1,((#9452,#9453),(#9454,#9455),(#9456,
#9457),(#9458,#9459),(#9460,#9461)),.UNSPECIFIED.,.F.,.F.,.F.,(4,1,4),(2,
2),(-0.0136161832444103,-0.00715041833578715,0.),(0.,0.001),
 .UNSPECIFIED.);
#49=B_SPLINE_SURFACE_WITH_KNOTS('',3,1,((#9469,#9470),(#9471,#9472),(#9473,
#9474),(#9475,#9476),(#9477,#9478)),.UNSPECIFIED.,.F.,.F.,.F.,(4,1,4),(2,
2),(-0.0107219019465228,-0.00571740576069073,0.),(0.,0.001),
 .UNSPECIFIED.);
#50=B_SPLINE_SURFACE_WITH_KNOTS('',3,1,((#9486,#9487),(#9488,#9489),(#9490,
#9491),(#9492,#9493),(#9494,#9495)),.UNSPECIFIED.,.F.,.F.,.F.,(4,1,4),(2,
2),(-0.00913345619295543,-0.00461826845405993,0.),(0.,0.001),
 .UNSPECIFIED.);
#51=B_SPLINE_SURFACE_WITH_KNOTS('',3,1,((#9503,#9504),(#9505,#9506),(#9507,
#9508),(#9509,#9510),(#9511,#9512)),.UNSPECIFIED.,.F.,.F.,.F.,(4,1,4),(2,
2),(-0.00878674890208407,-0.00446073395477923,0.),(0.,0.001),
 .UNSPECIFIED.);
#52=B_SPLINE_SURFACE_WITH_KNOTS('',3,1,((#9520,#9521),(#9522,#9523),(#9524,
#9525),(#9526,#9527),(#9528,#9529)),.UNSPECIFIED.,.F.,.F.,.F.,(4,1,4),(2,
2),(-0.0108625337841193,-0.00484906826429105,0.),(0.,0.001),
 .UNSPECIFIED.);
#53=B_SPLINE_SURFACE_WITH_KNOTS('',3,1,((#9537,#9538),(#9539,#9540),(#9541,
#9542),(#9543,#9544),(#9545,#9546)),.UNSPECIFIED.,.F.,.F.,.F.,(4,1,4),(2,
2),(-0.0184654109673482,-0.00676664602275246,0.),(0.,0.001),
 .UNSPECIFIED.);
#54=B_SPLINE_SURFACE_WITH_KNOTS('',3,1,((#9554,#9555),(#9556,#9557),(#9558,
#9559),(#9560,#9561),(#9562,#9563)),.UNSPECIFIED.,.F.,.F.,.F.,(4,1,4),(2,
2),(-0.0203186487270608,-0.0121485426090103,0.),(0.,0.001),
 .UNSPECIFIED.);
#55=B_SPLINE_SURFACE_WITH_KNOTS('',3,1,((#9571,#9572),(#9573,#9574),(#9575,
#9576),(#9577,#9578),(#9579,#9580)),.UNSPECIFIED.,.F.,.F.,.F.,(4,1,4),(2,
2),(-0.0142900188746836,-0.00753213199944152,0.),(0.,0.001),
 .UNSPECIFIED.);
#56=B_SPLINE_SURFACE_WITH_KNOTS('',3,1,((#9588,#9589),(#9590,#9591),(#9592,
#9593),(#9594,#9595),(#9596,#9597)),.UNSPECIFIED.,.F.,.F.,.F.,(4,1,4),(2,
2),(-0.0130696730406638,-0.00645416010999471,0.),(0.,0.001),
 .UNSPECIFIED.);
#57=B_SPLINE_SURFACE_WITH_KNOTS('',3,1,((#9605,#9606),(#9607,#9608),(#9609,
#9610),(#9611,#9612),(#9613,#9614)),.UNSPECIFIED.,.F.,.F.,.F.,(4,1,4),(2,
2),(-0.0149548512586083,-0.00740274124667699,0.),(0.,0.001),
 .UNSPECIFIED.);
#58=B_SPLINE_SURFACE_WITH_KNOTS('',3,1,((#9622,#9623),(#9624,#9625),(#9626,
#9627),(#9628,#9629),(#9630,#9631)),.UNSPECIFIED.,.F.,.F.,.F.,(4,1,4),(2,
2),(-0.0162332140168903,-0.00784002223395319,0.),(0.,0.001),
 .UNSPECIFIED.);
#59=B_SPLINE_SURFACE_WITH_KNOTS('',3,1,((#9639,#9640),(#9641,#9642),(#9643,
#9644),(#9645,#9646),(#9647,#9648)),.UNSPECIFIED.,.F.,.F.,.F.,(4,1,4),(2,
2),(-0.0187545827754959,-0.00908186839356236,0.),(0.,0.001),
 .UNSPECIFIED.);
#60=B_SPLINE_SURFACE_WITH_KNOTS('',3,1,((#9656,#9657),(#9658,#9659),(#9660,
#9661),(#9662,#9663),(#9664,#9665)),.UNSPECIFIED.,.F.,.F.,.F.,(4,1,4),(2,
2),(-0.0200355147632237,-0.0105003722481196,0.),(0.,0.001),
 .UNSPECIFIED.);
#61=B_SPLINE_SURFACE_WITH_KNOTS('',3,1,((#9673,#9674),(#9675,#9676),(#9677,
#9678),(#9679,#9680),(#9681,#9682)),.UNSPECIFIED.,.F.,.F.,.F.,(4,1,4),(2,
2),(-0.0169760900919146,-0.00871852781805957,0.),(0.,0.001),
 .UNSPECIFIED.);
#62=B_SPLINE_SURFACE_WITH_KNOTS('',3,1,((#9690,#9691),(#9692,#9693),(#9694,
#9695),(#9696,#9697),(#9698,#9699)),.UNSPECIFIED.,.F.,.F.,.F.,(4,1,4),(2,
2),(-0.0166633644664899,-0.00820788647104003,0.),(0.,0.001),
 .UNSPECIFIED.);
#63=B_SPLINE_SURFACE_WITH_KNOTS('',3,1,((#9711,#9712),(#9713,#9714),(#9715,
#9716),(#9717,#9718),(#9719,#9720)),.UNSPECIFIED.,.F.,.F.,.F.,(4,1,4),(2,
2),(-0.0162310406262476,-0.00861884699506994,0.),(0.,0.001),
 .UNSPECIFIED.);
#64=B_SPLINE_SURFACE_WITH_KNOTS('',3,1,((#9728,#9729),(#9730,#9731),(#9732,
#9733),(#9734,#9735),(#9736,#9737)),.UNSPECIFIED.,.F.,.F.,.F.,(4,1,4),(2,
2),(-0.0183535216431603,-0.00816027920689554,0.),(0.,0.001),
 .UNSPECIFIED.);
#65=B_SPLINE_SURFACE_WITH_KNOTS('',3,1,((#9745,#9746),(#9747,#9748),(#9749,
#9750),(#9751,#9752),(#9753,#9754)),.UNSPECIFIED.,.F.,.F.,.F.,(4,1,4),(2,
2),(-0.0182822235331662,-0.0104350046081569,0.),(0.,0.001),
 .UNSPECIFIED.);
#66=B_SPLINE_SURFACE_WITH_KNOTS('',3,1,((#9762,#9763),(#9764,#9765),(#9766,
#9767),(#9768,#9769),(#9770,#9771)),.UNSPECIFIED.,.F.,.F.,.F.,(4,1,4),(2,
2),(-0.0122808019739734,-0.00636392373346805,0.),(0.,0.001),
 .UNSPECIFIED.);
#67=B_SPLINE_SURFACE_WITH_KNOTS('',3,1,((#9779,#9780),(#9781,#9782),(#9783,
#9784),(#9785,#9786),(#9787,#9788)),.UNSPECIFIED.,.F.,.F.,.F.,(4,1,4),(2,
2),(-0.00992150705375728,-0.00500659987190571,0.),(0.,0.001),
 .UNSPECIFIED.);
#68=B_SPLINE_SURFACE_WITH_KNOTS('',3,1,((#9796,#9797),(#9798,#9799),(#9800,
#9801),(#9802,#9803),(#9804,#9805)),.UNSPECIFIED.,.F.,.F.,.F.,(4,1,4),(2,
2),(-0.0212882182975822,-0.00774490784824854,0.),(0.,0.001),
 .UNSPECIFIED.);
#69=B_SPLINE_SURFACE_WITH_KNOTS('',3,1,((#9813,#9814),(#9815,#9816),(#9817,
#9818),(#9819,#9820),(#9821,#9822)),.UNSPECIFIED.,.F.,.F.,.F.,(4,1,4),(2,
2),(-0.0230565754620351,-0.0140231528745983,0.),(0.,0.001),
 .UNSPECIFIED.);
#70=B_SPLINE_SURFACE_WITH_KNOTS('',3,1,((#9830,#9831),(#9832,#9833),(#9834,
#9835),(#9836,#9837),(#9838,#9839)),.UNSPECIFIED.,.F.,.F.,.F.,(4,1,4),(2,
2),(-0.0165932917195132,-0.00885423308260165,0.),(0.,0.001),
 .UNSPECIFIED.);
#71=B_SPLINE_SURFACE_WITH_KNOTS('',3,1,((#9847,#9848),(#9849,#9850),(#9851,
#9852),(#9853,#9854),(#9855,#9856)),.UNSPECIFIED.,.F.,.F.,.F.,(4,1,4),(2,
2),(-0.0149900085581431,-0.00733880195953839,0.),(0.,0.001),
 .UNSPECIFIED.);
#72=B_SPLINE_SURFACE_WITH_KNOTS('',3,1,((#9864,#9865),(#9866,#9867),(#9868,
#9869),(#9870,#9871),(#9872,#9873)),.UNSPECIFIED.,.F.,.F.,.F.,(4,1,4),(2,
2),(-0.0158902997269667,-0.00783445223692298,0.),(0.,0.001),
 .UNSPECIFIED.);
#73=B_SPLINE_SURFACE_WITH_KNOTS('',3,1,((#9881,#9882),(#9883,#9884),(#9885,
#9886),(#9887,#9888),(#9889,#9890)),.UNSPECIFIED.,.F.,.F.,.F.,(4,1,4),(2,
2),(-0.0172975734367438,-0.00838953835537713,0.),(0.,0.001),
 .UNSPECIFIED.);
#74=B_SPLINE_SURFACE_WITH_KNOTS('',3,1,((#9898,#9899),(#9900,#9901),(#9902,
#9903),(#9904,#9905),(#9906,#9907)),.UNSPECIFIED.,.F.,.F.,.F.,(4,1,4),(2,
2),(-0.0197810268055736,-0.00956162774502642,0.),(0.,0.001),
 .UNSPECIFIED.);
#75=B_SPLINE_SURFACE_WITH_KNOTS('',3,1,((#9915,#9916),(#9917,#9918),(#9919,
#9920),(#9921,#9922),(#9923,#9924)),.UNSPECIFIED.,.F.,.F.,.F.,(4,1,4),(2,
2),(-0.0232080116898347,-0.0125135848399429,0.),(0.,0.001),
 .UNSPECIFIED.);
#76=B_SPLINE_SURFACE_WITH_KNOTS('',3,1,((#9932,#9933),(#9934,#9935),(#9936,
#9937),(#9938,#9939),(#9940,#9941)),.UNSPECIFIED.,.F.,.F.,.F.,(4,1,4),(2,
2),(-0.0188857661398752,-0.0095678953366164,0.),(0.,0.001),
 .UNSPECIFIED.);
#77=B_SPLINE_SURFACE_WITH_KNOTS('',3,1,((#9949,#9950),(#9951,#9952),(#9953,
#9954),(#9955,#9956),(#9957,#9958)),.UNSPECIFIED.,.F.,.F.,.F.,(4,1,4),(2,
2),(-0.0189827202904463,-0.00935652509000301,0.),(0.,0.001),
 .UNSPECIFIED.);
#78=B_SPLINE_SURFACE_WITH_KNOTS('',3,1,((#9991,#9992),(#9993,#9994),(#9995,
#9996),(#9997,#9998),(#9999,#10000)),.UNSPECIFIED.,.F.,.F.,.F.,(4,1,4),
(2,2),(-0.0143618776672304,-0.00809681667614879,0.),(0.,0.001),
 .UNSPECIFIED.);
#79=B_SPLINE_SURFACE_WITH_KNOTS('',3,1,((#10014,#10015),(#10016,#10017),
(#10018,#10019),(#10020,#10021),(#10022,#10023)),.UNSPECIFIED.,.F.,.F.,
 .F.,(4,1,4),(2,2),(-0.00995985220124947,-0.00512008029133945,0.),(0.,0.001),
 .UNSPECIFIED.);
#80=B_SPLINE_SURFACE_WITH_KNOTS('',3,1,((#10037,#10038),(#10039,#10040),
(#10041,#10042),(#10043,#10044),(#10045,#10046)),.UNSPECIFIED.,.F.,.F.,
 .F.,(4,1,4),(2,2),(-0.00945697552397522,-0.00474574058207079,0.),(0.,0.001),
 .UNSPECIFIED.);
#81=B_SPLINE_SURFACE_WITH_KNOTS('',3,1,((#10060,#10061),(#10062,#10063),
(#10064,#10065),(#10066,#10067),(#10068,#10069)),.UNSPECIFIED.,.F.,.F.,
 .F.,(4,1,4),(2,2),(-0.013068744182565,-0.00659015769019632,0.),(0.,0.001),
 .UNSPECIFIED.);
#82=B_SPLINE_SURFACE_WITH_KNOTS('',3,1,((#10083,#10084),(#10085,#10086),
(#10087,#10088),(#10089,#10090),(#10091,#10092)),.UNSPECIFIED.,.F.,.F.,
 .F.,(4,1,4),(2,2),(-0.0171686085031412,-0.00747450260928687,0.),(0.,0.001),
 .UNSPECIFIED.);
#83=B_SPLINE_SURFACE_WITH_KNOTS('',3,1,((#10125,#10126),(#10127,#10128),
(#10129,#10130),(#10131,#10132),(#10133,#10134)),.UNSPECIFIED.,.F.,.F.,
 .F.,(4,1,4),(2,2),(-0.0205819699242665,-0.011785974553875,0.),(0.,0.001),
 .UNSPECIFIED.);
#84=B_SPLINE_SURFACE_WITH_KNOTS('',3,1,((#10142,#10143),(#10144,#10145),
(#10146,#10147),(#10148,#10149),(#10150,#10151)),.UNSPECIFIED.,.F.,.F.,
 .F.,(4,1,4),(2,2),(-0.0148428738449339,-0.00728375866959621,0.),(0.,0.001),
 .UNSPECIFIED.);
#85=B_SPLINE_SURFACE_WITH_KNOTS('',3,1,((#10159,#10160),(#10161,#10162),
(#10163,#10164),(#10165,#10166),(#10167,#10168)),.UNSPECIFIED.,.F.,.F.,
 .F.,(4,1,4),(2,2),(-0.0157921915238233,-0.00782832626904671,0.),(0.,0.001),
 .UNSPECIFIED.);
#86=B_SPLINE_SURFACE_WITH_KNOTS('',3,1,((#10176,#10177),(#10178,#10179),
(#10180,#10181),(#10182,#10183),(#10184,#10185)),.UNSPECIFIED.,.F.,.F.,
 .F.,(4,1,4),(2,2),(-0.0195924873625536,-0.00995571738595971,0.),(0.,0.001),
 .UNSPECIFIED.);
#87=B_SPLINE_SURFACE_WITH_KNOTS('',3,1,((#10193,#10194),(#10195,#10196),
(#10197,#10198),(#10199,#10200),(#10201,#10202)),.UNSPECIFIED.,.F.,.F.,
 .F.,(4,1,4),(2,2),(-0.0235513869035223,-0.0106045124012772,0.),(0.,0.001),
 .UNSPECIFIED.);
#88=B_SPLINE_SURFACE_WITH_KNOTS('',3,1,((#10210,#10211),(#10212,#10213),
(#10214,#10215),(#10216,#10217),(#10218,#10219)),.UNSPECIFIED.,.F.,.F.,
 .F.,(4,1,4),(2,2),(-0.00942891465664243,-0.00525753242319462,0.),(0.,0.001),
 .UNSPECIFIED.);
#89=B_SPLINE_SURFACE_WITH_KNOTS('',3,1,((#10227,#10228),(#10229,#10230),
(#10231,#10232),(#10233,#10234),(#10235,#10236)),.UNSPECIFIED.,.F.,.F.,
 .F.,(4,1,4),(2,2),(-0.017283429485531,-0.00822739186137659,0.),(0.,0.001),
 .UNSPECIFIED.);
#90=B_SPLINE_SURFACE_WITH_KNOTS('',3,1,((#10256,#10257),(#10258,#10259),
(#10260,#10261),(#10262,#10263),(#10264,#10265)),.UNSPECIFIED.,.F.,.F.,
 .F.,(4,1,4),(2,2),(-0.0167688340984109,-0.00954455553521588,0.),(0.,0.001),
 .UNSPECIFIED.);
#91=B_SPLINE_SURFACE_WITH_KNOTS('',3,1,((#10273,#10274),(#10275,#10276),
(#10277,#10278),(#10279,#10280),(#10281,#10282)),.UNSPECIFIED.,.F.,.F.,
 .F.,(4,1,4),(2,2),(-0.00950725781573107,-0.00539583506089559,0.),(0.,0.001),
 .UNSPECIFIED.);
#92=B_SPLINE_SURFACE_WITH_KNOTS('',3,1,((#10290,#10291),(#10292,#10293),
(#10294,#10295),(#10296,#10297),(#10298,#10299)),.UNSPECIFIED.,.F.,.F.,
 .F.,(4,1,4),(2,2),(-0.00662001529935368,-0.00340318362256741,0.),(0.,0.001),
 .UNSPECIFIED.);
#93=B_SPLINE_SURFACE_WITH_KNOTS('',3,1,((#10307,#10308),(#10309,#10310),
(#10311,#10312),(#10313,#10314),(#10315,#10316)),.UNSPECIFIED.,.F.,.F.,
 .F.,(4,1,4),(2,2),(-0.00739013685370462,-0.00298879343168104,0.),(0.,0.001),
 .UNSPECIFIED.);
#94=B_SPLINE_SURFACE_WITH_KNOTS('',3,1,((#10362,#10363),(#10364,#10365),
(#10366,#10367),(#10368,#10369),(#10370,#10371)),.UNSPECIFIED.,.F.,.F.,
 .F.,(4,1,4),(2,2),(-0.0143618776672304,-0.00809681667614879,0.),(0.,0.001),
 .UNSPECIFIED.);
#95=B_SPLINE_SURFACE_WITH_KNOTS('',3,1,((#10385,#10386),(#10387,#10388),
(#10389,#10390),(#10391,#10392),(#10393,#10394)),.UNSPECIFIED.,.F.,.F.,
 .F.,(4,1,4),(2,2),(-0.00995985413943144,-0.00512007674275137,0.),(0.,0.001),
 .UNSPECIFIED.);
#96=B_SPLINE_SURFACE_WITH_KNOTS('',3,1,((#10408,#10409),(#10410,#10411),
(#10412,#10413),(#10414,#10415),(#10416,#10417)),.UNSPECIFIED.,.F.,.F.,
 .F.,(4,1,4),(2,2),(-0.00945697552397522,-0.00474574058207079,0.),(0.,0.001),
 .UNSPECIFIED.);
#97=B_SPLINE_SURFACE_WITH_KNOTS('',3,1,((#10431,#10432),(#10433,#10434),
(#10435,#10436),(#10437,#10438),(#10439,#10440)),.UNSPECIFIED.,.F.,.F.,
 .F.,(4,1,4),(2,2),(-0.0130687486246258,-0.00659015769019632,0.),(0.,0.001),
 .UNSPECIFIED.);
#98=B_SPLINE_SURFACE_WITH_KNOTS('',3,1,((#10454,#10455),(#10456,#10457),
(#10458,#10459),(#10460,#10461),(#10462,#10463)),.UNSPECIFIED.,.F.,.F.,
 .F.,(4,1,4),(2,2),(-0.0171686110417264,-0.0074745060260113,0.),(0.,0.001),
 .UNSPECIFIED.);
#99=B_SPLINE_SURFACE_WITH_KNOTS('',3,1,((#10496,#10497),(#10498,#10499),
(#10500,#10501),(#10502,#10503),(#10504,#10505)),.UNSPECIFIED.,.F.,.F.,
 .F.,(4,1,4),(2,2),(-0.0205819786485574,-0.0117859815664546,0.),(0.,0.001),
 .UNSPECIFIED.);
#100=B_SPLINE_SURFACE_WITH_KNOTS('',3,1,((#10513,#10514),(#10515,#10516),
(#10517,#10518),(#10519,#10520),(#10521,#10522)),.UNSPECIFIED.,.F.,.F.,
 .F.,(4,1,4),(2,2),(-0.0148428802468005,-0.00728376507146287,0.),(0.,0.001),
 .UNSPECIFIED.);
#101=B_SPLINE_SURFACE_WITH_KNOTS('',3,1,((#10530,#10531),(#10532,#10533),
(#10534,#10535),(#10536,#10537),(#10538,#10539)),.UNSPECIFIED.,.F.,.F.,
 .F.,(4,1,4),(2,2),(-0.01579218502976,-0.00782832716172989,0.),(0.,0.001),
 .UNSPECIFIED.);
#102=B_SPLINE_SURFACE_WITH_KNOTS('',3,1,((#10547,#10548),(#10549,#10550),
(#10551,#10552),(#10553,#10554),(#10555,#10556)),.UNSPECIFIED.,.F.,.F.,
 .F.,(4,1,4),(2,2),(-0.0195924860735804,-0.00995571609698656,0.),(0.,0.001),
 .UNSPECIFIED.);
#103=B_SPLINE_SURFACE_WITH_KNOTS('',3,1,((#10564,#10565),(#10566,#10567),
(#10568,#10569),(#10570,#10571),(#10572,#10573)),.UNSPECIFIED.,.F.,.F.,
 .F.,(4,1,4),(2,2),(-0.0235513951515706,-0.0106045062428688,0.),(0.,0.001),
 .UNSPECIFIED.);
#104=B_SPLINE_SURFACE_WITH_KNOTS('',3,1,((#10581,#10582),(#10583,#10584),
(#10585,#10586),(#10587,#10588),(#10589,#10590)),.UNSPECIFIED.,.F.,.F.,
 .F.,(4,1,4),(2,2),(-0.00942892665751275,-0.00525753242319462,0.),(0.,0.001),
 .UNSPECIFIED.);
#105=B_SPLINE_SURFACE_WITH_KNOTS('',3,1,((#10598,#10599),(#10600,#10601),
(#10602,#10603),(#10604,#10605),(#10606,#10607)),.UNSPECIFIED.,.F.,.F.,
 .F.,(4,1,4),(2,2),(-0.0172834318332906,-0.00822739697303921,0.),(0.,0.001),
 .UNSPECIFIED.);
#106=B_SPLINE_SURFACE_WITH_KNOTS('',3,1,((#10627,#10628),(#10629,#10630),
(#10631,#10632),(#10633,#10634),(#10635,#10636)),.UNSPECIFIED.,.F.,.F.,
 .F.,(4,1,4),(2,2),(-0.0167688346387248,-0.00954454728182899,0.),(0.,0.001),
 .UNSPECIFIED.);
#107=B_SPLINE_SURFACE_WITH_KNOTS('',3,1,((#10644,#10645),(#10646,#10647),
(#10648,#10649),(#10650,#10651),(#10652,#10653)),.UNSPECIFIED.,.F.,.F.,
 .F.,(4,1,4),(2,2),(-0.00950726172973852,-0.0053958294566824,0.),(0.,0.001),
 .UNSPECIFIED.);
#108=B_SPLINE_SURFACE_WITH_KNOTS('',3,1,((#10661,#10662),(#10663,#10664),
(#10665,#10666),(#10667,#10668),(#10669,#10670)),.UNSPECIFIED.,.F.,.F.,
 .F.,(4,1,4),(2,2),(-0.00661999978561125,-0.00340317051814799,0.),(0.,0.001),
 .UNSPECIFIED.);
#109=B_SPLINE_SURFACE_WITH_KNOTS('',3,1,((#10678,#10679),(#10680,#10681),
(#10682,#10683),(#10684,#10685),(#10686,#10687)),.UNSPECIFIED.,.F.,.F.,
 .F.,(4,1,4),(2,2),(-0.00739013680276816,-0.00298880082858433,0.),(0.,0.001),
 .UNSPECIFIED.);
#110=B_SPLINE_SURFACE_WITH_KNOTS('',3,1,((#10713,#10714),(#10715,#10716),
(#10717,#10718),(#10719,#10720),(#10721,#10722)),.UNSPECIFIED.,.F.,.F.,
 .F.,(4,1,4),(2,2),(-0.0235395335610428,-0.0125771158844649,0.),(0.,0.001),
 .UNSPECIFIED.);
#111=B_SPLINE_SURFACE_WITH_KNOTS('',3,1,((#10730,#10731),(#10732,#10733),
(#10734,#10735),(#10736,#10737),(#10738,#10739)),.UNSPECIFIED.,.F.,.F.,
 .F.,(4,1,4),(2,2),(-0.0231243638684863,-0.0108017359674658,0.),(0.,0.001),
 .UNSPECIFIED.);
#112=B_SPLINE_SURFACE_WITH_KNOTS('',3,1,((#10747,#10748),(#10749,#10750),
(#10751,#10752),(#10753,#10754),(#10755,#10756)),.UNSPECIFIED.,.F.,.F.,
 .F.,(4,1,4),(2,2),(-0.0282883731125796,-0.0136468716783791,0.),(0.,0.001),
 .UNSPECIFIED.);
#113=B_SPLINE_SURFACE_WITH_KNOTS('',3,1,((#10764,#10765),(#10766,#10767),
(#10768,#10769),(#10770,#10771),(#10772,#10773)),.UNSPECIFIED.,.F.,.F.,
 .F.,(4,1,4),(2,2),(-0.0245091595978235,-0.0128707472969938,0.),(0.,0.001),
 .UNSPECIFIED.);
#114=B_SPLINE_SURFACE_WITH_KNOTS('',3,1,((#10781,#10782),(#10783,#10784),
(#10785,#10786),(#10787,#10788),(#10789,#10790)),.UNSPECIFIED.,.F.,.F.,
 .F.,(4,1,4),(2,2),(-0.019299366325389,-0.0102912919327267,0.),(0.,0.001),
 .UNSPECIFIED.);
#115=B_SPLINE_SURFACE_WITH_KNOTS('',3,1,((#10798,#10799),(#10800,#10801),
(#10802,#10803),(#10804,#10805),(#10806,#10807)),.UNSPECIFIED.,.F.,.F.,
 .F.,(4,1,4),(2,2),(-0.0164402639635312,-0.00831286870762526,0.),(0.,0.001),
 .UNSPECIFIED.);
#116=B_SPLINE_SURFACE_WITH_KNOTS('',3,1,((#10815,#10816),(#10817,#10818),
(#10819,#10820),(#10821,#10822),(#10823,#10824)),.UNSPECIFIED.,.F.,.F.,
 .F.,(4,1,4),(2,2),(-0.0158161187762421,-0.00802928963308699,0.),(0.,0.001),
 .UNSPECIFIED.);
#117=B_SPLINE_SURFACE_WITH_KNOTS('',3,1,((#10832,#10833),(#10834,#10835),
(#10836,#10837),(#10838,#10839),(#10840,#10841)),.UNSPECIFIED.,.F.,.F.,
 .F.,(4,1,4),(2,2),(-0.019552571064459,-0.00872831445955966,0.),(0.,0.001),
 .UNSPECIFIED.);
#118=B_SPLINE_SURFACE_WITH_KNOTS('',3,1,((#10849,#10850),(#10851,#10852),
(#10853,#10854),(#10855,#10856),(#10857,#10858)),.UNSPECIFIED.,.F.,.F.,
 .F.,(4,1,4),(2,2),(-0.0332377339919647,-0.0121799673398244,0.),(0.,0.001),
 .UNSPECIFIED.);
#119=B_SPLINE_SURFACE_WITH_KNOTS('',3,1,((#10866,#10867),(#10868,#10869),
(#10870,#10871),(#10872,#10873),(#10874,#10875)),.UNSPECIFIED.,.F.,.F.,
 .F.,(4,1,4),(2,2),(-0.0365735762952591,-0.0218674062771616,0.),(0.,0.001),
 .UNSPECIFIED.);
#120=B_SPLINE_SURFACE_WITH_KNOTS('',3,1,((#10883,#10884),(#10885,#10886),
(#10887,#10888),(#10889,#10890),(#10891,#10892)),.UNSPECIFIED.,.F.,.F.,
 .F.,(4,1,4),(2,2),(-0.0257220519524439,-0.0135578153425817,0.),(0.,0.001),
 .UNSPECIFIED.);
#121=B_SPLINE_SURFACE_WITH_KNOTS('',3,1,((#10900,#10901),(#10902,#10903),
(#10904,#10905),(#10906,#10907),(#10908,#10909)),.UNSPECIFIED.,.F.,.F.,
 .F.,(4,1,4),(2,2),(-0.023525378255142,-0.0116174557712196,0.),(0.,0.001),
 .UNSPECIFIED.);
#122=B_SPLINE_SURFACE_WITH_KNOTS('',3,1,((#10917,#10918),(#10919,#10920),
(#10921,#10922),(#10923,#10924),(#10925,#10926)),.UNSPECIFIED.,.F.,.F.,
 .F.,(4,1,4),(2,2),(-0.0269187157609855,-0.0133249207981659,0.),(0.,0.001),
 .UNSPECIFIED.);
#123=B_SPLINE_SURFACE_WITH_KNOTS('',3,1,((#10934,#10935),(#10936,#10937),
(#10938,#10939),(#10940,#10941),(#10942,#10943)),.UNSPECIFIED.,.F.,.F.,
 .F.,(4,1,4),(2,2),(-0.0292198169863654,-0.0141120640385307,0.),(0.,0.001),
 .UNSPECIFIED.);
#124=B_SPLINE_SURFACE_WITH_KNOTS('',3,1,((#10951,#10952),(#10953,#10954),
(#10955,#10956),(#10957,#10958),(#10959,#10960)),.UNSPECIFIED.,.F.,.F.,
 .F.,(4,1,4),(2,2),(-0.033758263278961,-0.0163473510153527,0.),(0.,0.001),
 .UNSPECIFIED.);
#125=B_SPLINE_SURFACE_WITH_KNOTS('',3,1,((#10968,#10969),(#10970,#10971),
(#10972,#10973),(#10974,#10975),(#10976,#10977)),.UNSPECIFIED.,.F.,.F.,
 .F.,(4,1,4),(2,2),(-0.0360639395793587,-0.0189006764935816,0.),(0.,0.001),
 .UNSPECIFIED.);
#126=B_SPLINE_SURFACE_WITH_KNOTS('',3,1,((#10985,#10986),(#10987,#10988),
(#10989,#10990),(#10991,#10992),(#10993,#10994)),.UNSPECIFIED.,.F.,.F.,
 .F.,(4,1,4),(2,2),(-0.0305569406211004,-0.0156933086701796,0.),(0.,0.001),
 .UNSPECIFIED.);
#127=B_SPLINE_SURFACE_WITH_KNOTS('',3,1,((#11002,#11003),(#11004,#11005),
(#11006,#11007),(#11008,#11009),(#11010,#11011)),.UNSPECIFIED.,.F.,.F.,
 .F.,(4,1,4),(2,2),(-0.0299940550753052,-0.0147742407248751,0.),(0.,0.001),
 .UNSPECIFIED.);
#128=B_SPLINE_SURFACE_WITH_KNOTS('',3,1,((#11023,#11024),(#11025,#11026),
(#11027,#11028),(#11029,#11030),(#11031,#11032)),.UNSPECIFIED.,.F.,.F.,
 .F.,(4,1,4),(2,2),(-0.0292157994074492,-0.0155138536420639,0.),(0.,0.001),
 .UNSPECIFIED.);
#129=B_SPLINE_SURFACE_WITH_KNOTS('',3,1,((#11040,#11041),(#11042,#11043),
(#11044,#11045),(#11046,#11047),(#11048,#11049)),.UNSPECIFIED.,.F.,.F.,
 .F.,(4,1,4),(2,2),(-0.0330363876463889,-0.0146885397785789,0.),(0.,0.001),
 .UNSPECIFIED.);
#130=B_SPLINE_SURFACE_WITH_KNOTS('',3,1,((#11057,#11058),(#11059,#11060),
(#11061,#11062),(#11063,#11064),(#11065,#11066)),.UNSPECIFIED.,.F.,.F.,
 .F.,(4,1,4),(2,2),(-0.032908037468449,-0.0187830366744065,0.),(0.,0.001),
 .UNSPECIFIED.);
#131=B_SPLINE_SURFACE_WITH_KNOTS('',3,1,((#11074,#11075),(#11076,#11077),
(#11078,#11079),(#11080,#11081),(#11082,#11083)),.UNSPECIFIED.,.F.,.F.,
 .F.,(4,1,4),(2,2),(-0.0221054494675595,-0.0114550134221992,0.),(0.,0.001),
 .UNSPECIFIED.);
#132=B_SPLINE_SURFACE_WITH_KNOTS('',3,1,((#11091,#11092),(#11093,#11094),
(#11095,#11096),(#11097,#11098),(#11099,#11100)),.UNSPECIFIED.,.F.,.F.,
 .F.,(4,1,4),(2,2),(-0.0178586796439843,-0.00901186338551786,0.),(0.,0.001),
 .UNSPECIFIED.);
#133=B_SPLINE_SURFACE_WITH_KNOTS('',3,1,((#11108,#11109),(#11110,#11111),
(#11112,#11113),(#11114,#11115),(#11116,#11117)),.UNSPECIFIED.,.F.,.F.,
 .F.,(4,1,4),(2,2),(-0.0383188218665566,-0.0139408404559251,0.),(0.,0.001),
 .UNSPECIFIED.);
#134=B_SPLINE_SURFACE_WITH_KNOTS('',3,1,((#11125,#11126),(#11127,#11128),
(#11129,#11130),(#11131,#11132),(#11133,#11134)),.UNSPECIFIED.,.F.,.F.,
 .F.,(4,1,4),(2,2),(-0.0415018175920384,-0.0252416679730182,0.),(0.,0.001),
 .UNSPECIFIED.);
#135=B_SPLINE_SURFACE_WITH_KNOTS('',3,1,((#11142,#11143),(#11144,#11145),
(#11146,#11147),(#11148,#11149),(#11150,#11151)),.UNSPECIFIED.,.F.,.F.,
 .F.,(4,1,4),(2,2),(-0.0298679355675949,-0.0159376175110042,0.),(0.,0.001),
 .UNSPECIFIED.);
#136=B_SPLINE_SURFACE_WITH_KNOTS('',3,1,((#11159,#11160),(#11161,#11162),
(#11163,#11164),(#11165,#11166),(#11167,#11168)),.UNSPECIFIED.,.F.,.F.,
 .F.,(4,1,4),(2,2),(-0.0269820043647605,-0.0132098590603044,0.),(0.,0.001),
 .UNSPECIFIED.);
#137=B_SPLINE_SURFACE_WITH_KNOTS('',3,1,((#11176,#11177),(#11178,#11179),
(#11180,#11181),(#11182,#11183),(#11184,#11185)),.UNSPECIFIED.,.F.,.F.,
 .F.,(4,1,4),(2,2),(-0.0286025248383787,-0.0141020018924183,0.),(0.,0.001),
 .UNSPECIFIED.);
#138=B_SPLINE_SURFACE_WITH_KNOTS('',3,1,((#11193,#11194),(#11195,#11196),
(#11197,#11198),(#11199,#11200),(#11201,#11202)),.UNSPECIFIED.,.F.,.F.,
 .F.,(4,1,4),(2,2),(-0.0311356346164896,-0.0151011304208513,0.),(0.,0.001),
 .UNSPECIFIED.);
#139=B_SPLINE_SURFACE_WITH_KNOTS('',3,1,((#11210,#11211),(#11212,#11213),
(#11214,#11215),(#11216,#11217),(#11218,#11219)),.UNSPECIFIED.,.F.,.F.,
 .F.,(4,1,4),(2,2),(-0.0356058679801407,-0.0172109544602966,0.),(0.,0.001),
 .UNSPECIFIED.);
#140=B_SPLINE_SURFACE_WITH_KNOTS('',3,1,((#11227,#11228),(#11229,#11230),
(#11231,#11232),(#11233,#11234),(#11235,#11236)),.UNSPECIFIED.,.F.,.F.,
 .F.,(4,1,4),(2,2),(-0.0417744180267266,-0.022524420176052,0.),(0.,0.001),
 .UNSPECIFIED.);
#141=B_SPLINE_SURFACE_WITH_KNOTS('',3,1,((#11244,#11245),(#11246,#11247),
(#11248,#11249),(#11250,#11251),(#11252,#11253)),.UNSPECIFIED.,.F.,.F.,
 .F.,(4,1,4),(2,2),(-0.0339943848417731,-0.01722222287749,0.),(0.,0.001),
 .UNSPECIFIED.);
#142=B_SPLINE_SURFACE_WITH_KNOTS('',3,1,((#11261,#11262),(#11263,#11264),
(#11265,#11266),(#11267,#11268),(#11269,#11270)),.UNSPECIFIED.,.F.,.F.,
 .F.,(4,1,4),(2,2),(-0.0341688998761806,-0.0168417234267376,0.),(0.,0.001),
 .UNSPECIFIED.);
#143=B_SPLINE_SURFACE_WITH_KNOTS('',3,1,((#11287,#11288),(#11289,#11290),
(#11291,#11292),(#11293,#11294),(#11295,#11296)),.UNSPECIFIED.,.F.,.F.,
 .F.,(4,1,4),(2,2),(-0.0144038966738343,-0.00664428604625592,0.),(0.,0.001),
 .UNSPECIFIED.);
#144=B_SPLINE_SURFACE_WITH_KNOTS('',3,1,((#11304,#11305),(#11306,#11307),
(#11308,#11309),(#11310,#11311),(#11312,#11313)),.UNSPECIFIED.,.F.,.F.,
 .F.,(4,1,4),(2,2),(-0.0144127598186581,-0.00776789490511727,0.),(0.,0.001),
 .UNSPECIFIED.);
#145=B_SPLINE_SURFACE_WITH_KNOTS('',3,1,((#11325,#11326),(#11327,#11328),
(#11329,#11330),(#11331,#11332),(#11333,#11334)),.UNSPECIFIED.,.F.,.F.,
 .F.,(4,1,4),(2,2),(-0.0215498994870205,-0.011037939405455,0.),(0.,0.001),
 .UNSPECIFIED.);
#146=B_SPLINE_SURFACE_WITH_KNOTS('',3,1,((#11342,#11343),(#11344,#11345),
(#11346,#11347),(#11348,#11349),(#11350,#11351)),.UNSPECIFIED.,.F.,.F.,
 .F.,(4,1,4),(2,2),(-0.0173347623546313,-0.00945491957087446,0.),(0.,0.001),
 .UNSPECIFIED.);
#147=B_SPLINE_SURFACE_WITH_KNOTS('',3,1,((#11398,#11399),(#11400,#11401),
(#11402,#11403),(#11404,#11405),(#11406,#11407)),.UNSPECIFIED.,.F.,.F.,
 .F.,(4,1,4),(2,2),(-0.0219209364342045,-0.0122238509190534,0.),(0.,0.001),
 .UNSPECIFIED.);
#148=B_SPLINE_SURFACE_WITH_KNOTS('',3,1,((#11421,#11422),(#11423,#11424),
(#11425,#11426),(#11427,#11428),(#11429,#11430)),.UNSPECIFIED.,.F.,.F.,
 .F.,(4,1,4),(2,2),(-0.0198603138876099,-0.00985653569713487,0.),(0.,0.001),
 .UNSPECIFIED.);
#149=B_SPLINE_CURVE_WITH_KNOTS('',3,(#8699,#8700,#8701,#8702,#8703),
 .UNSPECIFIED.,.F.,.F.,(4,1,4),(0.,0.00698727781156835,0.0130775157674214),
 .UNSPECIFIED.);
#150=B_SPLINE_CURVE_WITH_KNOTS('',3,(#8705,#8706,#8707,#8708,#8709),
 .UNSPECIFIED.,.F.,.F.,(4,1,4),(0.,0.00600098081164001,0.0128468771359828),
 .UNSPECIFIED.);
#151=B_SPLINE_CURVE_WITH_KNOTS('',3,(#8711,#8712,#8713,#8714,#8715),
 .UNSPECIFIED.,.F.,.F.,(4,1,4),(0.,0.00758158369991772,0.0157157508613756),
 .UNSPECIFIED.);
#152=B_SPLINE_CURVE_WITH_KNOTS('',3,(#8717,#8718,#8719,#8720,#8721),
 .UNSPECIFIED.,.F.,.F.,(4,1,4),(0.,0.00715041833578715,0.0136161832444103),
 .UNSPECIFIED.);
#153=B_SPLINE_CURVE_WITH_KNOTS('',3,(#8723,#8724,#8725,#8726,#8727),
 .UNSPECIFIED.,.F.,.F.,(4,1,4),(0.,0.00571740576069073,0.0107219019465228),
 .UNSPECIFIED.);
#154=B_SPLINE_CURVE_WITH_KNOTS('',3,(#8729,#8730,#8731,#8732,#8733),
 .UNSPECIFIED.,.F.,.F.,(4,1,4),(0.,0.00461826845405993,0.00913345619295543),
 .UNSPECIFIED.);
#155=B_SPLINE_CURVE_WITH_KNOTS('',3,(#8735,#8736,#8737,#8738,#8739),
 .UNSPECIFIED.,.F.,.F.,(4,1,4),(0.,0.00446073395477923,0.00878674890208407),
 .UNSPECIFIED.);
#156=B_SPLINE_CURVE_WITH_KNOTS('',3,(#8741,#8742,#8743,#8744,#8745),
 .UNSPECIFIED.,.F.,.F.,(4,1,4),(0.,0.00484906826429105,0.0108625337841193),
 .UNSPECIFIED.);
#157=B_SPLINE_CURVE_WITH_KNOTS('',3,(#8747,#8748,#8749,#8750,#8751),
 .UNSPECIFIED.,.F.,.F.,(4,1,4),(0.,0.00676664602275246,0.0184654109673482),
 .UNSPECIFIED.);
#158=B_SPLINE_CURVE_WITH_KNOTS('',3,(#8753,#8754,#8755,#8756,#8757),
 .UNSPECIFIED.,.F.,.F.,(4,1,4),(0.,0.0121485426090103,0.0203186487270608),
 .UNSPECIFIED.);
#159=B_SPLINE_CURVE_WITH_KNOTS('',3,(#8759,#8760,#8761,#8762,#8763),
 .UNSPECIFIED.,.F.,.F.,(4,1,4),(0.,0.00753213199944152,0.0142900188746836),
 .UNSPECIFIED.);
#160=B_SPLINE_CURVE_WITH_KNOTS('',3,(#8765,#8766,#8767,#8768,#8769),
 .UNSPECIFIED.,.F.,.F.,(4,1,4),(0.,0.00645416010999471,0.0130696730406638),
 .UNSPECIFIED.);
#161=B_SPLINE_CURVE_WITH_KNOTS('',3,(#8771,#8772,#8773,#8774,#8775),
 .UNSPECIFIED.,.F.,.F.,(4,1,4),(0.,0.00740274124667699,0.0149548512586083),
 .UNSPECIFIED.);
#162=B_SPLINE_CURVE_WITH_KNOTS('',3,(#8777,#8778,#8779,#8780,#8781),
 .UNSPECIFIED.,.F.,.F.,(4,1,4),(0.,0.00784002223395319,0.0162332140168903),
 .UNSPECIFIED.);
#163=B_SPLINE_CURVE_WITH_KNOTS('',3,(#8783,#8784,#8785,#8786,#8787),
 .UNSPECIFIED.,.F.,.F.,(4,1,4),(0.,0.00908186839356236,0.0187545827754959),
 .UNSPECIFIED.);
#164=B_SPLINE_CURVE_WITH_KNOTS('',3,(#8789,#8790,#8791,#8792,#8793),
 .UNSPECIFIED.,.F.,.F.,(4,1,4),(0.,0.0105003722481196,0.0200355147632237),
 .UNSPECIFIED.);
#165=B_SPLINE_CURVE_WITH_KNOTS('',3,(#8795,#8796,#8797,#8798,#8799),
 .UNSPECIFIED.,.F.,.F.,(4,1,4),(0.,0.00871852781805957,0.0169760900919146),
 .UNSPECIFIED.);
#166=B_SPLINE_CURVE_WITH_KNOTS('',3,(#8801,#8802,#8803,#8804,#8805),
 .UNSPECIFIED.,.F.,.F.,(4,1,4),(0.,0.00820788647104003,0.0166633644664899),
 .UNSPECIFIED.);
#167=B_SPLINE_CURVE_WITH_KNOTS('',3,(#8809,#8810,#8811,#8812,#8813),
 .UNSPECIFIED.,.F.,.F.,(4,1,4),(0.,0.00861884699506994,0.0162310406262476),
 .UNSPECIFIED.);
#168=B_SPLINE_CURVE_WITH_KNOTS('',3,(#8815,#8816,#8817,#8818,#8819),
 .UNSPECIFIED.,.F.,.F.,(4,1,4),(0.,0.00816027920689554,0.0183535216431603),
 .UNSPECIFIED.);
#169=B_SPLINE_CURVE_WITH_KNOTS('',3,(#8821,#8822,#8823,#8824,#8825),
 .UNSPECIFIED.,.F.,.F.,(4,1,4),(0.,0.0104350046081569,0.0182822235331662),
 .UNSPECIFIED.);
#170=B_SPLINE_CURVE_WITH_KNOTS('',3,(#8827,#8828,#8829,#8830,#8831),
 .UNSPECIFIED.,.F.,.F.,(4,1,4),(0.,0.00636392373346805,0.0122808019739734),
 .UNSPECIFIED.);
#171=B_SPLINE_CURVE_WITH_KNOTS('',3,(#8833,#8834,#8835,#8836,#8837),
 .UNSPECIFIED.,.F.,.F.,(4,1,4),(0.,0.00500659987190571,0.00992150705375728),
 .UNSPECIFIED.);
#172=B_SPLINE_CURVE_WITH_KNOTS('',3,(#8839,#8840,#8841,#8842,#8843),
 .UNSPECIFIED.,.F.,.F.,(4,1,4),(0.,0.00774490784824854,0.0212882182975822),
 .UNSPECIFIED.);
#173=B_SPLINE_CURVE_WITH_KNOTS('',3,(#8845,#8846,#8847,#8848,#8849),
 .UNSPECIFIED.,.F.,.F.,(4,1,4),(0.,0.0140231528745983,0.0230565754620351),
 .UNSPECIFIED.);
#174=B_SPLINE_CURVE_WITH_KNOTS('',3,(#8851,#8852,#8853,#8854,#8855),
 .UNSPECIFIED.,.F.,.F.,(4,1,4),(0.,0.00885423308260165,0.0165932917195132),
 .UNSPECIFIED.);
#175=B_SPLINE_CURVE_WITH_KNOTS('',3,(#8857,#8858,#8859,#8860,#8861),
 .UNSPECIFIED.,.F.,.F.,(4,1,4),(0.,0.00733880195953839,0.0149900085581431),
 .UNSPECIFIED.);
#176=B_SPLINE_CURVE_WITH_KNOTS('',3,(#8863,#8864,#8865,#8866,#8867),
 .UNSPECIFIED.,.F.,.F.,(4,1,4),(0.,0.00783445223692298,0.0158902997269667),
 .UNSPECIFIED.);
#177=B_SPLINE_CURVE_WITH_KNOTS('',3,(#8869,#8870,#8871,#8872,#8873),
 .UNSPECIFIED.,.F.,.F.,(4,1,4),(0.,0.00838953835537713,0.0172975734367438),
 .UNSPECIFIED.);
#178=B_SPLINE_CURVE_WITH_KNOTS('',3,(#8875,#8876,#8877,#8878,#8879),
 .UNSPECIFIED.,.F.,.F.,(4,1,4),(0.,0.00956162774502642,0.0197810268055736),
 .UNSPECIFIED.);
#179=B_SPLINE_CURVE_WITH_KNOTS('',3,(#8881,#8882,#8883,#8884,#8885),
 .UNSPECIFIED.,.F.,.F.,(4,1,4),(0.,0.0125135848399429,0.0232080116898347),
 .UNSPECIFIED.);
#180=B_SPLINE_CURVE_WITH_KNOTS('',3,(#8887,#8888,#8889,#8890,#8891),
 .UNSPECIFIED.,.F.,.F.,(4,1,4),(0.,0.0095678953366164,0.0188857661398752),
 .UNSPECIFIED.);
#181=B_SPLINE_CURVE_WITH_KNOTS('',3,(#8892,#8893,#8894,#8895,#8896),
 .UNSPECIFIED.,.F.,.F.,(4,1,4),(0.,0.00935652509000301,0.0189827202904463),
 .UNSPECIFIED.);
#182=B_SPLINE_CURVE_WITH_KNOTS('',3,(#8911,#8912,#8913,#8914,#8915),
 .UNSPECIFIED.,.F.,.F.,(4,1,4),(0.,0.0117859815664546,0.0205819786485574),
 .UNSPECIFIED.);
#183=B_SPLINE_CURVE_WITH_KNOTS('',3,(#8917,#8918,#8919,#8920,#8921),
 .UNSPECIFIED.,.F.,.F.,(4,1,4),(0.,0.00728376507146287,0.0148428802468005),
 .UNSPECIFIED.);
#184=B_SPLINE_CURVE_WITH_KNOTS('',3,(#8923,#8924,#8925,#8926,#8927),
 .UNSPECIFIED.,.F.,.F.,(4,1,4),(0.,0.00782832716172989,0.01579218502976),
 .UNSPECIFIED.);
#185=B_SPLINE_CURVE_WITH_KNOTS('',3,(#8929,#8930,#8931,#8932,#8933),
 .UNSPECIFIED.,.F.,.F.,(4,1,4),(0.,0.00995571609698656,0.0195924860735804),
 .UNSPECIFIED.);
#186=B_SPLINE_CURVE_WITH_KNOTS('',3,(#8935,#8936,#8937,#8938,#8939),
 .UNSPECIFIED.,.F.,.F.,(4,1,4),(0.,0.0106045062428688,0.0235513951515706),
 .UNSPECIFIED.);
#187=B_SPLINE_CURVE_WITH_KNOTS('',3,(#8941,#8942,#8943,#8944,#8945),
 .UNSPECIFIED.,.F.,.F.,(4,1,4),(0.,0.00525753242319462,0.00942892665751275),
 .UNSPECIFIED.);
#188=B_SPLINE_CURVE_WITH_KNOTS('',3,(#8947,#8948,#8949,#8950,#8951),
 .UNSPECIFIED.,.F.,.F.,(4,1,4),(0.,0.00822739697303921,0.0172834318332906),
 .UNSPECIFIED.);
#189=B_SPLINE_CURVE_WITH_KNOTS('',3,(#8959,#8960,#8961,#8962,#8963),
 .UNSPECIFIED.,.F.,.F.,(4,1,4),(0.,0.00954454728182899,0.0167688346387248),
 .UNSPECIFIED.);
#190=B_SPLINE_CURVE_WITH_KNOTS('',3,(#8965,#8966,#8967,#8968,#8969),
 .UNSPECIFIED.,.F.,.F.,(4,1,4),(0.,0.0053958294566824,0.00950726172973852),
 .UNSPECIFIED.);
#191=B_SPLINE_CURVE_WITH_KNOTS('',3,(#8971,#8972,#8973,#8974,#8975),
 .UNSPECIFIED.,.F.,.F.,(4,1,4),(0.,0.00340317051814799,0.00661999978561125),
 .UNSPECIFIED.);
#192=B_SPLINE_CURVE_WITH_KNOTS('',3,(#8977,#8978,#8979,#8980,#8981),
 .UNSPECIFIED.,.F.,.F.,(4,1,4),(0.,0.00298880082858433,0.00739013680276816),
 .UNSPECIFIED.);
#193=B_SPLINE_CURVE_WITH_KNOTS('',3,(#8991,#8992,#8993,#8994,#8995),
 .UNSPECIFIED.,.F.,.F.,(4,1,4),(0.,0.0125771158844649,0.0235395335610428),
 .UNSPECIFIED.);
#194=B_SPLINE_CURVE_WITH_KNOTS('',3,(#8997,#8998,#8999,#9000,#9001),
 .UNSPECIFIED.,.F.,.F.,(4,1,4),(0.,0.0108017359674658,0.0231243638684863),
 .UNSPECIFIED.);
#195=B_SPLINE_CURVE_WITH_KNOTS('',3,(#9003,#9004,#9005,#9006,#9007),
 .UNSPECIFIED.,.F.,.F.,(4,1,4),(0.,0.0136468716783791,0.0282883731125796),
 .UNSPECIFIED.);
#196=B_SPLINE_CURVE_WITH_KNOTS('',3,(#9009,#9010,#9011,#9012,#9013),
 .UNSPECIFIED.,.F.,.F.,(4,1,4),(0.,0.0128707472969938,0.0245091595978235),
 .UNSPECIFIED.);
#197=B_SPLINE_CURVE_WITH_KNOTS('',3,(#9015,#9016,#9017,#9018,#9019),
 .UNSPECIFIED.,.F.,.F.,(4,1,4),(0.,0.0102912919327267,0.019299366325389),
 .UNSPECIFIED.);
#198=B_SPLINE_CURVE_WITH_KNOTS('',3,(#9021,#9022,#9023,#9024,#9025),
 .UNSPECIFIED.,.F.,.F.,(4,1,4),(0.,0.00831286870762526,0.0164402639635312),
 .UNSPECIFIED.);
#199=B_SPLINE_CURVE_WITH_KNOTS('',3,(#9027,#9028,#9029,#9030,#9031),
 .UNSPECIFIED.,.F.,.F.,(4,1,4),(0.,0.00802928963308699,0.0158161187762421),
 .UNSPECIFIED.);
#200=B_SPLINE_CURVE_WITH_KNOTS('',3,(#9033,#9034,#9035,#9036,#9037),
 .UNSPECIFIED.,.F.,.F.,(4,1,4),(0.,0.00872831445955966,0.019552571064459),
 .UNSPECIFIED.);
#201=B_SPLINE_CURVE_WITH_KNOTS('',3,(#9039,#9040,#9041,#9042,#9043),
 .UNSPECIFIED.,.F.,.F.,(4,1,4),(0.,0.0121799673398244,0.0332377339919647),
 .UNSPECIFIED.);
#202=B_SPLINE_CURVE_WITH_KNOTS('',3,(#9045,#9046,#9047,#9048,#9049),
 .UNSPECIFIED.,.F.,.F.,(4,1,4),(0.,0.0218674062771616,0.0365735762952591),
 .UNSPECIFIED.);
#203=B_SPLINE_CURVE_WITH_KNOTS('',3,(#9051,#9052,#9053,#9054,#9055),
 .UNSPECIFIED.,.F.,.F.,(4,1,4),(0.,0.0135578153425817,0.0257220519524439),
 .UNSPECIFIED.);
#204=B_SPLINE_CURVE_WITH_KNOTS('',3,(#9057,#9058,#9059,#9060,#9061),
 .UNSPECIFIED.,.F.,.F.,(4,1,4),(0.,0.0116174557712196,0.023525378255142),
 .UNSPECIFIED.);
#205=B_SPLINE_CURVE_WITH_KNOTS('',3,(#9063,#9064,#9065,#9066,#9067),
 .UNSPECIFIED.,.F.,.F.,(4,1,4),(0.,0.0133249207981659,0.0269187157609855),
 .UNSPECIFIED.);
#206=B_SPLINE_CURVE_WITH_KNOTS('',3,(#9069,#9070,#9071,#9072,#9073),
 .UNSPECIFIED.,.F.,.F.,(4,1,4),(0.,0.0141120640385307,0.0292198169863654),
 .UNSPECIFIED.);
#207=B_SPLINE_CURVE_WITH_KNOTS('',3,(#9075,#9076,#9077,#9078,#9079),
 .UNSPECIFIED.,.F.,.F.,(4,1,4),(0.,0.0163473510153527,0.033758263278961),
 .UNSPECIFIED.);
#208=B_SPLINE_CURVE_WITH_KNOTS('',3,(#9081,#9082,#9083,#9084,#9085),
 .UNSPECIFIED.,.F.,.F.,(4,1,4),(0.,0.0189006764935816,0.0360639395793587),
 .UNSPECIFIED.);
#209=B_SPLINE_CURVE_WITH_KNOTS('',3,(#9087,#9088,#9089,#9090,#9091),
 .UNSPECIFIED.,.F.,.F.,(4,1,4),(0.,0.0156933086701796,0.0305569406211004),
 .UNSPECIFIED.);
#210=B_SPLINE_CURVE_WITH_KNOTS('',3,(#9093,#9094,#9095,#9096,#9097),
 .UNSPECIFIED.,.F.,.F.,(4,1,4),(0.,0.0147742407248751,0.0299940550753052),
 .UNSPECIFIED.);
#211=B_SPLINE_CURVE_WITH_KNOTS('',3,(#9101,#9102,#9103,#9104,#9105),
 .UNSPECIFIED.,.F.,.F.,(4,1,4),(0.,0.0155138536420639,0.0292157994074492),
 .UNSPECIFIED.);
#212=B_SPLINE_CURVE_WITH_KNOTS('',3,(#9107,#9108,#9109,#9110,#9111),
 .UNSPECIFIED.,.F.,.F.,(4,1,4),(0.,0.0146885397785789,0.0330363876463889),
 .UNSPECIFIED.);
#213=B_SPLINE_CURVE_WITH_KNOTS('',3,(#9113,#9114,#9115,#9116,#9117),
 .UNSPECIFIED.,.F.,.F.,(4,1,4),(0.,0.0187830366744065,0.032908037468449),
 .UNSPECIFIED.);
#214=B_SPLINE_CURVE_WITH_KNOTS('',3,(#9119,#9120,#9121,#9122,#9123),
 .UNSPECIFIED.,.F.,.F.,(4,1,4),(0.,0.0114550134221992,0.0221054494675595),
 .UNSPECIFIED.);
#215=B_SPLINE_CURVE_WITH_KNOTS('',3,(#9125,#9126,#9127,#9128,#9129),
 .UNSPECIFIED.,.F.,.F.,(4,1,4),(0.,0.00901186338551786,0.0178586796439843),
 .UNSPECIFIED.);
#216=B_SPLINE_CURVE_WITH_KNOTS('',3,(#9131,#9132,#9133,#9134,#9135),
 .UNSPECIFIED.,.F.,.F.,(4,1,4),(0.,0.0139408404559251,0.0383188218665566),
 .UNSPECIFIED.);
#217=B_SPLINE_CURVE_WITH_KNOTS('',3,(#9137,#9138,#9139,#9140,#9141),
 .UNSPECIFIED.,.F.,.F.,(4,1,4),(0.,0.0252416679730182,0.0415018175920384),
 .UNSPECIFIED.);
#218=B_SPLINE_CURVE_WITH_KNOTS('',3,(#9143,#9144,#9145,#9146,#9147),
 .UNSPECIFIED.,.F.,.F.,(4,1,4),(0.,0.0159376175110042,0.0298679355675949),
 .UNSPECIFIED.);
#219=B_SPLINE_CURVE_WITH_KNOTS('',3,(#9149,#9150,#9151,#9152,#9153),
 .UNSPECIFIED.,.F.,.F.,(4,1,4),(0.,0.0132098590603044,0.0269820043647605),
 .UNSPECIFIED.);
#220=B_SPLINE_CURVE_WITH_KNOTS('',3,(#9155,#9156,#9157,#9158,#9159),
 .UNSPECIFIED.,.F.,.F.,(4,1,4),(0.,0.0141020018924183,0.0286025248383787),
 .UNSPECIFIED.);
#221=B_SPLINE_CURVE_WITH_KNOTS('',3,(#9161,#9162,#9163,#9164,#9165),
 .UNSPECIFIED.,.F.,.F.,(4,1,4),(0.,0.0151011304208513,0.0311356346164896),
 .UNSPECIFIED.);
#222=B_SPLINE_CURVE_WITH_KNOTS('',3,(#9167,#9168,#9169,#9170,#9171),
 .UNSPECIFIED.,.F.,.F.,(4,1,4),(0.,0.0172109544602966,0.0356058679801407),
 .UNSPECIFIED.);
#223=B_SPLINE_CURVE_WITH_KNOTS('',3,(#9173,#9174,#9175,#9176,#9177),
 .UNSPECIFIED.,.F.,.F.,(4,1,4),(0.,0.022524420176052,0.0417744180267266),
 .UNSPECIFIED.);
#224=B_SPLINE_CURVE_WITH_KNOTS('',3,(#9179,#9180,#9181,#9182,#9183),
 .UNSPECIFIED.,.F.,.F.,(4,1,4),(0.,0.01722222287749,0.0339943848417731),
 .UNSPECIFIED.);
#225=B_SPLINE_CURVE_WITH_KNOTS('',3,(#9184,#9185,#9186,#9187,#9188),
 .UNSPECIFIED.,.F.,.F.,(4,1,4),(0.,0.0168417234267376,0.0341688998761806),
 .UNSPECIFIED.);
#226=B_SPLINE_CURVE_WITH_KNOTS('',3,(#9195,#9196,#9197,#9198,#9199),
 .UNSPECIFIED.,.F.,.F.,(4,1,4),(0.,0.00664428604625592,0.0144038966738343),
 .UNSPECIFIED.);
#227=B_SPLINE_CURVE_WITH_KNOTS('',3,(#9201,#9202,#9203,#9204,#9205),
 .UNSPECIFIED.,.F.,.F.,(4,1,4),(0.,0.00776789490511727,0.0144127598186581),
 .UNSPECIFIED.);
#228=B_SPLINE_CURVE_WITH_KNOTS('',3,(#9209,#9210,#9211,#9212,#9213),
 .UNSPECIFIED.,.F.,.F.,(4,1,4),(0.,0.011037939405455,0.0215498994870205),
 .UNSPECIFIED.);
#229=B_SPLINE_CURVE_WITH_KNOTS('',3,(#9215,#9216,#9217,#9218,#9219),
 .UNSPECIFIED.,.F.,.F.,(4,1,4),(0.,0.00945491957087446,0.0173347623546313),
 .UNSPECIFIED.);
#230=B_SPLINE_CURVE_WITH_KNOTS('',3,(#9307,#9308,#9309,#9310,#9311),
 .UNSPECIFIED.,.F.,.F.,(4,1,4),(0.,0.011785974553875,0.0205819699242665),
 .UNSPECIFIED.);
#231=B_SPLINE_CURVE_WITH_KNOTS('',3,(#9313,#9314,#9315,#9316,#9317),
 .UNSPECIFIED.,.F.,.F.,(4,1,4),(0.,0.00728375866959621,0.0148428738449339),
 .UNSPECIFIED.);
#232=B_SPLINE_CURVE_WITH_KNOTS('',3,(#9319,#9320,#9321,#9322,#9323),
 .UNSPECIFIED.,.F.,.F.,(4,1,4),(0.,0.00782832626904671,0.0157921915238233),
 .UNSPECIFIED.);
#233=B_SPLINE_CURVE_WITH_KNOTS('',3,(#9325,#9326,#9327,#9328,#9329),
 .UNSPECIFIED.,.F.,.F.,(4,1,4),(0.,0.00995571738595971,0.0195924873625536),
 .UNSPECIFIED.);
#234=B_SPLINE_CURVE_WITH_KNOTS('',3,(#9331,#9332,#9333,#9334,#9335),
 .UNSPECIFIED.,.F.,.F.,(4,1,4),(0.,0.0106045124012772,0.0235513869035223),
 .UNSPECIFIED.);
#235=B_SPLINE_CURVE_WITH_KNOTS('',3,(#9337,#9338,#9339,#9340,#9341),
 .UNSPECIFIED.,.F.,.F.,(4,1,4),(0.,0.00525753242319462,0.00942891465664243),
 .UNSPECIFIED.);
#236=B_SPLINE_CURVE_WITH_KNOTS('',3,(#9343,#9344,#9345,#9346,#9347),
 .UNSPECIFIED.,.F.,.F.,(4,1,4),(0.,0.00822739186137659,0.017283429485531),
 .UNSPECIFIED.);
#237=B_SPLINE_CURVE_WITH_KNOTS('',3,(#9355,#9356,#9357,#9358,#9359),
 .UNSPECIFIED.,.F.,.F.,(4,1,4),(0.,0.00954455553521588,0.0167688340984109),
 .UNSPECIFIED.);
#238=B_SPLINE_CURVE_WITH_KNOTS('',3,(#9361,#9362,#9363,#9364,#9365),
 .UNSPECIFIED.,.F.,.F.,(4,1,4),(0.,0.00539583506089559,0.00950725781573107),
 .UNSPECIFIED.);
#239=B_SPLINE_CURVE_WITH_KNOTS('',3,(#9367,#9368,#9369,#9370,#9371),
 .UNSPECIFIED.,.F.,.F.,(4,1,4),(0.,0.00340318362256741,0.00662001529935368),
 .UNSPECIFIED.);
#240=B_SPLINE_CURVE_WITH_KNOTS('',3,(#9373,#9374,#9375,#9376,#9377),
 .UNSPECIFIED.,.F.,.F.,(4,1,4),(0.,0.00298879343168104,0.00739013685370462),
 .UNSPECIFIED.);
#241=B_SPLINE_CURVE_WITH_KNOTS('',3,(#9412,#9413,#9414,#9415,#9416),
 .UNSPECIFIED.,.F.,.F.,(4,1,4),(-0.0130775157674214,-0.00698727781156835,
0.),.UNSPECIFIED.);
#242=B_SPLINE_CURVE_WITH_KNOTS('',3,(#9429,#9430,#9431,#9432,#9433),
 .UNSPECIFIED.,.F.,.F.,(4,1,4),(-0.0128468771359828,-0.00600098081164001,
0.),.UNSPECIFIED.);
#243=B_SPLINE_CURVE_WITH_KNOTS('',3,(#9446,#9447,#9448,#9449,#9450),
 .UNSPECIFIED.,.F.,.F.,(4,1,4),(-0.0157157508613756,-0.00758158369991772,
0.),.UNSPECIFIED.);
#244=B_SPLINE_CURVE_WITH_KNOTS('',3,(#9463,#9464,#9465,#9466,#9467),
 .UNSPECIFIED.,.F.,.F.,(4,1,4),(-0.0136161832444103,-0.00715041833578715,
0.),.UNSPECIFIED.);
#245=B_SPLINE_CURVE_WITH_KNOTS('',3,(#9480,#9481,#9482,#9483,#9484),
 .UNSPECIFIED.,.F.,.F.,(4,1,4),(-0.0107219019465228,-0.00571740576069073,
0.),.UNSPECIFIED.);
#246=B_SPLINE_CURVE_WITH_KNOTS('',3,(#9497,#9498,#9499,#9500,#9501),
 .UNSPECIFIED.,.F.,.F.,(4,1,4),(-0.00913345619295543,-0.00461826845405993,
0.),.UNSPECIFIED.);
#247=B_SPLINE_CURVE_WITH_KNOTS('',3,(#9514,#9515,#9516,#9517,#9518),
 .UNSPECIFIED.,.F.,.F.,(4,1,4),(-0.00878674890208407,-0.00446073395477923,
0.),.UNSPECIFIED.);
#248=B_SPLINE_CURVE_WITH_KNOTS('',3,(#9531,#9532,#9533,#9534,#9535),
 .UNSPECIFIED.,.F.,.F.,(4,1,4),(-0.0108625337841193,-0.00484906826429105,
0.),.UNSPECIFIED.);
#249=B_SPLINE_CURVE_WITH_KNOTS('',3,(#9548,#9549,#9550,#9551,#9552),
 .UNSPECIFIED.,.F.,.F.,(4,1,4),(-0.0184654109673482,-0.00676664602275246,
0.),.UNSPECIFIED.);
#250=B_SPLINE_CURVE_WITH_KNOTS('',3,(#9565,#9566,#9567,#9568,#9569),
 .UNSPECIFIED.,.F.,.F.,(4,1,4),(-0.0203186487270608,-0.0121485426090103,
0.),.UNSPECIFIED.);
#251=B_SPLINE_CURVE_WITH_KNOTS('',3,(#9582,#9583,#9584,#9585,#9586),
 .UNSPECIFIED.,.F.,.F.,(4,1,4),(-0.0142900188746836,-0.00753213199944152,
0.),.UNSPECIFIED.);
#252=B_SPLINE_CURVE_WITH_KNOTS('',3,(#9599,#9600,#9601,#9602,#9603),
 .UNSPECIFIED.,.F.,.F.,(4,1,4),(-0.0130696730406638,-0.00645416010999471,
0.),.UNSPECIFIED.);
#253=B_SPLINE_CURVE_WITH_KNOTS('',3,(#9616,#9617,#9618,#9619,#9620),
 .UNSPECIFIED.,.F.,.F.,(4,1,4),(-0.0149548512586083,-0.00740274124667699,
0.),.UNSPECIFIED.);
#254=B_SPLINE_CURVE_WITH_KNOTS('',3,(#9633,#9634,#9635,#9636,#9637),
 .UNSPECIFIED.,.F.,.F.,(4,1,4),(-0.0162332140168903,-0.00784002223395319,
0.),.UNSPECIFIED.);
#255=B_SPLINE_CURVE_WITH_KNOTS('',3,(#9650,#9651,#9652,#9653,#9654),
 .UNSPECIFIED.,.F.,.F.,(4,1,4),(-0.0187545827754959,-0.00908186839356236,
0.),.UNSPECIFIED.);
#256=B_SPLINE_CURVE_WITH_KNOTS('',3,(#9667,#9668,#9669,#9670,#9671),
 .UNSPECIFIED.,.F.,.F.,(4,1,4),(-0.0200355147632237,-0.0105003722481196,
0.),.UNSPECIFIED.);
#257=B_SPLINE_CURVE_WITH_KNOTS('',3,(#9684,#9685,#9686,#9687,#9688),
 .UNSPECIFIED.,.F.,.F.,(4,1,4),(-0.0169760900919146,-0.00871852781805957,
0.),.UNSPECIFIED.);
#258=B_SPLINE_CURVE_WITH_KNOTS('',3,(#9701,#9702,#9703,#9704,#9705),
 .UNSPECIFIED.,.F.,.F.,(4,1,4),(-0.0166633644664899,-0.00820788647104003,
0.),.UNSPECIFIED.);
#259=B_SPLINE_CURVE_WITH_KNOTS('',3,(#9722,#9723,#9724,#9725,#9726),
 .UNSPECIFIED.,.F.,.F.,(4,1,4),(-0.0162310406262476,-0.00861884699506994,
0.),.UNSPECIFIED.);
#260=B_SPLINE_CURVE_WITH_KNOTS('',3,(#9739,#9740,#9741,#9742,#9743),
 .UNSPECIFIED.,.F.,.F.,(4,1,4),(-0.0183535216431603,-0.00816027920689554,
0.),.UNSPECIFIED.);
#261=B_SPLINE_CURVE_WITH_KNOTS('',3,(#9756,#9757,#9758,#9759,#9760),
 .UNSPECIFIED.,.F.,.F.,(4,1,4),(-0.0182822235331662,-0.0104350046081569,
0.),.UNSPECIFIED.);
#262=B_SPLINE_CURVE_WITH_KNOTS('',3,(#9773,#9774,#9775,#9776,#9777),
 .UNSPECIFIED.,.F.,.F.,(4,1,4),(-0.0122808019739734,-0.00636392373346805,
0.),.UNSPECIFIED.);
#263=B_SPLINE_CURVE_WITH_KNOTS('',3,(#9790,#9791,#9792,#9793,#9794),
 .UNSPECIFIED.,.F.,.F.,(4,1,4),(-0.00992150705375728,-0.00500659987190571,
0.),.UNSPECIFIED.);
#264=B_SPLINE_CURVE_WITH_KNOTS('',3,(#9807,#9808,#9809,#9810,#9811),
 .UNSPECIFIED.,.F.,.F.,(4,1,4),(-0.0212882182975822,-0.00774490784824854,
0.),.UNSPECIFIED.);
#265=B_SPLINE_CURVE_WITH_KNOTS('',3,(#9824,#9825,#9826,#9827,#9828),
 .UNSPECIFIED.,.F.,.F.,(4,1,4),(-0.0230565754620351,-0.0140231528745983,
0.),.UNSPECIFIED.);
#266=B_SPLINE_CURVE_WITH_KNOTS('',3,(#9841,#9842,#9843,#9844,#9845),
 .UNSPECIFIED.,.F.,.F.,(4,1,4),(-0.0165932917195132,-0.00885423308260165,
0.),.UNSPECIFIED.);
#267=B_SPLINE_CURVE_WITH_KNOTS('',3,(#9858,#9859,#9860,#9861,#9862),
 .UNSPECIFIED.,.F.,.F.,(4,1,4),(-0.0149900085581431,-0.00733880195953839,
0.),.UNSPECIFIED.);
#268=B_SPLINE_CURVE_WITH_KNOTS('',3,(#9875,#9876,#9877,#9878,#9879),
 .UNSPECIFIED.,.F.,.F.,(4,1,4),(-0.0158902997269667,-0.00783445223692298,
0.),.UNSPECIFIED.);
#269=B_SPLINE_CURVE_WITH_KNOTS('',3,(#9892,#9893,#9894,#9895,#9896),
 .UNSPECIFIED.,.F.,.F.,(4,1,4),(-0.0172975734367438,-0.00838953835537713,
0.),.UNSPECIFIED.);
#270=B_SPLINE_CURVE_WITH_KNOTS('',3,(#9909,#9910,#9911,#9912,#9913),
 .UNSPECIFIED.,.F.,.F.,(4,1,4),(-0.0197810268055736,-0.00956162774502642,
0.),.UNSPECIFIED.);
#271=B_SPLINE_CURVE_WITH_KNOTS('',3,(#9926,#9927,#9928,#9929,#9930),
 .UNSPECIFIED.,.F.,.F.,(4,1,4),(-0.0232080116898347,-0.0125135848399429,
0.),.UNSPECIFIED.);
#272=B_SPLINE_CURVE_WITH_KNOTS('',3,(#9943,#9944,#9945,#9946,#9947),
 .UNSPECIFIED.,.F.,.F.,(4,1,4),(-0.0188857661398752,-0.0095678953366164,
0.),.UNSPECIFIED.);
#273=B_SPLINE_CURVE_WITH_KNOTS('',3,(#9959,#9960,#9961,#9962,#9963),
 .UNSPECIFIED.,.F.,.F.,(4,1,4),(-0.0189827202904463,-0.00935652509000301,
0.),.UNSPECIFIED.);
#274=B_SPLINE_CURVE_WITH_KNOTS('',3,(#10002,#10003,#10004,#10005,#10006),
 .UNSPECIFIED.,.F.,.F.,(4,1,4),(0.,0.00809681667614879,0.0143618776672304),
 .UNSPECIFIED.);
#275=B_SPLINE_CURVE_WITH_KNOTS('',3,(#10008,#10009,#10010,#10011,#10012),
 .UNSPECIFIED.,.F.,.F.,(4,1,4),(-0.0143618776672304,-0.00809681667614879,
0.),.UNSPECIFIED.);
#276=B_SPLINE_CURVE_WITH_KNOTS('',3,(#10025,#10026,#10027,#10028,#10029),
 .UNSPECIFIED.,.F.,.F.,(4,1,4),(0.,0.00512008029133945,0.00995985220124947),
 .UNSPECIFIED.);
#277=B_SPLINE_CURVE_WITH_KNOTS('',3,(#10031,#10032,#10033,#10034,#10035),
 .UNSPECIFIED.,.F.,.F.,(4,1,4),(-0.00995985220124947,-0.00512008029133945,
0.),.UNSPECIFIED.);
#278=B_SPLINE_CURVE_WITH_KNOTS('',3,(#10048,#10049,#10050,#10051,#10052),
 .UNSPECIFIED.,.F.,.F.,(4,1,4),(0.,0.00474574058207079,0.00945697552397522),
 .UNSPECIFIED.);
#279=B_SPLINE_CURVE_WITH_KNOTS('',3,(#10054,#10055,#10056,#10057,#10058),
 .UNSPECIFIED.,.F.,.F.,(4,1,4),(-0.00945697552397522,-0.00474574058207079,
0.),.UNSPECIFIED.);
#280=B_SPLINE_CURVE_WITH_KNOTS('',3,(#10071,#10072,#10073,#10074,#10075),
 .UNSPECIFIED.,.F.,.F.,(4,1,4),(0.,0.00659015769019632,0.013068744182565),
 .UNSPECIFIED.);
#281=B_SPLINE_CURVE_WITH_KNOTS('',3,(#10077,#10078,#10079,#10080,#10081),
 .UNSPECIFIED.,.F.,.F.,(4,1,4),(-0.013068744182565,-0.00659015769019632,
0.),.UNSPECIFIED.);
#282=B_SPLINE_CURVE_WITH_KNOTS('',3,(#10094,#10095,#10096,#10097,#10098),
 .UNSPECIFIED.,.F.,.F.,(4,1,4),(0.,0.00747450260928687,0.0171686085031412),
 .UNSPECIFIED.);
#283=B_SPLINE_CURVE_WITH_KNOTS('',3,(#10100,#10101,#10102,#10103,#10104),
 .UNSPECIFIED.,.F.,.F.,(4,1,4),(-0.0171686085031412,-0.00747450260928687,
0.),.UNSPECIFIED.);
#284=B_SPLINE_CURVE_WITH_KNOTS('',3,(#10136,#10137,#10138,#10139,#10140),
 .UNSPECIFIED.,.F.,.F.,(4,1,4),(-0.0205819699242665,-0.011785974553875,
0.),.UNSPECIFIED.);
#285=B_SPLINE_CURVE_WITH_KNOTS('',3,(#10153,#10154,#10155,#10156,#10157),
 .UNSPECIFIED.,.F.,.F.,(4,1,4),(-0.0148428738449339,-0.00728375866959621,
0.),.UNSPECIFIED.);
#286=B_SPLINE_CURVE_WITH_KNOTS('',3,(#10170,#10171,#10172,#10173,#10174),
 .UNSPECIFIED.,.F.,.F.,(4,1,4),(-0.0157921915238233,-0.00782832626904671,
0.),.UNSPECIFIED.);
#287=B_SPLINE_CURVE_WITH_KNOTS('',3,(#10187,#10188,#10189,#10190,#10191),
 .UNSPECIFIED.,.F.,.F.,(4,1,4),(-0.0195924873625536,-0.00995571738595971,
0.),.UNSPECIFIED.);
#288=B_SPLINE_CURVE_WITH_KNOTS('',3,(#10204,#10205,#10206,#10207,#10208),
 .UNSPECIFIED.,.F.,.F.,(4,1,4),(-0.0235513869035223,-0.0106045124012772,
0.),.UNSPECIFIED.);
#289=B_SPLINE_CURVE_WITH_KNOTS('',3,(#10221,#10222,#10223,#10224,#10225),
 .UNSPECIFIED.,.F.,.F.,(4,1,4),(-0.00942891465664243,-0.00525753242319462,
0.),.UNSPECIFIED.);
#290=B_SPLINE_CURVE_WITH_KNOTS('',3,(#10238,#10239,#10240,#10241,#10242),
 .UNSPECIFIED.,.F.,.F.,(4,1,4),(-0.017283429485531,-0.00822739186137659,
0.),.UNSPECIFIED.);
#291=B_SPLINE_CURVE_WITH_KNOTS('',3,(#10267,#10268,#10269,#10270,#10271),
 .UNSPECIFIED.,.F.,.F.,(4,1,4),(-0.0167688340984109,-0.00954455553521588,
0.),.UNSPECIFIED.);
#292=B_SPLINE_CURVE_WITH_KNOTS('',3,(#10284,#10285,#10286,#10287,#10288),
 .UNSPECIFIED.,.F.,.F.,(4,1,4),(-0.00950725781573107,-0.00539583506089559,
0.),.UNSPECIFIED.);
#293=B_SPLINE_CURVE_WITH_KNOTS('',3,(#10301,#10302,#10303,#10304,#10305),
 .UNSPECIFIED.,.F.,.F.,(4,1,4),(-0.00662001529935368,-0.00340318362256741,
0.),.UNSPECIFIED.);
#294=B_SPLINE_CURVE_WITH_KNOTS('',3,(#10318,#10319,#10320,#10321,#10322),
 .UNSPECIFIED.,.F.,.F.,(4,1,4),(-0.00739013685370462,-0.00298879343168104,
0.),.UNSPECIFIED.);
#295=B_SPLINE_CURVE_WITH_KNOTS('',3,(#10373,#10374,#10375,#10376,#10377),
 .UNSPECIFIED.,.F.,.F.,(4,1,4),(0.,0.00809681667614879,0.0143618776672304),
 .UNSPECIFIED.);
#296=B_SPLINE_CURVE_WITH_KNOTS('',3,(#10379,#10380,#10381,#10382,#10383),
 .UNSPECIFIED.,.F.,.F.,(4,1,4),(-0.0143618776672304,-0.00809681667614879,
0.),.UNSPECIFIED.);
#297=B_SPLINE_CURVE_WITH_KNOTS('',3,(#10396,#10397,#10398,#10399,#10400),
 .UNSPECIFIED.,.F.,.F.,(4,1,4),(0.,0.00512007674275137,0.00995985413943144),
 .UNSPECIFIED.);
#298=B_SPLINE_CURVE_WITH_KNOTS('',3,(#10402,#10403,#10404,#10405,#10406),
 .UNSPECIFIED.,.F.,.F.,(4,1,4),(-0.00995985413943144,-0.00512007674275137,
0.),.UNSPECIFIED.);
#299=B_SPLINE_CURVE_WITH_KNOTS('',3,(#10419,#10420,#10421,#10422,#10423),
 .UNSPECIFIED.,.F.,.F.,(4,1,4),(0.,0.00474574058207079,0.00945697552397522),
 .UNSPECIFIED.);
#300=B_SPLINE_CURVE_WITH_KNOTS('',3,(#10425,#10426,#10427,#10428,#10429),
 .UNSPECIFIED.,.F.,.F.,(4,1,4),(-0.00945697552397522,-0.00474574058207079,
0.),.UNSPECIFIED.);
#301=B_SPLINE_CURVE_WITH_KNOTS('',3,(#10442,#10443,#10444,#10445,#10446),
 .UNSPECIFIED.,.F.,.F.,(4,1,4),(0.,0.00659015769019632,0.0130687486246258),
 .UNSPECIFIED.);
#302=B_SPLINE_CURVE_WITH_KNOTS('',3,(#10448,#10449,#10450,#10451,#10452),
 .UNSPECIFIED.,.F.,.F.,(4,1,4),(-0.0130687486246258,-0.00659015769019632,
0.),.UNSPECIFIED.);
#303=B_SPLINE_CURVE_WITH_KNOTS('',3,(#10465,#10466,#10467,#10468,#10469),
 .UNSPECIFIED.,.F.,.F.,(4,1,4),(0.,0.0074745060260113,0.0171686110417264),
 .UNSPECIFIED.);
#304=B_SPLINE_CURVE_WITH_KNOTS('',3,(#10471,#10472,#10473,#10474,#10475),
 .UNSPECIFIED.,.F.,.F.,(4,1,4),(-0.0171686110417264,-0.0074745060260113,
0.),.UNSPECIFIED.);
#305=B_SPLINE_CURVE_WITH_KNOTS('',3,(#10507,#10508,#10509,#10510,#10511),
 .UNSPECIFIED.,.F.,.F.,(4,1,4),(-0.0205819786485574,-0.0117859815664546,
0.),.UNSPECIFIED.);
#306=B_SPLINE_CURVE_WITH_KNOTS('',3,(#10524,#10525,#10526,#10527,#10528),
 .UNSPECIFIED.,.F.,.F.,(4,1,4),(-0.0148428802468005,-0.00728376507146287,
0.),.UNSPECIFIED.);
#307=B_SPLINE_CURVE_WITH_KNOTS('',3,(#10541,#10542,#10543,#10544,#10545),
 .UNSPECIFIED.,.F.,.F.,(4,1,4),(-0.01579218502976,-0.00782832716172989,
0.),.UNSPECIFIED.);
#308=B_SPLINE_CURVE_WITH_KNOTS('',3,(#10558,#10559,#10560,#10561,#10562),
 .UNSPECIFIED.,.F.,.F.,(4,1,4),(-0.0195924860735804,-0.00995571609698656,
0.),.UNSPECIFIED.);
#309=B_SPLINE_CURVE_WITH_KNOTS('',3,(#10575,#10576,#10577,#10578,#10579),
 .UNSPECIFIED.,.F.,.F.,(4,1,4),(-0.0235513951515706,-0.0106045062428688,
0.),.UNSPECIFIED.);
#310=B_SPLINE_CURVE_WITH_KNOTS('',3,(#10592,#10593,#10594,#10595,#10596),
 .UNSPECIFIED.,.F.,.F.,(4,1,4),(-0.00942892665751275,-0.00525753242319462,
0.),.UNSPECIFIED.);
#311=B_SPLINE_CURVE_WITH_KNOTS('',3,(#10609,#10610,#10611,#10612,#10613),
 .UNSPECIFIED.,.F.,.F.,(4,1,4),(-0.0172834318332906,-0.00822739697303921,
0.),.UNSPECIFIED.);
#312=B_SPLINE_CURVE_WITH_KNOTS('',3,(#10638,#10639,#10640,#10641,#10642),
 .UNSPECIFIED.,.F.,.F.,(4,1,4),(-0.0167688346387248,-0.00954454728182899,
0.),.UNSPECIFIED.);
#313=B_SPLINE_CURVE_WITH_KNOTS('',3,(#10655,#10656,#10657,#10658,#10659),
 .UNSPECIFIED.,.F.,.F.,(4,1,4),(-0.00950726172973852,-0.0053958294566824,
0.),.UNSPECIFIED.);
#314=B_SPLINE_CURVE_WITH_KNOTS('',3,(#10672,#10673,#10674,#10675,#10676),
 .UNSPECIFIED.,.F.,.F.,(4,1,4),(-0.00661999978561125,-0.00340317051814799,
0.),.UNSPECIFIED.);
#315=B_SPLINE_CURVE_WITH_KNOTS('',3,(#10689,#10690,#10691,#10692,#10693),
 .UNSPECIFIED.,.F.,.F.,(4,1,4),(-0.00739013680276816,-0.00298880082858433,
0.),.UNSPECIFIED.);
#316=B_SPLINE_CURVE_WITH_KNOTS('',3,(#10724,#10725,#10726,#10727,#10728),
 .UNSPECIFIED.,.F.,.F.,(4,1,4),(-0.0235395335610428,-0.0125771158844649,
0.),.UNSPECIFIED.);
#317=B_SPLINE_CURVE_WITH_KNOTS('',3,(#10741,#10742,#10743,#10744,#10745),
 .UNSPECIFIED.,.F.,.F.,(4,1,4),(-0.0231243638684863,-0.0108017359674658,
0.),.UNSPECIFIED.);
#318=B_SPLINE_CURVE_WITH_KNOTS('',3,(#10758,#10759,#10760,#10761,#10762),
 .UNSPECIFIED.,.F.,.F.,(4,1,4),(-0.0282883731125796,-0.0136468716783791,
0.),.UNSPECIFIED.);
#319=B_SPLINE_CURVE_WITH_KNOTS('',3,(#10775,#10776,#10777,#10778,#10779),
 .UNSPECIFIED.,.F.,.F.,(4,1,4),(-0.0245091595978235,-0.0128707472969938,
0.),.UNSPECIFIED.);
#320=B_SPLINE_CURVE_WITH_KNOTS('',3,(#10792,#10793,#10794,#10795,#10796),
 .UNSPECIFIED.,.F.,.F.,(4,1,4),(-0.019299366325389,-0.0102912919327267,
0.),.UNSPECIFIED.);
#321=B_SPLINE_CURVE_WITH_KNOTS('',3,(#10809,#10810,#10811,#10812,#10813),
 .UNSPECIFIED.,.F.,.F.,(4,1,4),(-0.0164402639635312,-0.00831286870762526,
0.),.UNSPECIFIED.);
#322=B_SPLINE_CURVE_WITH_KNOTS('',3,(#10826,#10827,#10828,#10829,#10830),
 .UNSPECIFIED.,.F.,.F.,(4,1,4),(-0.0158161187762421,-0.00802928963308699,
0.),.UNSPECIFIED.);
#323=B_SPLINE_CURVE_WITH_KNOTS('',3,(#10843,#10844,#10845,#10846,#10847),
 .UNSPECIFIED.,.F.,.F.,(4,1,4),(-0.019552571064459,-0.00872831445955966,
0.),.UNSPECIFIED.);
#324=B_SPLINE_CURVE_WITH_KNOTS('',3,(#10860,#10861,#10862,#10863,#10864),
 .UNSPECIFIED.,.F.,.F.,(4,1,4),(-0.0332377339919647,-0.0121799673398244,
0.),.UNSPECIFIED.);
#325=B_SPLINE_CURVE_WITH_KNOTS('',3,(#10877,#10878,#10879,#10880,#10881),
 .UNSPECIFIED.,.F.,.F.,(4,1,4),(-0.0365735762952591,-0.0218674062771616,
0.),.UNSPECIFIED.);
#326=B_SPLINE_CURVE_WITH_KNOTS('',3,(#10894,#10895,#10896,#10897,#10898),
 .UNSPECIFIED.,.F.,.F.,(4,1,4),(-0.0257220519524439,-0.0135578153425817,
0.),.UNSPECIFIED.);
#327=B_SPLINE_CURVE_WITH_KNOTS('',3,(#10911,#10912,#10913,#10914,#10915),
 .UNSPECIFIED.,.F.,.F.,(4,1,4),(-0.023525378255142,-0.0116174557712196,
0.),.UNSPECIFIED.);
#328=B_SPLINE_CURVE_WITH_KNOTS('',3,(#10928,#10929,#10930,#10931,#10932),
 .UNSPECIFIED.,.F.,.F.,(4,1,4),(-0.0269187157609855,-0.0133249207981659,
0.),.UNSPECIFIED.);
#329=B_SPLINE_CURVE_WITH_KNOTS('',3,(#10945,#10946,#10947,#10948,#10949),
 .UNSPECIFIED.,.F.,.F.,(4,1,4),(-0.0292198169863654,-0.0141120640385307,
0.),.UNSPECIFIED.);
#330=B_SPLINE_CURVE_WITH_KNOTS('',3,(#10962,#10963,#10964,#10965,#10966),
 .UNSPECIFIED.,.F.,.F.,(4,1,4),(-0.033758263278961,-0.0163473510153527,
0.),.UNSPECIFIED.);
#331=B_SPLINE_CURVE_WITH_KNOTS('',3,(#10979,#10980,#10981,#10982,#10983),
 .UNSPECIFIED.,.F.,.F.,(4,1,4),(-0.0360639395793587,-0.0189006764935816,
0.),.UNSPECIFIED.);
#332=B_SPLINE_CURVE_WITH_KNOTS('',3,(#10996,#10997,#10998,#10999,#11000),
 .UNSPECIFIED.,.F.,.F.,(4,1,4),(-0.0305569406211004,-0.0156933086701796,
0.),.UNSPECIFIED.);
#333=B_SPLINE_CURVE_WITH_KNOTS('',3,(#11013,#11014,#11015,#11016,#11017),
 .UNSPECIFIED.,.F.,.F.,(4,1,4),(-0.0299940550753052,-0.0147742407248751,
0.),.UNSPECIFIED.);
#334=B_SPLINE_CURVE_WITH_KNOTS('',3,(#11034,#11035,#11036,#11037,#11038),
 .UNSPECIFIED.,.F.,.F.,(4,1,4),(-0.0292157994074492,-0.0155138536420639,
0.),.UNSPECIFIED.);
#335=B_SPLINE_CURVE_WITH_KNOTS('',3,(#11051,#11052,#11053,#11054,#11055),
 .UNSPECIFIED.,.F.,.F.,(4,1,4),(-0.0330363876463889,-0.0146885397785789,
0.),.UNSPECIFIED.);
#336=B_SPLINE_CURVE_WITH_KNOTS('',3,(#11068,#11069,#11070,#11071,#11072),
 .UNSPECIFIED.,.F.,.F.,(4,1,4),(-0.032908037468449,-0.0187830366744065,
0.),.UNSPECIFIED.);
#337=B_SPLINE_CURVE_WITH_KNOTS('',3,(#11085,#11086,#11087,#11088,#11089),
 .UNSPECIFIED.,.F.,.F.,(4,1,4),(-0.0221054494675595,-0.0114550134221992,
0.),.UNSPECIFIED.);
#338=B_SPLINE_CURVE_WITH_KNOTS('',3,(#11102,#11103,#11104,#11105,#11106),
 .UNSPECIFIED.,.F.,.F.,(4,1,4),(-0.0178586796439843,-0.00901186338551786,
0.),.UNSPECIFIED.);
#339=B_SPLINE_CURVE_WITH_KNOTS('',3,(#11119,#11120,#11121,#11122,#11123),
 .UNSPECIFIED.,.F.,.F.,(4,1,4),(-0.0383188218665566,-0.0139408404559251,
0.),.UNSPECIFIED.);
#340=B_SPLINE_CURVE_WITH_KNOTS('',3,(#11136,#11137,#11138,#11139,#11140),
 .UNSPECIFIED.,.F.,.F.,(4,1,4),(-0.0415018175920384,-0.0252416679730182,
0.),.UNSPECIFIED.);
#341=B_SPLINE_CURVE_WITH_KNOTS('',3,(#11153,#11154,#11155,#11156,#11157),
 .UNSPECIFIED.,.F.,.F.,(4,1,4),(-0.0298679355675949,-0.0159376175110042,
0.),.UNSPECIFIED.);
#342=B_SPLINE_CURVE_WITH_KNOTS('',3,(#11170,#11171,#11172,#11173,#11174),
 .UNSPECIFIED.,.F.,.F.,(4,1,4),(-0.0269820043647605,-0.0132098590603044,
0.),.UNSPECIFIED.);
#343=B_SPLINE_CURVE_WITH_KNOTS('',3,(#11187,#11188,#11189,#11190,#11191),
 .UNSPECIFIED.,.F.,.F.,(4,1,4),(-0.0286025248383787,-0.0141020018924183,
0.),.UNSPECIFIED.);
#344=B_SPLINE_CURVE_WITH_KNOTS('',3,(#11204,#11205,#11206,#11207,#11208),
 .UNSPECIFIED.,.F.,.F.,(4,1,4),(-0.0311356346164896,-0.0151011304208513,
0.),.UNSPECIFIED.);
#345=B_SPLINE_CURVE_WITH_KNOTS('',3,(#11221,#11222,#11223,#11224,#11225),
 .UNSPECIFIED.,.F.,.F.,(4,1,4),(-0.0356058679801407,-0.0172109544602966,
0.),.UNSPECIFIED.);
#346=B_SPLINE_CURVE_WITH_KNOTS('',3,(#11238,#11239,#11240,#11241,#11242),
 .UNSPECIFIED.,.F.,.F.,(4,1,4),(-0.0417744180267266,-0.022524420176052,
0.),.UNSPECIFIED.);
#347=B_SPLINE_CURVE_WITH_KNOTS('',3,(#11255,#11256,#11257,#11258,#11259),
 .UNSPECIFIED.,.F.,.F.,(4,1,4),(-0.0339943848417731,-0.01722222287749,0.),
 .UNSPECIFIED.);
#348=B_SPLINE_CURVE_WITH_KNOTS('',3,(#11271,#11272,#11273,#11274,#11275),
 .UNSPECIFIED.,.F.,.F.,(4,1,4),(-0.0341688998761806,-0.0168417234267376,
0.),.UNSPECIFIED.);
#349=B_SPLINE_CURVE_WITH_KNOTS('',3,(#11298,#11299,#11300,#11301,#11302),
 .UNSPECIFIED.,.F.,.F.,(4,1,4),(-0.0144038966738343,-0.00664428604625592,
0.),.UNSPECIFIED.);
#350=B_SPLINE_CURVE_WITH_KNOTS('',3,(#11315,#11316,#11317,#11318,#11319),
 .UNSPECIFIED.,.F.,.F.,(4,1,4),(-0.0144127598186581,-0.00776789490511727,
0.),.UNSPECIFIED.);
#351=B_SPLINE_CURVE_WITH_KNOTS('',3,(#11336,#11337,#11338,#11339,#11340),
 .UNSPECIFIED.,.F.,.F.,(4,1,4),(-0.0215498994870205,-0.011037939405455,
0.),.UNSPECIFIED.);
#352=B_SPLINE_CURVE_WITH_KNOTS('',3,(#11353,#11354,#11355,#11356,#11357),
 .UNSPECIFIED.,.F.,.F.,(4,1,4),(-0.0173347623546313,-0.00945491957087446,
0.),.UNSPECIFIED.);
#353=B_SPLINE_CURVE_WITH_KNOTS('',3,(#11409,#11410,#11411,#11412,#11413),
 .UNSPECIFIED.,.F.,.F.,(4,1,4),(0.,0.0122238509190534,0.0219209364342045),
 .UNSPECIFIED.);
#354=B_SPLINE_CURVE_WITH_KNOTS('',3,(#11415,#11416,#11417,#11418,#11419),
 .UNSPECIFIED.,.F.,.F.,(4,1,4),(-0.0219209364342045,-0.0122238509190534,
0.),.UNSPECIFIED.);
#355=B_SPLINE_CURVE_WITH_KNOTS('',3,(#11432,#11433,#11434,#11435,#11436),
 .UNSPECIFIED.,.F.,.F.,(4,1,4),(0.,0.00985653569713487,0.0198603138876099),
 .UNSPECIFIED.);
#356=B_SPLINE_CURVE_WITH_KNOTS('',3,(#11438,#11439,#11440,#11441,#11442),
 .UNSPECIFIED.,.F.,.F.,(4,1,4),(-0.0198603138876099,-0.00985653569713487,
0.),.UNSPECIFIED.);
#357=FACE_BOUND('',#1086,.T.);
#358=FACE_BOUND('',#1088,.T.);
#359=FACE_BOUND('',#1089,.T.);
#360=FACE_BOUND('',#1090,.T.);
#361=FACE_BOUND('',#1091,.T.);
#362=FACE_BOUND('',#1092,.T.);
#363=FACE_BOUND('',#1093,.T.);
#364=FACE_BOUND('',#1094,.T.);
#365=FACE_BOUND('',#1095,.T.);
#366=FACE_BOUND('',#1096,.T.);
#367=FACE_BOUND('',#1097,.T.);
#368=FACE_BOUND('',#1098,.T.);
#369=FACE_BOUND('',#1099,.T.);
#370=FACE_BOUND('',#1100,.T.);
#371=FACE_BOUND('',#1101,.T.);
#372=FACE_BOUND('',#1102,.T.);
#373=FACE_BOUND('',#1103,.T.);
#374=FACE_BOUND('',#1104,.T.);
#375=FACE_BOUND('',#1105,.T.);
#376=FACE_BOUND('',#1106,.T.);
#377=FACE_BOUND('',#1107,.T.);
#378=FACE_BOUND('',#1108,.T.);
#379=FACE_BOUND('',#1109,.T.);
#380=FACE_BOUND('',#1110,.T.);
#381=FACE_BOUND('',#1111,.T.);
#382=FACE_BOUND('',#1112,.T.);
#383=FACE_BOUND('',#1113,.T.);
#384=FACE_BOUND('',#1114,.T.);
#385=FACE_BOUND('',#1115,.T.);
#386=FACE_BOUND('',#1116,.T.);
#387=FACE_BOUND('',#1117,.T.);
#388=FACE_BOUND('',#1121,.T.);
#389=FACE_BOUND('',#1192,.T.);
#390=FACE_BOUND('',#1227,.T.);
#391=FACE_BOUND('',#1294,.T.);
#392=FACE_BOUND('',#1301,.T.);
#393=FACE_BOUND('',#1305,.T.);
#394=FACE_BOUND('',#1308,.T.);
#395=FACE_BOUND('',#1311,.T.);
#396=FACE_BOUND('',#1314,.T.);
#397=FACE_BOUND('',#1317,.T.);
#398=FACE_BOUND('',#1320,.T.);
#399=FACE_BOUND('',#1328,.T.);
#400=FACE_BOUND('',#1331,.T.);
#401=FACE_BOUND('',#1334,.T.);
#402=FACE_BOUND('',#1337,.T.);
#403=FACE_BOUND('',#1340,.T.);
#404=FACE_BOUND('',#1343,.T.);
#405=FACE_BOUND('',#1346,.T.);
#406=FACE_BOUND('',#1349,.T.);
#407=FACE_BOUND('',#1352,.T.);
#408=FACE_BOUND('',#1355,.T.);
#409=FACE_BOUND('',#1358,.T.);
#410=FACE_BOUND('',#1361,.T.);
#411=FACE_BOUND('',#1364,.T.);
#412=FACE_BOUND('',#1367,.T.);
#413=FACE_BOUND('',#1396,.T.);
#414=FACE_BOUND('',#1397,.T.);
#415=FACE_BOUND('',#1398,.T.);
#416=FACE_BOUND('',#1399,.T.);
#417=FACE_BOUND('',#1400,.T.);
#418=FACE_BOUND('',#1401,.T.);
#419=FACE_BOUND('',#1402,.T.);
#420=FACE_BOUND('',#1403,.T.);
#421=FACE_BOUND('',#1404,.T.);
#422=FACE_BOUND('',#1405,.T.);
#423=FACE_BOUND('',#1406,.T.);
#424=FACE_BOUND('',#1407,.T.);
#425=FACE_BOUND('',#1408,.T.);
#426=FACE_BOUND('',#1409,.T.);
#427=FACE_BOUND('',#1410,.T.);
#428=FACE_BOUND('',#1411,.T.);
#429=FACE_BOUND('',#1412,.T.);
#430=FACE_BOUND('',#1413,.T.);
#431=FACE_BOUND('',#1420,.T.);
#432=FACE_BOUND('',#1429,.T.);
#433=FACE_BOUND('',#1438,.T.);
#434=FACE_BOUND('',#1444,.T.);
#435=FACE_BOUND('',#1452,.T.);
#436=FACE_BOUND('',#1461,.T.);
#437=FACE_BOUND('',#1463,.T.);
#438=FACE_BOUND('',#1472,.T.);
#439=FACE_BOUND('',#1490,.T.);
#440=FACE_BOUND('',#1508,.T.);
#441=STYLED_ITEM('',(#12414),#6369);
#442=STYLED_ITEM('',(#12414),#6373);
#443=STYLED_ITEM('',(#12414),#6410);
#444=STYLED_ITEM('',(#12414),#6415);
#445=STYLED_ITEM('',(#12414),#6443);
#446=STYLED_ITEM('',(#12414),#6449);
#447=STYLED_ITEM('',(#12414),#6477);
#448=STYLED_ITEM('',(#12414),#6514);
#449=STYLED_ITEM('',(#12414),#6524);
#450=STYLED_ITEM('',(#12414),#6529);
#451=STYLED_ITEM('',(#12414),#6543);
#452=STYLED_ITEM('',(#12414),#6549);
#453=STYLED_ITEM('',(#12415),#6552);
#454=STYLED_ITEM('',(#12415),#6554);
#455=STYLED_ITEM('',(#12415),#6556);
#456=STYLED_ITEM('',(#12415),#6558);
#457=STYLED_ITEM('',(#12415),#6560);
#458=STYLED_ITEM('',(#12415),#6562);
#459=STYLED_ITEM('',(#12415),#6567);
#460=STYLED_ITEM('',(#12415),#6569);
#461=STYLED_ITEM('',(#12415),#6571);
#462=STYLED_ITEM('',(#12415),#6573);
#463=STYLED_ITEM('',(#12415),#6575);
#464=STYLED_ITEM('',(#12415),#6577);
#465=STYLED_ITEM('',(#12415),#6579);
#466=STYLED_ITEM('',(#12415),#6581);
#467=STYLED_ITEM('',(#12415),#6583);
#468=STYLED_ITEM('',(#12415),#6585);
#469=STYLED_ITEM('',(#12415),#6587);
#470=STYLED_ITEM('',(#12415),#6589);
#471=STYLED_ITEM('',(#12415),#6591);
#472=STYLED_ITEM('',(#12415),#6593);
#473=STYLED_ITEM('',(#12415),#6595);
#474=STYLED_ITEM('',(#12412),#6604);
#475=STYLED_ITEM('',(#12413),#35);
#476=STYLED_ITEM('',(#12416),#36);
#477=STYLED_ITEM('',(#12416),#37);
#478=STYLED_ITEM('',(#12416),#38);
#479=STYLED_ITEM('',(#12417),#6667);
#480=STYLED_ITEM('',(#12417),#6668);
#481=STYLED_ITEM('',(#12417),#6669);
#482=STYLED_ITEM('',(#12417),#6670);
#483=STYLED_ITEM('',(#12415),#39);
#484=STYLED_ITEM('',(#12415),#40);
#485=STYLED_ITEM('',(#12415),#41);
#486=STYLED_ITEM('',(#12415),#42);
#487=STYLED_ITEM('',(#12415),#43);
#488=STYLED_ITEM('',(#12415),#44);
#489=CIRCLE('',#6776,1.38873958837776);
#490=CIRCLE('',#6777,1.38873958837776);
#491=CIRCLE('',#6780,1.53873958837776);
#492=CIRCLE('',#6781,1.53873958837776);
#493=CIRCLE('',#6784,0.5);
#494=CIRCLE('',#6785,1.53873958837776);
#495=CIRCLE('',#6786,0.700000000000001);
#496=CIRCLE('',#6787,0.700000000000001);
#497=CIRCLE('',#6788,0.700000000000001);
#498=CIRCLE('',#6789,0.7);
#499=CIRCLE('',#6790,0.7);
#500=CIRCLE('',#6791,0.700000000000001);
#501=CIRCLE('',#6792,0.700000000000001);
#502=CIRCLE('',#6793,0.700000000000001);
#503=CIRCLE('',#6794,0.7);
#504=CIRCLE('',#6795,0.700000000000001);
#505=CIRCLE('',#6796,0.5);
#506=CIRCLE('',#6797,0.5);
#507=CIRCLE('',#6798,0.875);
#508=CIRCLE('',#6799,1.5);
#509=CIRCLE('',#6800,0.875);
#510=CIRCLE('',#6801,1.5);
#511=CIRCLE('',#6802,0.5);
#512=CIRCLE('',#6804,0.35);
#513=CIRCLE('',#6805,0.35);
#514=CIRCLE('',#6807,0.5);
#515=CIRCLE('',#6878,1.38873958837776);
#516=CIRCLE('',#6879,1.38873958837776);
#517=CIRCLE('',#6882,1.53873958837776);
#518=CIRCLE('',#6886,0.7);
#519=CIRCLE('',#6887,0.7);
#520=CIRCLE('',#6889,0.5);
#521=CIRCLE('',#6891,0.700000000000001);
#522=CIRCLE('',#6892,0.700000000000001);
#523=CIRCLE('',#6894,0.5);
#524=CIRCLE('',#6896,0.700000000000001);
#525=CIRCLE('',#6897,0.700000000000001);
#526=CIRCLE('',#6899,0.5);
#527=CIRCLE('',#6901,0.700000000000001);
#528=CIRCLE('',#6902,0.700000000000001);
#529=CIRCLE('',#6904,0.5);
#530=CIRCLE('',#6906,0.700000000000001);
#531=CIRCLE('',#6907,0.700000000000001);
#532=CIRCLE('',#6909,0.5);
#533=CIRCLE('',#6911,0.700000000000001);
#534=CIRCLE('',#6912,0.700000000000001);
#535=CIRCLE('',#6914,0.5);
#536=CIRCLE('',#6921,0.7);
#537=CIRCLE('',#6922,0.7);
#538=CIRCLE('',#6924,0.5);
#539=CIRCLE('',#6926,0.7);
#540=CIRCLE('',#6927,0.7);
#541=CIRCLE('',#6929,0.5);
#542=CIRCLE('',#6931,0.700000000000001);
#543=CIRCLE('',#6932,0.700000000000001);
#544=CIRCLE('',#6934,0.5);
#545=CIRCLE('',#6936,0.700000000000001);
#546=CIRCLE('',#6937,0.700000000000001);
#547=CIRCLE('',#6939,0.500000000000001);
#548=CIRCLE('',#6941,0.700000000000001);
#549=CIRCLE('',#6943,0.500000000000001);
#550=CIRCLE('',#6945,0.700000000000001);
#551=CIRCLE('',#6947,0.5);
#552=CIRCLE('',#6949,0.700000000000001);
#553=CIRCLE('',#6951,0.5);
#554=CIRCLE('',#6953,0.7);
#555=CIRCLE('',#6955,0.5);
#556=CIRCLE('',#6957,0.7);
#557=CIRCLE('',#6959,0.5);
#558=CIRCLE('',#6961,0.700000000000001);
#559=CIRCLE('',#6963,0.5);
#560=CIRCLE('',#6965,0.700000000000001);
#561=CIRCLE('',#6967,0.5);
#562=CIRCLE('',#6969,0.700000000000001);
#563=CIRCLE('',#6971,0.5);
#564=CIRCLE('',#6973,0.7);
#565=CIRCLE('',#6975,0.5);
#566=CIRCLE('',#6977,0.700000000000001);
#567=CIRCLE('',#6979,0.5);
#568=CIRCLE('',#6981,0.5);
#569=CIRCLE('',#6984,0.5);
#570=CIRCLE('',#6986,0.5);
#571=CIRCLE('',#6994,0.875);
#572=CIRCLE('',#6998,1.5);
#573=CIRCLE('',#7003,0.875);
#574=CIRCLE('',#7009,1.5);
#575=CIRCLE('',#7058,2.8);
#576=CIRCLE('',#7059,2.45);
#577=CIRCLE('',#7061,2.8);
#578=CIRCLE('',#7064,2.45);
#579=CIRCLE('',#7065,2.45);
#580=CIRCLE('',#7067,2.45);
#581=CIRCLE('',#7069,0.3);
#582=CIRCLE('',#7070,0.5);
#583=CIRCLE('',#7071,0.5);
#584=CIRCLE('',#7073,0.5);
#585=CIRCLE('',#7077,0.5);
#586=CIRCLE('',#7078,0.1);
#587=CIRCLE('',#7087,0.1);
#588=CIRCLE('',#7089,0.5);
#589=CIRCLE('',#7094,0.3);
#590=CIRCLE('',#7095,0.5);
#591=CIRCLE('',#7096,0.5);
#592=CIRCLE('',#7098,0.5);
#593=CIRCLE('',#7102,0.5);
#594=CIRCLE('',#7103,0.1);
#595=CIRCLE('',#7112,0.1);
#596=CIRCLE('',#7114,0.5);
#597=CIRCLE('',#7119,0.3);
#598=CIRCLE('',#7120,0.5);
#599=CIRCLE('',#7121,0.5);
#600=CIRCLE('',#7123,0.5);
#601=CIRCLE('',#7127,0.5);
#602=CIRCLE('',#7128,0.1);
#603=CIRCLE('',#7137,0.1);
#604=CIRCLE('',#7139,0.5);
#605=CIRCLE('',#7154,0.475);
#606=CIRCLE('',#7155,0.2);
#607=CIRCLE('',#7156,0.275);
#608=CIRCLE('',#7157,0.275);
#609=CIRCLE('',#7159,0.275);
#610=CIRCLE('',#7160,0.275);
#611=CIRCLE('',#7162,0.475);
#612=CIRCLE('',#7163,0.475);
#613=CIRCLE('',#7164,1.);
#614=CIRCLE('',#7165,0.275);
#615=CIRCLE('',#7166,0.275);
#616=CIRCLE('',#7169,0.175);
#617=CIRCLE('',#7172,0.275);
#618=CIRCLE('',#7173,0.275);
#619=CIRCLE('',#7175,0.800000000000001);
#620=CIRCLE('',#7186,0.475);
#621=CIRCLE('',#7187,0.2);
#622=CIRCLE('',#7188,0.275);
#623=CIRCLE('',#7189,0.275);
#624=CIRCLE('',#7191,0.275);
#625=CIRCLE('',#7192,0.275);
#626=CIRCLE('',#7194,0.475);
#627=CIRCLE('',#7195,0.475);
#628=CIRCLE('',#7196,1.);
#629=CIRCLE('',#7197,0.275);
#630=CIRCLE('',#7198,0.275);
#631=CIRCLE('',#7201,0.175);
#632=CIRCLE('',#7204,0.275);
#633=CIRCLE('',#7205,0.275);
#634=CIRCLE('',#7207,0.800000000000001);
#635=CYLINDRICAL_SURFACE('',#6775,1.38873958837776);
#636=CYLINDRICAL_SURFACE('',#6779,1.53873958837776);
#637=CYLINDRICAL_SURFACE('',#6803,0.35);
#638=CYLINDRICAL_SURFACE('',#6806,0.5);
#639=CYLINDRICAL_SURFACE('',#6877,1.38873958837776);
#640=CYLINDRICAL_SURFACE('',#6881,1.53873958837776);
#641=CYLINDRICAL_SURFACE('',#6885,0.7);
#642=CYLINDRICAL_SURFACE('',#6890,0.700000000000001);
#643=CYLINDRICAL_SURFACE('',#6895,0.700000000000001);
#644=CYLINDRICAL_SURFACE('',#6900,0.700000000000001);
#645=CYLINDRICAL_SURFACE('',#6905,0.700000000000001);
#646=CYLINDRICAL_SURFACE('',#6910,0.700000000000001);
#647=CYLINDRICAL_SURFACE('',#6920,0.7);
#648=CYLINDRICAL_SURFACE('',#6925,0.7);
#649=CYLINDRICAL_SURFACE('',#6930,0.700000000000001);
#650=CYLINDRICAL_SURFACE('',#6935,0.700000000000001);
#651=CYLINDRICAL_SURFACE('',#6940,0.700000000000001);
#652=CYLINDRICAL_SURFACE('',#6944,0.700000000000001);
#653=CYLINDRICAL_SURFACE('',#6948,0.700000000000001);
#654=CYLINDRICAL_SURFACE('',#6952,0.7);
#655=CYLINDRICAL_SURFACE('',#6956,0.7);
#656=CYLINDRICAL_SURFACE('',#6960,0.700000000000001);
#657=CYLINDRICAL_SURFACE('',#6964,0.700000000000001);
#658=CYLINDRICAL_SURFACE('',#6968,0.700000000000001);
#659=CYLINDRICAL_SURFACE('',#6972,0.7);
#660=CYLINDRICAL_SURFACE('',#6976,0.700000000000001);
#661=CYLINDRICAL_SURFACE('',#6980,0.5);
#662=CYLINDRICAL_SURFACE('',#6983,0.5);
#663=CYLINDRICAL_SURFACE('',#6985,0.5);
#664=CYLINDRICAL_SURFACE('',#6992,0.5);
#665=CYLINDRICAL_SURFACE('',#6993,0.875);
#666=CYLINDRICAL_SURFACE('',#6995,0.5);
#667=CYLINDRICAL_SURFACE('',#6996,0.5);
#668=CYLINDRICAL_SURFACE('',#6997,1.5);
#669=CYLINDRICAL_SURFACE('',#6999,0.500000000000001);
#670=CYLINDRICAL_SURFACE('',#7000,0.5);
#671=CYLINDRICAL_SURFACE('',#7001,0.5);
#672=CYLINDRICAL_SURFACE('',#7002,0.875);
#673=CYLINDRICAL_SURFACE('',#7004,0.5);
#674=CYLINDRICAL_SURFACE('',#7005,0.5);
#675=CYLINDRICAL_SURFACE('',#7006,0.5);
#676=CYLINDRICAL_SURFACE('',#7007,0.5);
#677=CYLINDRICAL_SURFACE('',#7008,1.5);
#678=CYLINDRICAL_SURFACE('',#7060,2.8);
#679=CYLINDRICAL_SURFACE('',#7063,2.45);
#680=CYLINDRICAL_SURFACE('',#7072,0.5);
#681=CYLINDRICAL_SURFACE('',#7086,0.1);
#682=CYLINDRICAL_SURFACE('',#7088,0.5);
#683=CYLINDRICAL_SURFACE('',#7097,0.5);
#684=CYLINDRICAL_SURFACE('',#7111,0.1);
#685=CYLINDRICAL_SURFACE('',#7113,0.5);
#686=CYLINDRICAL_SURFACE('',#7122,0.5);
#687=CYLINDRICAL_SURFACE('',#7136,0.1);
#688=CYLINDRICAL_SURFACE('',#7138,0.5);
#689=CYLINDRICAL_SURFACE('',#7158,0.275);
#690=CYLINDRICAL_SURFACE('',#7167,0.475);
#691=CYLINDRICAL_SURFACE('',#7171,0.275);
#692=CYLINDRICAL_SURFACE('',#7190,0.275);
#693=CYLINDRICAL_SURFACE('',#7199,0.475);
#694=CYLINDRICAL_SURFACE('',#7203,0.275);
#695=FACE_OUTER_BOUND('',#1081,.T.);
#696=FACE_OUTER_BOUND('',#1082,.T.);
#697=FACE_OUTER_BOUND('',#1083,.T.);
#698=FACE_OUTER_BOUND('',#1084,.T.);
#699=FACE_OUTER_BOUND('',#1085,.T.);
#700=FACE_OUTER_BOUND('',#1087,.T.);
#701=FACE_OUTER_BOUND('',#1118,.T.);
#702=FACE_OUTER_BOUND('',#1119,.T.);
#703=FACE_OUTER_BOUND('',#1120,.T.);
#704=FACE_OUTER_BOUND('',#1122,.T.);
#705=FACE_OUTER_BOUND('',#1123,.T.);
#706=FACE_OUTER_BOUND('',#1124,.T.);
#707=FACE_OUTER_BOUND('',#1125,.T.);
#708=FACE_OUTER_BOUND('',#1126,.T.);
#709=FACE_OUTER_BOUND('',#1127,.T.);
#710=FACE_OUTER_BOUND('',#1128,.T.);
#711=FACE_OUTER_BOUND('',#1129,.T.);
#712=FACE_OUTER_BOUND('',#1130,.T.);
#713=FACE_OUTER_BOUND('',#1131,.T.);
#714=FACE_OUTER_BOUND('',#1132,.T.);
#715=FACE_OUTER_BOUND('',#1133,.T.);
#716=FACE_OUTER_BOUND('',#1134,.T.);
#717=FACE_OUTER_BOUND('',#1135,.T.);
#718=FACE_OUTER_BOUND('',#1136,.T.);
#719=FACE_OUTER_BOUND('',#1137,.T.);
#720=FACE_OUTER_BOUND('',#1138,.T.);
#721=FACE_OUTER_BOUND('',#1139,.T.);
#722=FACE_OUTER_BOUND('',#1140,.T.);
#723=FACE_OUTER_BOUND('',#1141,.T.);
#724=FACE_OUTER_BOUND('',#1142,.T.);
#725=FACE_OUTER_BOUND('',#1143,.T.);
#726=FACE_OUTER_BOUND('',#1144,.T.);
#727=FACE_OUTER_BOUND('',#1145,.T.);
#728=FACE_OUTER_BOUND('',#1146,.T.);
#729=FACE_OUTER_BOUND('',#1147,.T.);
#730=FACE_OUTER_BOUND('',#1148,.T.);
#731=FACE_OUTER_BOUND('',#1149,.T.);
#732=FACE_OUTER_BOUND('',#1150,.T.);
#733=FACE_OUTER_BOUND('',#1151,.T.);
#734=FACE_OUTER_BOUND('',#1152,.T.);
#735=FACE_OUTER_BOUND('',#1153,.T.);
#736=FACE_OUTER_BOUND('',#1154,.T.);
#737=FACE_OUTER_BOUND('',#1155,.T.);
#738=FACE_OUTER_BOUND('',#1156,.T.);
#739=FACE_OUTER_BOUND('',#1157,.T.);
#740=FACE_OUTER_BOUND('',#1158,.T.);
#741=FACE_OUTER_BOUND('',#1159,.T.);
#742=FACE_OUTER_BOUND('',#1160,.T.);
#743=FACE_OUTER_BOUND('',#1161,.T.);
#744=FACE_OUTER_BOUND('',#1162,.T.);
#745=FACE_OUTER_BOUND('',#1163,.T.);
#746=FACE_OUTER_BOUND('',#1164,.T.);
#747=FACE_OUTER_BOUND('',#1165,.T.);
#748=FACE_OUTER_BOUND('',#1166,.T.);
#749=FACE_OUTER_BOUND('',#1167,.T.);
#750=FACE_OUTER_BOUND('',#1168,.T.);
#751=FACE_OUTER_BOUND('',#1169,.T.);
#752=FACE_OUTER_BOUND('',#1170,.T.);
#753=FACE_OUTER_BOUND('',#1171,.T.);
#754=FACE_OUTER_BOUND('',#1172,.T.);
#755=FACE_OUTER_BOUND('',#1173,.T.);
#756=FACE_OUTER_BOUND('',#1174,.T.);
#757=FACE_OUTER_BOUND('',#1175,.T.);
#758=FACE_OUTER_BOUND('',#1176,.T.);
#759=FACE_OUTER_BOUND('',#1177,.T.);
#760=FACE_OUTER_BOUND('',#1178,.T.);
#761=FACE_OUTER_BOUND('',#1179,.T.);
#762=FACE_OUTER_BOUND('',#1180,.T.);
#763=FACE_OUTER_BOUND('',#1181,.T.);
#764=FACE_OUTER_BOUND('',#1182,.T.);
#765=FACE_OUTER_BOUND('',#1183,.T.);
#766=FACE_OUTER_BOUND('',#1184,.T.);
#767=FACE_OUTER_BOUND('',#1185,.T.);
#768=FACE_OUTER_BOUND('',#1186,.T.);
#769=FACE_OUTER_BOUND('',#1187,.T.);
#770=FACE_OUTER_BOUND('',#1188,.T.);
#771=FACE_OUTER_BOUND('',#1189,.T.);
#772=FACE_OUTER_BOUND('',#1190,.T.);
#773=FACE_OUTER_BOUND('',#1191,.T.);
#774=FACE_OUTER_BOUND('',#1193,.T.);
#775=FACE_OUTER_BOUND('',#1194,.T.);
#776=FACE_OUTER_BOUND('',#1195,.T.);
#777=FACE_OUTER_BOUND('',#1196,.T.);
#778=FACE_OUTER_BOUND('',#1197,.T.);
#779=FACE_OUTER_BOUND('',#1198,.T.);
#780=FACE_OUTER_BOUND('',#1199,.T.);
#781=FACE_OUTER_BOUND('',#1200,.T.);
#782=FACE_OUTER_BOUND('',#1201,.T.);
#783=FACE_OUTER_BOUND('',#1202,.T.);
#784=FACE_OUTER_BOUND('',#1203,.T.);
#785=FACE_OUTER_BOUND('',#1204,.T.);
#786=FACE_OUTER_BOUND('',#1205,.T.);
#787=FACE_OUTER_BOUND('',#1206,.T.);
#788=FACE_OUTER_BOUND('',#1207,.T.);
#789=FACE_OUTER_BOUND('',#1208,.T.);
#790=FACE_OUTER_BOUND('',#1209,.T.);
#791=FACE_OUTER_BOUND('',#1210,.T.);
#792=FACE_OUTER_BOUND('',#1211,.T.);
#793=FACE_OUTER_BOUND('',#1212,.T.);
#794=FACE_OUTER_BOUND('',#1213,.T.);
#795=FACE_OUTER_BOUND('',#1214,.T.);
#796=FACE_OUTER_BOUND('',#1215,.T.);
#797=FACE_OUTER_BOUND('',#1216,.T.);
#798=FACE_OUTER_BOUND('',#1217,.T.);
#799=FACE_OUTER_BOUND('',#1218,.T.);
#800=FACE_OUTER_BOUND('',#1219,.T.);
#801=FACE_OUTER_BOUND('',#1220,.T.);
#802=FACE_OUTER_BOUND('',#1221,.T.);
#803=FACE_OUTER_BOUND('',#1222,.T.);
#804=FACE_OUTER_BOUND('',#1223,.T.);
#805=FACE_OUTER_BOUND('',#1224,.T.);
#806=FACE_OUTER_BOUND('',#1225,.T.);
#807=FACE_OUTER_BOUND('',#1226,.T.);
#808=FACE_OUTER_BOUND('',#1228,.T.);
#809=FACE_OUTER_BOUND('',#1229,.T.);
#810=FACE_OUTER_BOUND('',#1230,.T.);
#811=FACE_OUTER_BOUND('',#1231,.T.);
#812=FACE_OUTER_BOUND('',#1232,.T.);
#813=FACE_OUTER_BOUND('',#1233,.T.);
#814=FACE_OUTER_BOUND('',#1234,.T.);
#815=FACE_OUTER_BOUND('',#1235,.T.);
#816=FACE_OUTER_BOUND('',#1236,.T.);
#817=FACE_OUTER_BOUND('',#1237,.T.);
#818=FACE_OUTER_BOUND('',#1238,.T.);
#819=FACE_OUTER_BOUND('',#1239,.T.);
#820=FACE_OUTER_BOUND('',#1240,.T.);
#821=FACE_OUTER_BOUND('',#1241,.T.);
#822=FACE_OUTER_BOUND('',#1242,.T.);
#823=FACE_OUTER_BOUND('',#1243,.T.);
#824=FACE_OUTER_BOUND('',#1244,.T.);
#825=FACE_OUTER_BOUND('',#1245,.T.);
#826=FACE_OUTER_BOUND('',#1246,.T.);
#827=FACE_OUTER_BOUND('',#1247,.T.);
#828=FACE_OUTER_BOUND('',#1248,.T.);
#829=FACE_OUTER_BOUND('',#1249,.T.);
#830=FACE_OUTER_BOUND('',#1250,.T.);
#831=FACE_OUTER_BOUND('',#1251,.T.);
#832=FACE_OUTER_BOUND('',#1252,.T.);
#833=FACE_OUTER_BOUND('',#1253,.T.);
#834=FACE_OUTER_BOUND('',#1254,.T.);
#835=FACE_OUTER_BOUND('',#1255,.T.);
#836=FACE_OUTER_BOUND('',#1256,.T.);
#837=FACE_OUTER_BOUND('',#1257,.T.);
#838=FACE_OUTER_BOUND('',#1258,.T.);
#839=FACE_OUTER_BOUND('',#1259,.T.);
#840=FACE_OUTER_BOUND('',#1260,.T.);
#841=FACE_OUTER_BOUND('',#1261,.T.);
#842=FACE_OUTER_BOUND('',#1262,.T.);
#843=FACE_OUTER_BOUND('',#1263,.T.);
#844=FACE_OUTER_BOUND('',#1264,.T.);
#845=FACE_OUTER_BOUND('',#1265,.T.);
#846=FACE_OUTER_BOUND('',#1266,.T.);
#847=FACE_OUTER_BOUND('',#1267,.T.);
#848=FACE_OUTER_BOUND('',#1268,.T.);
#849=FACE_OUTER_BOUND('',#1269,.T.);
#850=FACE_OUTER_BOUND('',#1270,.T.);
#851=FACE_OUTER_BOUND('',#1271,.T.);
#852=FACE_OUTER_BOUND('',#1272,.T.);
#853=FACE_OUTER_BOUND('',#1273,.T.);
#854=FACE_OUTER_BOUND('',#1274,.T.);
#855=FACE_OUTER_BOUND('',#1275,.T.);
#856=FACE_OUTER_BOUND('',#1276,.T.);
#857=FACE_OUTER_BOUND('',#1277,.T.);
#858=FACE_OUTER_BOUND('',#1278,.T.);
#859=FACE_OUTER_BOUND('',#1279,.T.);
#860=FACE_OUTER_BOUND('',#1280,.T.);
#861=FACE_OUTER_BOUND('',#1281,.T.);
#862=FACE_OUTER_BOUND('',#1282,.T.);
#863=FACE_OUTER_BOUND('',#1283,.T.);
#864=FACE_OUTER_BOUND('',#1284,.T.);
#865=FACE_OUTER_BOUND('',#1285,.T.);
#866=FACE_OUTER_BOUND('',#1286,.T.);
#867=FACE_OUTER_BOUND('',#1287,.T.);
#868=FACE_OUTER_BOUND('',#1288,.T.);
#869=FACE_OUTER_BOUND('',#1289,.T.);
#870=FACE_OUTER_BOUND('',#1290,.T.);
#871=FACE_OUTER_BOUND('',#1291,.T.);
#872=FACE_OUTER_BOUND('',#1292,.T.);
#873=FACE_OUTER_BOUND('',#1293,.T.);
#874=FACE_OUTER_BOUND('',#1295,.T.);
#875=FACE_OUTER_BOUND('',#1296,.T.);
#876=FACE_OUTER_BOUND('',#1297,.T.);
#877=FACE_OUTER_BOUND('',#1298,.T.);
#878=FACE_OUTER_BOUND('',#1299,.T.);
#879=FACE_OUTER_BOUND('',#1300,.T.);
#880=FACE_OUTER_BOUND('',#1302,.T.);
#881=FACE_OUTER_BOUND('',#1303,.T.);
#882=FACE_OUTER_BOUND('',#1304,.T.);
#883=FACE_OUTER_BOUND('',#1306,.T.);
#884=FACE_OUTER_BOUND('',#1307,.T.);
#885=FACE_OUTER_BOUND('',#1309,.T.);
#886=FACE_OUTER_BOUND('',#1310,.T.);
#887=FACE_OUTER_BOUND('',#1312,.T.);
#888=FACE_OUTER_BOUND('',#1313,.T.);
#889=FACE_OUTER_BOUND('',#1315,.T.);
#890=FACE_OUTER_BOUND('',#1316,.T.);
#891=FACE_OUTER_BOUND('',#1318,.T.);
#892=FACE_OUTER_BOUND('',#1319,.T.);
#893=FACE_OUTER_BOUND('',#1321,.T.);
#894=FACE_OUTER_BOUND('',#1322,.T.);
#895=FACE_OUTER_BOUND('',#1323,.T.);
#896=FACE_OUTER_BOUND('',#1324,.T.);
#897=FACE_OUTER_BOUND('',#1325,.T.);
#898=FACE_OUTER_BOUND('',#1326,.T.);
#899=FACE_OUTER_BOUND('',#1327,.T.);
#900=FACE_OUTER_BOUND('',#1329,.T.);
#901=FACE_OUTER_BOUND('',#1330,.T.);
#902=FACE_OUTER_BOUND('',#1332,.T.);
#903=FACE_OUTER_BOUND('',#1333,.T.);
#904=FACE_OUTER_BOUND('',#1335,.T.);
#905=FACE_OUTER_BOUND('',#1336,.T.);
#906=FACE_OUTER_BOUND('',#1338,.T.);
#907=FACE_OUTER_BOUND('',#1339,.T.);
#908=FACE_OUTER_BOUND('',#1341,.T.);
#909=FACE_OUTER_BOUND('',#1342,.T.);
#910=FACE_OUTER_BOUND('',#1344,.T.);
#911=FACE_OUTER_BOUND('',#1345,.T.);
#912=FACE_OUTER_BOUND('',#1347,.T.);
#913=FACE_OUTER_BOUND('',#1348,.T.);
#914=FACE_OUTER_BOUND('',#1350,.T.);
#915=FACE_OUTER_BOUND('',#1351,.T.);
#916=FACE_OUTER_BOUND('',#1353,.T.);
#917=FACE_OUTER_BOUND('',#1354,.T.);
#918=FACE_OUTER_BOUND('',#1356,.T.);
#919=FACE_OUTER_BOUND('',#1357,.T.);
#920=FACE_OUTER_BOUND('',#1359,.T.);
#921=FACE_OUTER_BOUND('',#1360,.T.);
#922=FACE_OUTER_BOUND('',#1362,.T.);
#923=FACE_OUTER_BOUND('',#1363,.T.);
#924=FACE_OUTER_BOUND('',#1365,.T.);
#925=FACE_OUTER_BOUND('',#1366,.T.);
#926=FACE_OUTER_BOUND('',#1368,.T.);
#927=FACE_OUTER_BOUND('',#1369,.T.);
#928=FACE_OUTER_BOUND('',#1370,.T.);
#929=FACE_OUTER_BOUND('',#1371,.T.);
#930=FACE_OUTER_BOUND('',#1372,.T.);
#931=FACE_OUTER_BOUND('',#1373,.T.);
#932=FACE_OUTER_BOUND('',#1374,.T.);
#933=FACE_OUTER_BOUND('',#1375,.T.);
#934=FACE_OUTER_BOUND('',#1376,.T.);
#935=FACE_OUTER_BOUND('',#1377,.T.);
#936=FACE_OUTER_BOUND('',#1378,.T.);
#937=FACE_OUTER_BOUND('',#1379,.T.);
#938=FACE_OUTER_BOUND('',#1380,.T.);
#939=FACE_OUTER_BOUND('',#1381,.T.);
#940=FACE_OUTER_BOUND('',#1382,.T.);
#941=FACE_OUTER_BOUND('',#1383,.T.);
#942=FACE_OUTER_BOUND('',#1384,.T.);
#943=FACE_OUTER_BOUND('',#1385,.T.);
#944=FACE_OUTER_BOUND('',#1386,.T.);
#945=FACE_OUTER_BOUND('',#1387,.T.);
#946=FACE_OUTER_BOUND('',#1388,.T.);
#947=FACE_OUTER_BOUND('',#1389,.T.);
#948=FACE_OUTER_BOUND('',#1390,.T.);
#949=FACE_OUTER_BOUND('',#1391,.T.);
#950=FACE_OUTER_BOUND('',#1392,.T.);
#951=FACE_OUTER_BOUND('',#1393,.T.);
#952=FACE_OUTER_BOUND('',#1394,.T.);
#953=FACE_OUTER_BOUND('',#1395,.T.);
#954=FACE_OUTER_BOUND('',#1414,.T.);
#955=FACE_OUTER_BOUND('',#1415,.T.);
#956=FACE_OUTER_BOUND('',#1416,.T.);
#957=FACE_OUTER_BOUND('',#1417,.T.);
#958=FACE_OUTER_BOUND('',#1418,.T.);
#959=FACE_OUTER_BOUND('',#1419,.T.);
#960=FACE_OUTER_BOUND('',#1421,.T.);
#961=FACE_OUTER_BOUND('',#1422,.T.);
#962=FACE_OUTER_BOUND('',#1423,.T.);
#963=FACE_OUTER_BOUND('',#1424,.T.);
#964=FACE_OUTER_BOUND('',#1425,.T.);
#965=FACE_OUTER_BOUND('',#1426,.T.);
#966=FACE_OUTER_BOUND('',#1427,.T.);
#967=FACE_OUTER_BOUND('',#1428,.T.);
#968=FACE_OUTER_BOUND('',#1430,.T.);
#969=FACE_OUTER_BOUND('',#1431,.T.);
#970=FACE_OUTER_BOUND('',#1432,.T.);
#971=FACE_OUTER_BOUND('',#1433,.T.);
#972=FACE_OUTER_BOUND('',#1434,.T.);
#973=FACE_OUTER_BOUND('',#1435,.T.);
#974=FACE_OUTER_BOUND('',#1436,.T.);
#975=FACE_OUTER_BOUND('',#1437,.T.);
#976=FACE_OUTER_BOUND('',#1439,.T.);
#977=FACE_OUTER_BOUND('',#1440,.T.);
#978=FACE_OUTER_BOUND('',#1441,.T.);
#979=FACE_OUTER_BOUND('',#1442,.T.);
#980=FACE_OUTER_BOUND('',#1443,.T.);
#981=FACE_OUTER_BOUND('',#1445,.T.);
#982=FACE_OUTER_BOUND('',#1446,.T.);
#983=FACE_OUTER_BOUND('',#1447,.T.);
#984=FACE_OUTER_BOUND('',#1448,.T.);
#985=FACE_OUTER_BOUND('',#1449,.T.);
#986=FACE_OUTER_BOUND('',#1450,.T.);
#987=FACE_OUTER_BOUND('',#1451,.T.);
#988=FACE_OUTER_BOUND('',#1453,.T.);
#989=FACE_OUTER_BOUND('',#1454,.T.);
#990=FACE_OUTER_BOUND('',#1455,.T.);
#991=FACE_OUTER_BOUND('',#1456,.T.);
#992=FACE_OUTER_BOUND('',#1457,.T.);
#993=FACE_OUTER_BOUND('',#1458,.T.);
#994=FACE_OUTER_BOUND('',#1459,.T.);
#995=FACE_OUTER_BOUND('',#1460,.T.);
#996=FACE_OUTER_BOUND('',#1462,.T.);
#997=FACE_OUTER_BOUND('',#1464,.T.);
#998=FACE_OUTER_BOUND('',#1465,.T.);
#999=FACE_OUTER_BOUND('',#1466,.T.);
#1000=FACE_OUTER_BOUND('',#1467,.T.);
#1001=FACE_OUTER_BOUND('',#1468,.T.);
#1002=FACE_OUTER_BOUND('',#1469,.T.);
#1003=FACE_OUTER_BOUND('',#1470,.T.);
#1004=FACE_OUTER_BOUND('',#1471,.T.);
#1005=FACE_OUTER_BOUND('',#1473,.T.);
#1006=FACE_OUTER_BOUND('',#1474,.T.);
#1007=FACE_OUTER_BOUND('',#1475,.T.);
#1008=FACE_OUTER_BOUND('',#1476,.T.);
#1009=FACE_OUTER_BOUND('',#1477,.T.);
#1010=FACE_OUTER_BOUND('',#1478,.T.);
#1011=FACE_OUTER_BOUND('',#1479,.T.);
#1012=FACE_OUTER_BOUND('',#1480,.T.);
#1013=FACE_OUTER_BOUND('',#1481,.T.);
#1014=FACE_OUTER_BOUND('',#1482,.T.);
#1015=FACE_OUTER_BOUND('',#1483,.T.);
#1016=FACE_OUTER_BOUND('',#1484,.T.);
#1017=FACE_OUTER_BOUND('',#1485,.T.);
#1018=FACE_OUTER_BOUND('',#1486,.T.);
#1019=FACE_OUTER_BOUND('',#1487,.T.);
#1020=FACE_OUTER_BOUND('',#1488,.T.);
#1021=FACE_OUTER_BOUND('',#1489,.T.);
#1022=FACE_OUTER_BOUND('',#1491,.T.);
#1023=FACE_OUTER_BOUND('',#1492,.T.);
#1024=FACE_OUTER_BOUND('',#1493,.T.);
#1025=FACE_OUTER_BOUND('',#1494,.T.);
#1026=FACE_OUTER_BOUND('',#1495,.T.);
#1027=FACE_OUTER_BOUND('',#1496,.T.);
#1028=FACE_OUTER_BOUND('',#1497,.T.);
#1029=FACE_OUTER_BOUND('',#1498,.T.);
#1030=FACE_OUTER_BOUND('',#1499,.T.);
#1031=FACE_OUTER_BOUND('',#1500,.T.);
#1032=FACE_OUTER_BOUND('',#1501,.T.);
#1033=FACE_OUTER_BOUND('',#1502,.T.);
#1034=FACE_OUTER_BOUND('',#1503,.T.);
#1035=FACE_OUTER_BOUND('',#1504,.T.);
#1036=FACE_OUTER_BOUND('',#1505,.T.);
#1037=FACE_OUTER_BOUND('',#1506,.T.);
#1038=FACE_OUTER_BOUND('',#1507,.T.);
#1039=FACE_OUTER_BOUND('',#1509,.T.);
#1040=FACE_OUTER_BOUND('',#1510,.T.);
#1041=FACE_OUTER_BOUND('',#1511,.T.);
#1042=FACE_OUTER_BOUND('',#1512,.T.);
#1043=FACE_OUTER_BOUND('',#1513,.T.);
#1044=FACE_OUTER_BOUND('',#1514,.T.);
#1045=FACE_OUTER_BOUND('',#1515,.T.);
#1046=FACE_OUTER_BOUND('',#1516,.T.);
#1047=FACE_OUTER_BOUND('',#1517,.T.);
#1048=FACE_OUTER_BOUND('',#1518,.T.);
#1049=FACE_OUTER_BOUND('',#1519,.T.);
#1050=FACE_OUTER_BOUND('',#1520,.T.);
#1051=FACE_OUTER_BOUND('',#1521,.T.);
#1052=FACE_OUTER_BOUND('',#1522,.T.);
#1053=FACE_OUTER_BOUND('',#1523,.T.);
#1054=FACE_OUTER_BOUND('',#1524,.T.);
#1055=FACE_OUTER_BOUND('',#1525,.T.);
#1056=FACE_OUTER_BOUND('',#1526,.T.);
#1057=FACE_OUTER_BOUND('',#1527,.T.);
#1058=FACE_OUTER_BOUND('',#1528,.T.);
#1059=FACE_OUTER_BOUND('',#1529,.T.);
#1060=FACE_OUTER_BOUND('',#1530,.T.);
#1061=FACE_OUTER_BOUND('',#1531,.T.);
#1062=FACE_OUTER_BOUND('',#1532,.T.);
#1063=FACE_OUTER_BOUND('',#1533,.T.);
#1064=FACE_OUTER_BOUND('',#1534,.T.);
#1065=FACE_OUTER_BOUND('',#1535,.T.);
#1066=FACE_OUTER_BOUND('',#1536,.T.);
#1067=FACE_OUTER_BOUND('',#1537,.T.);
#1068=FACE_OUTER_BOUND('',#1538,.T.);
#1069=FACE_OUTER_BOUND('',#1539,.T.);
#1070=FACE_OUTER_BOUND('',#1540,.T.);
#1071=FACE_OUTER_BOUND('',#1541,.T.);
#1072=FACE_OUTER_BOUND('',#1542,.T.);
#1073=FACE_OUTER_BOUND('',#1543,.T.);
#1074=FACE_OUTER_BOUND('',#1544,.T.);
#1075=FACE_OUTER_BOUND('',#1545,.T.);
#1076=FACE_OUTER_BOUND('',#1546,.T.);
#1077=FACE_OUTER_BOUND('',#1547,.T.);
#1078=FACE_OUTER_BOUND('',#1548,.T.);
#1079=FACE_OUTER_BOUND('',#1549,.T.);
#1080=FACE_OUTER_BOUND('',#1550,.T.);
#1081=EDGE_LOOP('',(#4273,#4274,#4275,#4276));
#1082=EDGE_LOOP('',(#4277,#4278,#4279,#4280));
#1083=EDGE_LOOP('',(#4281,#4282,#4283,#4284));
#1084=EDGE_LOOP('',(#4285,#4286,#4287,#4288));
#1085=EDGE_LOOP('',(#4289,#4290));
#1086=EDGE_LOOP('',(#4291,#4292));
#1087=EDGE_LOOP('',(#4293,#4294,#4295,#4296));
#1088=EDGE_LOOP('',(#4297));
#1089=EDGE_LOOP('',(#4298,#4299,#4300,#4301,#4302,#4303,#4304,#4305,#4306,
#4307,#4308,#4309,#4310,#4311,#4312,#4313,#4314,#4315,#4316,#4317,#4318,
#4319,#4320,#4321,#4322,#4323,#4324,#4325,#4326,#4327,#4328,#4329,#4330,
#4331,#4332));
#1090=EDGE_LOOP('',(#4333,#4334,#4335,#4336));
#1091=EDGE_LOOP('',(#4337,#4338,#4339,#4340,#4341,#4342,#4343,#4344,#4345,
#4346,#4347,#4348,#4349,#4350,#4351,#4352,#4353,#4354,#4355));
#1092=EDGE_LOOP('',(#4356,#4357,#4358,#4359,#4360,#4361,#4362,#4363,#4364,
#4365,#4366,#4367,#4368,#4369,#4370,#4371,#4372,#4373,#4374,#4375,#4376,
#4377,#4378,#4379,#4380,#4381,#4382,#4383,#4384,#4385,#4386,#4387,#4388,
#4389,#4390));
#1093=EDGE_LOOP('',(#4391,#4392,#4393,#4394,#4395,#4396,#4397,#4398,#4399));
#1094=EDGE_LOOP('',(#4400,#4401,#4402,#4403));
#1095=EDGE_LOOP('',(#4404,#4405));
#1096=EDGE_LOOP('',(#4406));
#1097=EDGE_LOOP('',(#4407));
#1098=EDGE_LOOP('',(#4408));
#1099=EDGE_LOOP('',(#4409));
#1100=EDGE_LOOP('',(#4410));
#1101=EDGE_LOOP('',(#4411));
#1102=EDGE_LOOP('',(#4412));
#1103=EDGE_LOOP('',(#4413));
#1104=EDGE_LOOP('',(#4414));
#1105=EDGE_LOOP('',(#4415));
#1106=EDGE_LOOP('',(#4416));
#1107=EDGE_LOOP('',(#4417));
#1108=EDGE_LOOP('',(#4418));
#1109=EDGE_LOOP('',(#4419));
#1110=EDGE_LOOP('',(#4420));
#1111=EDGE_LOOP('',(#4421));
#1112=EDGE_LOOP('',(#4422,#4423,#4424,#4425));
#1113=EDGE_LOOP('',(#4426));
#1114=EDGE_LOOP('',(#4427,#4428,#4429,#4430,#4431,#4432,#4433,#4434));
#1115=EDGE_LOOP('',(#4435,#4436,#4437,#4438));
#1116=EDGE_LOOP('',(#4439,#4440,#4441,#4442,#4443,#4444,#4445,#4446,#4447,
#4448,#4449,#4450,#4451,#4452,#4453,#4454,#4455,#4456,#4457));
#1117=EDGE_LOOP('',(#4458,#4459));
#1118=EDGE_LOOP('',(#4460,#4461,#4462,#4463));
#1119=EDGE_LOOP('',(#4464,#4465,#4466,#4467));
#1120=EDGE_LOOP('',(#4468));
#1121=EDGE_LOOP('',(#4469));
#1122=EDGE_LOOP('',(#4470,#4471));
#1123=EDGE_LOOP('',(#4472,#4473,#4474,#4475));
#1124=EDGE_LOOP('',(#4476,#4477,#4478,#4479));
#1125=EDGE_LOOP('',(#4480,#4481,#4482,#4483));
#1126=EDGE_LOOP('',(#4484,#4485,#4486,#4487));
#1127=EDGE_LOOP('',(#4488,#4489,#4490,#4491));
#1128=EDGE_LOOP('',(#4492,#4493,#4494,#4495));
#1129=EDGE_LOOP('',(#4496,#4497,#4498,#4499));
#1130=EDGE_LOOP('',(#4500,#4501,#4502,#4503));
#1131=EDGE_LOOP('',(#4504,#4505,#4506,#4507));
#1132=EDGE_LOOP('',(#4508,#4509,#4510,#4511));
#1133=EDGE_LOOP('',(#4512,#4513,#4514,#4515));
#1134=EDGE_LOOP('',(#4516,#4517,#4518,#4519));
#1135=EDGE_LOOP('',(#4520,#4521,#4522,#4523));
#1136=EDGE_LOOP('',(#4524,#4525,#4526,#4527));
#1137=EDGE_LOOP('',(#4528,#4529,#4530,#4531));
#1138=EDGE_LOOP('',(#4532,#4533,#4534,#4535));
#1139=EDGE_LOOP('',(#4536,#4537,#4538,#4539));
#1140=EDGE_LOOP('',(#4540,#4541,#4542,#4543));
#1141=EDGE_LOOP('',(#4544,#4545,#4546,#4547));
#1142=EDGE_LOOP('',(#4548,#4549,#4550,#4551));
#1143=EDGE_LOOP('',(#4552,#4553,#4554,#4555));
#1144=EDGE_LOOP('',(#4556,#4557,#4558,#4559));
#1145=EDGE_LOOP('',(#4560,#4561,#4562,#4563));
#1146=EDGE_LOOP('',(#4564,#4565,#4566,#4567));
#1147=EDGE_LOOP('',(#4568,#4569,#4570,#4571));
#1148=EDGE_LOOP('',(#4572,#4573,#4574,#4575));
#1149=EDGE_LOOP('',(#4576,#4577,#4578,#4579));
#1150=EDGE_LOOP('',(#4580,#4581,#4582,#4583));
#1151=EDGE_LOOP('',(#4584,#4585,#4586,#4587));
#1152=EDGE_LOOP('',(#4588,#4589,#4590,#4591));
#1153=EDGE_LOOP('',(#4592,#4593,#4594,#4595));
#1154=EDGE_LOOP('',(#4596,#4597,#4598,#4599));
#1155=EDGE_LOOP('',(#4600,#4601,#4602,#4603));
#1156=EDGE_LOOP('',(#4604,#4605,#4606,#4607));
#1157=EDGE_LOOP('',(#4608,#4609,#4610,#4611));
#1158=EDGE_LOOP('',(#4612,#4613,#4614,#4615,#4616,#4617,#4618,#4619,#4620,
#4621,#4622,#4623,#4624,#4625,#4626,#4627,#4628,#4629,#4630,#4631,#4632,
#4633,#4634,#4635,#4636,#4637,#4638,#4639,#4640,#4641,#4642,#4643,#4644,
#4645,#4646));
#1159=EDGE_LOOP('',(#4647,#4648,#4649,#4650));
#1160=EDGE_LOOP('',(#4651,#4652,#4653,#4654));
#1161=EDGE_LOOP('',(#4655,#4656,#4657,#4658));
#1162=EDGE_LOOP('',(#4659,#4660,#4661,#4662));
#1163=EDGE_LOOP('',(#4663,#4664,#4665,#4666));
#1164=EDGE_LOOP('',(#4667,#4668,#4669,#4670));
#1165=EDGE_LOOP('',(#4671,#4672,#4673,#4674));
#1166=EDGE_LOOP('',(#4675,#4676,#4677,#4678));
#1167=EDGE_LOOP('',(#4679,#4680,#4681,#4682));
#1168=EDGE_LOOP('',(#4683,#4684,#4685,#4686));
#1169=EDGE_LOOP('',(#4687,#4688,#4689,#4690));
#1170=EDGE_LOOP('',(#4691,#4692,#4693,#4694));
#1171=EDGE_LOOP('',(#4695,#4696,#4697,#4698));
#1172=EDGE_LOOP('',(#4699,#4700,#4701,#4702));
#1173=EDGE_LOOP('',(#4703,#4704,#4705,#4706));
#1174=EDGE_LOOP('',(#4707,#4708,#4709,#4710));
#1175=EDGE_LOOP('',(#4711,#4712,#4713,#4714));
#1176=EDGE_LOOP('',(#4715,#4716,#4717,#4718));
#1177=EDGE_LOOP('',(#4719,#4720,#4721,#4722));
#1178=EDGE_LOOP('',(#4723,#4724,#4725,#4726));
#1179=EDGE_LOOP('',(#4727,#4728,#4729,#4730));
#1180=EDGE_LOOP('',(#4731,#4732,#4733,#4734));
#1181=EDGE_LOOP('',(#4735,#4736,#4737,#4738));
#1182=EDGE_LOOP('',(#4739,#4740,#4741,#4742));
#1183=EDGE_LOOP('',(#4743,#4744,#4745,#4746));
#1184=EDGE_LOOP('',(#4747,#4748,#4749,#4750));
#1185=EDGE_LOOP('',(#4751,#4752,#4753,#4754));
#1186=EDGE_LOOP('',(#4755,#4756,#4757,#4758));
#1187=EDGE_LOOP('',(#4759,#4760,#4761,#4762));
#1188=EDGE_LOOP('',(#4763,#4764,#4765,#4766));
#1189=EDGE_LOOP('',(#4767,#4768,#4769,#4770));
#1190=EDGE_LOOP('',(#4771,#4772,#4773,#4774));
#1191=EDGE_LOOP('',(#4775,#4776,#4777,#4778,#4779,#4780,#4781,#4782,#4783,
#4784,#4785,#4786,#4787,#4788,#4789,#4790,#4791,#4792,#4793));
#1192=EDGE_LOOP('',(#4794,#4795,#4796,#4797,#4798,#4799,#4800,#4801));
#1193=EDGE_LOOP('',(#4802));
#1194=EDGE_LOOP('',(#4803,#4804,#4805,#4806));
#1195=EDGE_LOOP('',(#4807,#4808,#4809,#4810));
#1196=EDGE_LOOP('',(#4811,#4812,#4813,#4814));
#1197=EDGE_LOOP('',(#4815,#4816,#4817,#4818));
#1198=EDGE_LOOP('',(#4819,#4820,#4821,#4822));
#1199=EDGE_LOOP('',(#4823,#4824,#4825,#4826));
#1200=EDGE_LOOP('',(#4827,#4828,#4829,#4830));
#1201=EDGE_LOOP('',(#4831,#4832,#4833,#4834));
#1202=EDGE_LOOP('',(#4835,#4836,#4837,#4838));
#1203=EDGE_LOOP('',(#4839,#4840,#4841,#4842));
#1204=EDGE_LOOP('',(#4843,#4844,#4845,#4846));
#1205=EDGE_LOOP('',(#4847,#4848,#4849,#4850));
#1206=EDGE_LOOP('',(#4851,#4852,#4853,#4854));
#1207=EDGE_LOOP('',(#4855,#4856,#4857,#4858));
#1208=EDGE_LOOP('',(#4859,#4860,#4861,#4862));
#1209=EDGE_LOOP('',(#4863,#4864,#4865,#4866));
#1210=EDGE_LOOP('',(#4867,#4868,#4869,#4870));
#1211=EDGE_LOOP('',(#4871,#4872,#4873,#4874));
#1212=EDGE_LOOP('',(#4875,#4876,#4877,#4878));
#1213=EDGE_LOOP('',(#4879,#4880,#4881,#4882));
#1214=EDGE_LOOP('',(#4883,#4884,#4885,#4886));
#1215=EDGE_LOOP('',(#4887,#4888,#4889,#4890));
#1216=EDGE_LOOP('',(#4891,#4892,#4893,#4894));
#1217=EDGE_LOOP('',(#4895,#4896,#4897,#4898));
#1218=EDGE_LOOP('',(#4899,#4900,#4901,#4902));
#1219=EDGE_LOOP('',(#4903,#4904,#4905,#4906));
#1220=EDGE_LOOP('',(#4907,#4908,#4909,#4910));
#1221=EDGE_LOOP('',(#4911,#4912,#4913,#4914));
#1222=EDGE_LOOP('',(#4915,#4916,#4917,#4918));
#1223=EDGE_LOOP('',(#4919,#4920,#4921,#4922));
#1224=EDGE_LOOP('',(#4923,#4924,#4925,#4926));
#1225=EDGE_LOOP('',(#4927,#4928,#4929,#4930));
#1226=EDGE_LOOP('',(#4931,#4932,#4933,#4934,#4935,#4936,#4937,#4938,#4939,
#4940,#4941,#4942,#4943,#4944,#4945,#4946,#4947,#4948,#4949));
#1227=EDGE_LOOP('',(#4950,#4951,#4952,#4953,#4954,#4955,#4956,#4957));
#1228=EDGE_LOOP('',(#4958,#4959,#4960,#4961,#4962,#4963,#4964,#4965));
#1229=EDGE_LOOP('',(#4966,#4967,#4968,#4969));
#1230=EDGE_LOOP('',(#4970,#4971,#4972,#4973));
#1231=EDGE_LOOP('',(#4974,#4975,#4976,#4977));
#1232=EDGE_LOOP('',(#4978,#4979,#4980,#4981));
#1233=EDGE_LOOP('',(#4982,#4983,#4984,#4985));
#1234=EDGE_LOOP('',(#4986,#4987,#4988,#4989));
#1235=EDGE_LOOP('',(#4990,#4991,#4992,#4993));
#1236=EDGE_LOOP('',(#4994,#4995,#4996,#4997));
#1237=EDGE_LOOP('',(#4998,#4999,#5000,#5001));
#1238=EDGE_LOOP('',(#5002,#5003,#5004,#5005));
#1239=EDGE_LOOP('',(#5006,#5007,#5008,#5009));
#1240=EDGE_LOOP('',(#5010,#5011,#5012,#5013));
#1241=EDGE_LOOP('',(#5014,#5015,#5016,#5017));
#1242=EDGE_LOOP('',(#5018,#5019,#5020,#5021));
#1243=EDGE_LOOP('',(#5022,#5023,#5024,#5025));
#1244=EDGE_LOOP('',(#5026,#5027,#5028,#5029));
#1245=EDGE_LOOP('',(#5030,#5031,#5032,#5033));
#1246=EDGE_LOOP('',(#5034,#5035,#5036,#5037));
#1247=EDGE_LOOP('',(#5038,#5039,#5040,#5041));
#1248=EDGE_LOOP('',(#5042,#5043,#5044,#5045));
#1249=EDGE_LOOP('',(#5046,#5047,#5048,#5049));
#1250=EDGE_LOOP('',(#5050,#5051,#5052,#5053));
#1251=EDGE_LOOP('',(#5054,#5055,#5056,#5057));
#1252=EDGE_LOOP('',(#5058,#5059,#5060,#5061));
#1253=EDGE_LOOP('',(#5062,#5063,#5064,#5065));
#1254=EDGE_LOOP('',(#5066,#5067,#5068,#5069));
#1255=EDGE_LOOP('',(#5070,#5071,#5072,#5073));
#1256=EDGE_LOOP('',(#5074,#5075,#5076,#5077));
#1257=EDGE_LOOP('',(#5078,#5079,#5080,#5081));
#1258=EDGE_LOOP('',(#5082,#5083,#5084,#5085));
#1259=EDGE_LOOP('',(#5086,#5087,#5088,#5089));
#1260=EDGE_LOOP('',(#5090,#5091,#5092,#5093));
#1261=EDGE_LOOP('',(#5094,#5095,#5096,#5097));
#1262=EDGE_LOOP('',(#5098,#5099,#5100,#5101));
#1263=EDGE_LOOP('',(#5102,#5103,#5104,#5105));
#1264=EDGE_LOOP('',(#5106,#5107,#5108,#5109,#5110,#5111,#5112,#5113,#5114,
#5115,#5116,#5117,#5118,#5119,#5120,#5121,#5122,#5123,#5124,#5125,#5126,
#5127,#5128,#5129,#5130,#5131,#5132,#5133,#5134,#5135,#5136,#5137,#5138,
#5139,#5140));
#1265=EDGE_LOOP('',(#5141,#5142,#5143,#5144));
#1266=EDGE_LOOP('',(#5145,#5146,#5147,#5148));
#1267=EDGE_LOOP('',(#5149,#5150,#5151,#5152));
#1268=EDGE_LOOP('',(#5153,#5154,#5155,#5156));
#1269=EDGE_LOOP('',(#5157,#5158,#5159,#5160));
#1270=EDGE_LOOP('',(#5161,#5162,#5163,#5164));
#1271=EDGE_LOOP('',(#5165,#5166,#5167,#5168));
#1272=EDGE_LOOP('',(#5169,#5170,#5171,#5172));
#1273=EDGE_LOOP('',(#5173,#5174,#5175,#5176));
#1274=EDGE_LOOP('',(#5177,#5178,#5179,#5180,#5181,#5182,#5183,#5184,#5185));
#1275=EDGE_LOOP('',(#5186,#5187,#5188,#5189));
#1276=EDGE_LOOP('',(#5190,#5191,#5192,#5193));
#1277=EDGE_LOOP('',(#5194,#5195,#5196,#5197));
#1278=EDGE_LOOP('',(#5198,#5199,#5200,#5201));
#1279=EDGE_LOOP('',(#5202,#5203,#5204,#5205));
#1280=EDGE_LOOP('',(#5206,#5207,#5208,#5209));
#1281=EDGE_LOOP('',(#5210,#5211,#5212,#5213));
#1282=EDGE_LOOP('',(#5214,#5215,#5216,#5217));
#1283=EDGE_LOOP('',(#5218,#5219,#5220,#5221));
#1284=EDGE_LOOP('',(#5222,#5223,#5224,#5225));
#1285=EDGE_LOOP('',(#5226,#5227,#5228,#5229));
#1286=EDGE_LOOP('',(#5230,#5231,#5232,#5233));
#1287=EDGE_LOOP('',(#5234,#5235,#5236,#5237));
#1288=EDGE_LOOP('',(#5238,#5239,#5240,#5241));
#1289=EDGE_LOOP('',(#5242,#5243,#5244,#5245));
#1290=EDGE_LOOP('',(#5246,#5247,#5248,#5249));
#1291=EDGE_LOOP('',(#5250,#5251,#5252,#5253));
#1292=EDGE_LOOP('',(#5254,#5255,#5256,#5257));
#1293=EDGE_LOOP('',(#5258,#5259,#5260,#5261,#5262,#5263,#5264,#5265));
#1294=EDGE_LOOP('',(#5266,#5267,#5268,#5269,#5270));
#1295=EDGE_LOOP('',(#5271,#5272,#5273,#5274,#5275,#5276,#5277,#5278));
#1296=EDGE_LOOP('',(#5279,#5280,#5281,#5282));
#1297=EDGE_LOOP('',(#5283,#5284,#5285,#5286));
#1298=EDGE_LOOP('',(#5287,#5288,#5289,#5290));
#1299=EDGE_LOOP('',(#5291,#5292,#5293,#5294));
#1300=EDGE_LOOP('',(#5295,#5296));
#1301=EDGE_LOOP('',(#5297,#5298));
#1302=EDGE_LOOP('',(#5299,#5300,#5301,#5302,#5303));
#1303=EDGE_LOOP('',(#5304,#5305,#5306,#5307));
#1304=EDGE_LOOP('',(#5308));
#1305=EDGE_LOOP('',(#5309));
#1306=EDGE_LOOP('',(#5310,#5311,#5312,#5313));
#1307=EDGE_LOOP('',(#5314));
#1308=EDGE_LOOP('',(#5315));
#1309=EDGE_LOOP('',(#5316,#5317,#5318,#5319));
#1310=EDGE_LOOP('',(#5320));
#1311=EDGE_LOOP('',(#5321));
#1312=EDGE_LOOP('',(#5322,#5323,#5324,#5325));
#1313=EDGE_LOOP('',(#5326));
#1314=EDGE_LOOP('',(#5327));
#1315=EDGE_LOOP('',(#5328,#5329,#5330,#5331));
#1316=EDGE_LOOP('',(#5332));
#1317=EDGE_LOOP('',(#5333));
#1318=EDGE_LOOP('',(#5334,#5335,#5336,#5337));
#1319=EDGE_LOOP('',(#5338));
#1320=EDGE_LOOP('',(#5339));
#1321=EDGE_LOOP('',(#5340,#5341,#5342,#5343));
#1322=EDGE_LOOP('',(#5344,#5345,#5346,#5347));
#1323=EDGE_LOOP('',(#5348,#5349,#5350,#5351));
#1324=EDGE_LOOP('',(#5352,#5353,#5354,#5355));
#1325=EDGE_LOOP('',(#5356,#5357,#5358,#5359));
#1326=EDGE_LOOP('',(#5360,#5361,#5362,#5363));
#1327=EDGE_LOOP('',(#5364));
#1328=EDGE_LOOP('',(#5365));
#1329=EDGE_LOOP('',(#5366,#5367,#5368,#5369));
#1330=EDGE_LOOP('',(#5370));
#1331=EDGE_LOOP('',(#5371));
#1332=EDGE_LOOP('',(#5372,#5373,#5374,#5375));
#1333=EDGE_LOOP('',(#5376));
#1334=EDGE_LOOP('',(#5377));
#1335=EDGE_LOOP('',(#5378,#5379,#5380,#5381));
#1336=EDGE_LOOP('',(#5382));
#1337=EDGE_LOOP('',(#5383));
#1338=EDGE_LOOP('',(#5384,#5385,#5386,#5387));
#1339=EDGE_LOOP('',(#5388));
#1340=EDGE_LOOP('',(#5389));
#1341=EDGE_LOOP('',(#5390,#5391,#5392,#5393));
#1342=EDGE_LOOP('',(#5394));
#1343=EDGE_LOOP('',(#5395));
#1344=EDGE_LOOP('',(#5396,#5397,#5398,#5399));
#1345=EDGE_LOOP('',(#5400));
#1346=EDGE_LOOP('',(#5401));
#1347=EDGE_LOOP('',(#5402,#5403,#5404,#5405));
#1348=EDGE_LOOP('',(#5406));
#1349=EDGE_LOOP('',(#5407));
#1350=EDGE_LOOP('',(#5408,#5409,#5410,#5411));
#1351=EDGE_LOOP('',(#5412));
#1352=EDGE_LOOP('',(#5413));
#1353=EDGE_LOOP('',(#5414,#5415,#5416,#5417));
#1354=EDGE_LOOP('',(#5418));
#1355=EDGE_LOOP('',(#5419));
#1356=EDGE_LOOP('',(#5420,#5421,#5422,#5423));
#1357=EDGE_LOOP('',(#5424));
#1358=EDGE_LOOP('',(#5425));
#1359=EDGE_LOOP('',(#5426,#5427,#5428,#5429));
#1360=EDGE_LOOP('',(#5430));
#1361=EDGE_LOOP('',(#5431));
#1362=EDGE_LOOP('',(#5432,#5433,#5434,#5435));
#1363=EDGE_LOOP('',(#5436));
#1364=EDGE_LOOP('',(#5437));
#1365=EDGE_LOOP('',(#5438,#5439,#5440,#5441));
#1366=EDGE_LOOP('',(#5442));
#1367=EDGE_LOOP('',(#5443));
#1368=EDGE_LOOP('',(#5444,#5445,#5446,#5447));
#1369=EDGE_LOOP('',(#5448,#5449));
#1370=EDGE_LOOP('',(#5450,#5451,#5452,#5453));
#1371=EDGE_LOOP('',(#5454,#5455,#5456,#5457));
#1372=EDGE_LOOP('',(#5458,#5459,#5460,#5461));
#1373=EDGE_LOOP('',(#5462,#5463,#5464,#5465));
#1374=EDGE_LOOP('',(#5466,#5467,#5468,#5469));
#1375=EDGE_LOOP('',(#5470,#5471,#5472,#5473));
#1376=EDGE_LOOP('',(#5474,#5475,#5476,#5477));
#1377=EDGE_LOOP('',(#5478,#5479,#5480,#5481));
#1378=EDGE_LOOP('',(#5482,#5483,#5484,#5485));
#1379=EDGE_LOOP('',(#5486,#5487,#5488,#5489));
#1380=EDGE_LOOP('',(#5490,#5491,#5492,#5493));
#1381=EDGE_LOOP('',(#5494,#5495,#5496,#5497));
#1382=EDGE_LOOP('',(#5498,#5499,#5500,#5501));
#1383=EDGE_LOOP('',(#5502,#5503,#5504,#5505));
#1384=EDGE_LOOP('',(#5506,#5507,#5508,#5509));
#1385=EDGE_LOOP('',(#5510,#5511,#5512,#5513));
#1386=EDGE_LOOP('',(#5514,#5515,#5516,#5517));
#1387=EDGE_LOOP('',(#5518,#5519,#5520,#5521));
#1388=EDGE_LOOP('',(#5522,#5523,#5524,#5525));
#1389=EDGE_LOOP('',(#5526,#5527,#5528,#5529));
#1390=EDGE_LOOP('',(#5530,#5531,#5532,#5533));
#1391=EDGE_LOOP('',(#5534,#5535,#5536,#5537));
#1392=EDGE_LOOP('',(#5538,#5539,#5540,#5541));
#1393=EDGE_LOOP('',(#5542,#5543,#5544,#5545));
#1394=EDGE_LOOP('',(#5546,#5547,#5548,#5549));
#1395=EDGE_LOOP('',(#5550,#5551,#5552,#5553));
#1396=EDGE_LOOP('',(#5554));
#1397=EDGE_LOOP('',(#5555));
#1398=EDGE_LOOP('',(#5556));
#1399=EDGE_LOOP('',(#5557));
#1400=EDGE_LOOP('',(#5558));
#1401=EDGE_LOOP('',(#5559));
#1402=EDGE_LOOP('',(#5560,#5561,#5562,#5563));
#1403=EDGE_LOOP('',(#5564));
#1404=EDGE_LOOP('',(#5565));
#1405=EDGE_LOOP('',(#5566));
#1406=EDGE_LOOP('',(#5567));
#1407=EDGE_LOOP('',(#5568));
#1408=EDGE_LOOP('',(#5569));
#1409=EDGE_LOOP('',(#5570));
#1410=EDGE_LOOP('',(#5571));
#1411=EDGE_LOOP('',(#5572));
#1412=EDGE_LOOP('',(#5573));
#1413=EDGE_LOOP('',(#5574));
#1414=EDGE_LOOP('',(#5575,#5576,#5577,#5578));
#1415=EDGE_LOOP('',(#5579,#5580,#5581,#5582));
#1416=EDGE_LOOP('',(#5583,#5584,#5585,#5586));
#1417=EDGE_LOOP('',(#5587,#5588,#5589,#5590));
#1418=EDGE_LOOP('',(#5591,#5592,#5593,#5594));
#1419=EDGE_LOOP('',(#5595,#5596,#5597,#5598));
#1420=EDGE_LOOP('',(#5599,#5600,#5601,#5602));
#1421=EDGE_LOOP('',(#5603,#5604,#5605,#5606));
#1422=EDGE_LOOP('',(#5607,#5608,#5609,#5610));
#1423=EDGE_LOOP('',(#5611,#5612,#5613,#5614));
#1424=EDGE_LOOP('',(#5615,#5616,#5617,#5618));
#1425=EDGE_LOOP('',(#5619,#5620,#5621,#5622));
#1426=EDGE_LOOP('',(#5623,#5624,#5625,#5626));
#1427=EDGE_LOOP('',(#5627,#5628,#5629,#5630));
#1428=EDGE_LOOP('',(#5631,#5632,#5633,#5634));
#1429=EDGE_LOOP('',(#5635,#5636,#5637,#5638));
#1430=EDGE_LOOP('',(#5639,#5640,#5641,#5642));
#1431=EDGE_LOOP('',(#5643,#5644,#5645,#5646));
#1432=EDGE_LOOP('',(#5647,#5648,#5649,#5650));
#1433=EDGE_LOOP('',(#5651,#5652,#5653,#5654));
#1434=EDGE_LOOP('',(#5655,#5656,#5657,#5658));
#1435=EDGE_LOOP('',(#5659,#5660,#5661,#5662));
#1436=EDGE_LOOP('',(#5663,#5664,#5665,#5666));
#1437=EDGE_LOOP('',(#5667,#5668,#5669,#5670));
#1438=EDGE_LOOP('',(#5671,#5672,#5673,#5674));
#1439=EDGE_LOOP('',(#5675,#5676,#5677,#5678));
#1440=EDGE_LOOP('',(#5679,#5680,#5681,#5682));
#1441=EDGE_LOOP('',(#5683,#5684,#5685,#5686));
#1442=EDGE_LOOP('',(#5687,#5688,#5689,#5690));
#1443=EDGE_LOOP('',(#5691,#5692,#5693,#5694));
#1444=EDGE_LOOP('',(#5695,#5696,#5697,#5698));
#1445=EDGE_LOOP('',(#5699,#5700,#5701,#5702));
#1446=EDGE_LOOP('',(#5703,#5704,#5705,#5706));
#1447=EDGE_LOOP('',(#5707,#5708,#5709,#5710));
#1448=EDGE_LOOP('',(#5711,#5712,#5713,#5714));
#1449=EDGE_LOOP('',(#5715,#5716,#5717,#5718));
#1450=EDGE_LOOP('',(#5719,#5720,#5721,#5722));
#1451=EDGE_LOOP('',(#5723,#5724,#5725,#5726));
#1452=EDGE_LOOP('',(#5727,#5728,#5729,#5730));
#1453=EDGE_LOOP('',(#5731,#5732,#5733,#5734));
#1454=EDGE_LOOP('',(#5735,#5736,#5737,#5738));
#1455=EDGE_LOOP('',(#5739,#5740,#5741,#5742));
#1456=EDGE_LOOP('',(#5743,#5744,#5745,#5746));
#1457=EDGE_LOOP('',(#5747,#5748,#5749,#5750));
#1458=EDGE_LOOP('',(#5751,#5752,#5753,#5754));
#1459=EDGE_LOOP('',(#5755,#5756,#5757,#5758));
#1460=EDGE_LOOP('',(#5759,#5760,#5761,#5762));
#1461=EDGE_LOOP('',(#5763,#5764,#5765,#5766));
#1462=EDGE_LOOP('',(#5767));
#1463=EDGE_LOOP('',(#5768));
#1464=EDGE_LOOP('',(#5769,#5770,#5771,#5772));
#1465=EDGE_LOOP('',(#5773));
#1466=EDGE_LOOP('',(#5774,#5775,#5776,#5777,#5778));
#1467=EDGE_LOOP('',(#5779,#5780,#5781,#5782));
#1468=EDGE_LOOP('',(#5783,#5784,#5785,#5786,#5787));
#1469=EDGE_LOOP('',(#5788,#5789,#5790,#5791,#5792));
#1470=EDGE_LOOP('',(#5793));
#1471=EDGE_LOOP('',(#5794));
#1472=EDGE_LOOP('',(#5795,#5796,#5797,#5798));
#1473=EDGE_LOOP('',(#5799,#5800,#5801,#5802,#5803,#5804,#5805,#5806));
#1474=EDGE_LOOP('',(#5807,#5808,#5809,#5810));
#1475=EDGE_LOOP('',(#5811,#5812,#5813,#5814));
#1476=EDGE_LOOP('',(#5815,#5816,#5817,#5818));
#1477=EDGE_LOOP('',(#5819,#5820,#5821,#5822));
#1478=EDGE_LOOP('',(#5823,#5824,#5825,#5826));
#1479=EDGE_LOOP('',(#5827,#5828,#5829,#5830));
#1480=EDGE_LOOP('',(#5831,#5832,#5833,#5834));
#1481=EDGE_LOOP('',(#5835,#5836,#5837,#5838));
#1482=EDGE_LOOP('',(#5839,#5840,#5841,#5842));
#1483=EDGE_LOOP('',(#5843,#5844,#5845,#5846));
#1484=EDGE_LOOP('',(#5847,#5848,#5849,#5850,#5851,#5852,#5853,#5854));
#1485=EDGE_LOOP('',(#5855,#5856,#5857,#5858));
#1486=EDGE_LOOP('',(#5859,#5860,#5861,#5862,#5863));
#1487=EDGE_LOOP('',(#5864,#5865,#5866,#5867,#5868));
#1488=EDGE_LOOP('',(#5869));
#1489=EDGE_LOOP('',(#5870));
#1490=EDGE_LOOP('',(#5871,#5872,#5873,#5874));
#1491=EDGE_LOOP('',(#5875,#5876,#5877,#5878,#5879,#5880,#5881,#5882));
#1492=EDGE_LOOP('',(#5883,#5884,#5885,#5886));
#1493=EDGE_LOOP('',(#5887,#5888,#5889,#5890));
#1494=EDGE_LOOP('',(#5891,#5892,#5893,#5894));
#1495=EDGE_LOOP('',(#5895,#5896,#5897,#5898));
#1496=EDGE_LOOP('',(#5899,#5900,#5901,#5902));
#1497=EDGE_LOOP('',(#5903,#5904,#5905,#5906));
#1498=EDGE_LOOP('',(#5907,#5908,#5909,#5910));
#1499=EDGE_LOOP('',(#5911,#5912,#5913,#5914));
#1500=EDGE_LOOP('',(#5915,#5916,#5917,#5918));
#1501=EDGE_LOOP('',(#5919,#5920,#5921,#5922));
#1502=EDGE_LOOP('',(#5923,#5924,#5925,#5926,#5927,#5928,#5929,#5930));
#1503=EDGE_LOOP('',(#5931,#5932,#5933,#5934));
#1504=EDGE_LOOP('',(#5935,#5936,#5937,#5938,#5939));
#1505=EDGE_LOOP('',(#5940,#5941,#5942,#5943,#5944));
#1506=EDGE_LOOP('',(#5945));
#1507=EDGE_LOOP('',(#5946));
#1508=EDGE_LOOP('',(#5947,#5948,#5949,#5950));
#1509=EDGE_LOOP('',(#5951,#5952,#5953,#5954,#5955,#5956,#5957,#5958));
#1510=EDGE_LOOP('',(#5959,#5960,#5961,#5962));
#1511=EDGE_LOOP('',(#5963,#5964,#5965,#5966));
#1512=EDGE_LOOP('',(#5967,#5968,#5969,#5970));
#1513=EDGE_LOOP('',(#5971,#5972,#5973,#5974));
#1514=EDGE_LOOP('',(#5975,#5976,#5977,#5978));
#1515=EDGE_LOOP('',(#5979,#5980,#5981,#5982));
#1516=EDGE_LOOP('',(#5983,#5984,#5985,#5986));
#1517=EDGE_LOOP('',(#5987,#5988,#5989,#5990));
#1518=EDGE_LOOP('',(#5991,#5992,#5993,#5994));
#1519=EDGE_LOOP('',(#5995,#5996,#5997,#5998));
#1520=EDGE_LOOP('',(#5999,#6000,#6001,#6002,#6003,#6004,#6005,#6006));
#1521=EDGE_LOOP('',(#6007,#6008,#6009,#6010));
#1522=EDGE_LOOP('',(#6011,#6012,#6013,#6014));
#1523=EDGE_LOOP('',(#6015,#6016,#6017,#6018));
#1524=EDGE_LOOP('',(#6019,#6020,#6021,#6022,#6023));
#1525=EDGE_LOOP('',(#6024,#6025,#6026,#6027));
#1526=EDGE_LOOP('',(#6028,#6029,#6030,#6031));
#1527=EDGE_LOOP('',(#6032,#6033,#6034,#6035,#6036,#6037));
#1528=EDGE_LOOP('',(#6038,#6039,#6040,#6041,#6042,#6043));
#1529=EDGE_LOOP('',(#6044,#6045,#6046,#6047,#6048));
#1530=EDGE_LOOP('',(#6049,#6050,#6051,#6052,#6053,#6054));
#1531=EDGE_LOOP('',(#6055,#6056,#6057,#6058,#6059,#6060));
#1532=EDGE_LOOP('',(#6061,#6062,#6063,#6064,#6065));
#1533=EDGE_LOOP('',(#6066,#6067,#6068,#6069,#6070));
#1534=EDGE_LOOP('',(#6071));
#1535=EDGE_LOOP('',(#6072,#6073,#6074,#6075,#6076,#6077,#6078,#6079,#6080));
#1536=EDGE_LOOP('',(#6081,#6082,#6083,#6084,#6085,#6086));
#1537=EDGE_LOOP('',(#6087,#6088,#6089,#6090,#6091));
#1538=EDGE_LOOP('',(#6092,#6093,#6094,#6095,#6096));
#1539=EDGE_LOOP('',(#6097,#6098,#6099,#6100));
#1540=EDGE_LOOP('',(#6101,#6102,#6103,#6104));
#1541=EDGE_LOOP('',(#6105,#6106,#6107,#6108));
#1542=EDGE_LOOP('',(#6109,#6110,#6111,#6112,#6113));
#1543=EDGE_LOOP('',(#6114,#6115,#6116,#6117,#6118));
#1544=EDGE_LOOP('',(#6119,#6120,#6121,#6122,#6123,#6124));
#1545=EDGE_LOOP('',(#6125,#6126,#6127,#6128,#6129,#6130));
#1546=EDGE_LOOP('',(#6131,#6132,#6133,#6134,#6135));
#1547=EDGE_LOOP('',(#6136,#6137,#6138,#6139,#6140));
#1548=EDGE_LOOP('',(#6141));
#1549=EDGE_LOOP('',(#6142,#6143,#6144,#6145,#6146,#6147,#6148,#6149,#6150));
#1550=EDGE_LOOP('',(#6151,#6152,#6153,#6154,#6155,#6156));
#1551=LINE('',#8662,#2131);
#1552=LINE('',#8664,#2132);
#1553=LINE('',#8666,#2133);
#1554=LINE('',#8667,#2134);
#1555=LINE('',#8674,#2135);
#1556=LINE('',#8676,#2136);
#1557=LINE('',#8678,#2137);
#1558=LINE('',#8679,#2138);
#1559=LINE('',#8687,#2139);
#1560=LINE('',#8689,#2140);
#1561=LINE('',#8691,#2141);
#1562=LINE('',#8692,#2142);
#1563=LINE('',#8697,#2143);
#1564=LINE('',#8807,#2144);
#1565=LINE('',#8899,#2145);
#1566=LINE('',#8901,#2146);
#1567=LINE('',#8903,#2147);
#1568=LINE('',#8904,#2148);
#1569=LINE('',#8907,#2149);
#1570=LINE('',#8909,#2150);
#1571=LINE('',#8953,#2151);
#1572=LINE('',#8955,#2152);
#1573=LINE('',#8957,#2153);
#1574=LINE('',#8983,#2154);
#1575=LINE('',#8985,#2155);
#1576=LINE('',#8986,#2156);
#1577=LINE('',#8989,#2157);
#1578=LINE('',#9099,#2158);
#1579=LINE('',#9191,#2159);
#1580=LINE('',#9193,#2160);
#1581=LINE('',#9207,#2161);
#1582=LINE('',#9221,#2162);
#1583=LINE('',#9222,#2163);
#1584=LINE('',#9225,#2164);
#1585=LINE('',#9227,#2165);
#1586=LINE('',#9229,#2166);
#1587=LINE('',#9230,#2167);
#1588=LINE('',#9233,#2168);
#1589=LINE('',#9269,#2169);
#1590=LINE('',#9271,#2170);
#1591=LINE('',#9273,#2171);
#1592=LINE('',#9274,#2172);
#1593=LINE('',#9279,#2173);
#1594=LINE('',#9281,#2174);
#1595=LINE('',#9283,#2175);
#1596=LINE('',#9285,#2176);
#1597=LINE('',#9287,#2177);
#1598=LINE('',#9289,#2178);
#1599=LINE('',#9291,#2179);
#1600=LINE('',#9292,#2180);
#1601=LINE('',#9295,#2181);
#1602=LINE('',#9297,#2182);
#1603=LINE('',#9299,#2183);
#1604=LINE('',#9300,#2184);
#1605=LINE('',#9303,#2185);
#1606=LINE('',#9305,#2186);
#1607=LINE('',#9349,#2187);
#1608=LINE('',#9351,#2188);
#1609=LINE('',#9353,#2189);
#1610=LINE('',#9379,#2190);
#1611=LINE('',#9381,#2191);
#1612=LINE('',#9382,#2192);
#1613=LINE('',#9387,#2193);
#1614=LINE('',#9392,#2194);
#1615=LINE('',#9397,#2195);
#1616=LINE('',#9399,#2196);
#1617=LINE('',#9400,#2197);
#1618=LINE('',#9417,#2198);
#1619=LINE('',#9434,#2199);
#1620=LINE('',#9451,#2200);
#1621=LINE('',#9468,#2201);
#1622=LINE('',#9485,#2202);
#1623=LINE('',#9502,#2203);
#1624=LINE('',#9519,#2204);
#1625=LINE('',#9536,#2205);
#1626=LINE('',#9553,#2206);
#1627=LINE('',#9570,#2207);
#1628=LINE('',#9587,#2208);
#1629=LINE('',#9604,#2209);
#1630=LINE('',#9621,#2210);
#1631=LINE('',#9638,#2211);
#1632=LINE('',#9655,#2212);
#1633=LINE('',#9672,#2213);
#1634=LINE('',#9689,#2214);
#1635=LINE('',#9706,#2215);
#1636=LINE('',#9709,#2216);
#1637=LINE('',#9710,#2217);
#1638=LINE('',#9727,#2218);
#1639=LINE('',#9744,#2219);
#1640=LINE('',#9761,#2220);
#1641=LINE('',#9778,#2221);
#1642=LINE('',#9795,#2222);
#1643=LINE('',#9812,#2223);
#1644=LINE('',#9829,#2224);
#1645=LINE('',#9846,#2225);
#1646=LINE('',#9863,#2226);
#1647=LINE('',#9880,#2227);
#1648=LINE('',#9897,#2228);
#1649=LINE('',#9914,#2229);
#1650=LINE('',#9931,#2230);
#1651=LINE('',#9948,#2231);
#1652=LINE('',#9967,#2232);
#1653=LINE('',#9969,#2233);
#1654=LINE('',#9970,#2234);
#1655=LINE('',#9973,#2235);
#1656=LINE('',#9974,#2236);
#1657=LINE('',#9977,#2237);
#1658=LINE('',#9978,#2238);
#1659=LINE('',#9980,#2239);
#1660=LINE('',#9985,#2240);
#1661=LINE('',#9987,#2241);
#1662=LINE('',#9989,#2242);
#1663=LINE('',#9990,#2243);
#1664=LINE('',#10013,#2244);
#1665=LINE('',#10036,#2245);
#1666=LINE('',#10059,#2246);
#1667=LINE('',#10082,#2247);
#1668=LINE('',#10105,#2248);
#1669=LINE('',#10108,#2249);
#1670=LINE('',#10110,#2250);
#1671=LINE('',#10111,#2251);
#1672=LINE('',#10113,#2252);
#1673=LINE('',#10114,#2253);
#1674=LINE('',#10117,#2254);
#1675=LINE('',#10119,#2255);
#1676=LINE('',#10120,#2256);
#1677=LINE('',#10123,#2257);
#1678=LINE('',#10124,#2258);
#1679=LINE('',#10141,#2259);
#1680=LINE('',#10158,#2260);
#1681=LINE('',#10175,#2261);
#1682=LINE('',#10192,#2262);
#1683=LINE('',#10209,#2263);
#1684=LINE('',#10226,#2264);
#1685=LINE('',#10243,#2265);
#1686=LINE('',#10246,#2266);
#1687=LINE('',#10247,#2267);
#1688=LINE('',#10250,#2268);
#1689=LINE('',#10251,#2269);
#1690=LINE('',#10254,#2270);
#1691=LINE('',#10255,#2271);
#1692=LINE('',#10272,#2272);
#1693=LINE('',#10289,#2273);
#1694=LINE('',#10306,#2274);
#1695=LINE('',#10323,#2275);
#1696=LINE('',#10326,#2276);
#1697=LINE('',#10327,#2277);
#1698=LINE('',#10330,#2278);
#1699=LINE('',#10331,#2279);
#1700=LINE('',#10333,#2280);
#1701=LINE('',#10338,#2281);
#1702=LINE('',#10340,#2282);
#1703=LINE('',#10341,#2283);
#1704=LINE('',#10344,#2284);
#1705=LINE('',#10345,#2285);
#1706=LINE('',#10348,#2286);
#1707=LINE('',#10349,#2287);
#1708=LINE('',#10351,#2288);
#1709=LINE('',#10356,#2289);
#1710=LINE('',#10358,#2290);
#1711=LINE('',#10360,#2291);
#1712=LINE('',#10361,#2292);
#1713=LINE('',#10384,#2293);
#1714=LINE('',#10407,#2294);
#1715=LINE('',#10430,#2295);
#1716=LINE('',#10453,#2296);
#1717=LINE('',#10476,#2297);
#1718=LINE('',#10479,#2298);
#1719=LINE('',#10481,#2299);
#1720=LINE('',#10482,#2300);
#1721=LINE('',#10484,#2301);
#1722=LINE('',#10485,#2302);
#1723=LINE('',#10488,#2303);
#1724=LINE('',#10490,#2304);
#1725=LINE('',#10491,#2305);
#1726=LINE('',#10494,#2306);
#1727=LINE('',#10495,#2307);
#1728=LINE('',#10512,#2308);
#1729=LINE('',#10529,#2309);
#1730=LINE('',#10546,#2310);
#1731=LINE('',#10563,#2311);
#1732=LINE('',#10580,#2312);
#1733=LINE('',#10597,#2313);
#1734=LINE('',#10614,#2314);
#1735=LINE('',#10617,#2315);
#1736=LINE('',#10618,#2316);
#1737=LINE('',#10621,#2317);
#1738=LINE('',#10622,#2318);
#1739=LINE('',#10625,#2319);
#1740=LINE('',#10626,#2320);
#1741=LINE('',#10643,#2321);
#1742=LINE('',#10660,#2322);
#1743=LINE('',#10677,#2323);
#1744=LINE('',#10694,#2324);
#1745=LINE('',#10697,#2325);
#1746=LINE('',#10698,#2326);
#1747=LINE('',#10701,#2327);
#1748=LINE('',#10702,#2328);
#1749=LINE('',#10704,#2329);
#1750=LINE('',#10709,#2330);
#1751=LINE('',#10711,#2331);
#1752=LINE('',#10712,#2332);
#1753=LINE('',#10729,#2333);
#1754=LINE('',#10746,#2334);
#1755=LINE('',#10763,#2335);
#1756=LINE('',#10780,#2336);
#1757=LINE('',#10797,#2337);
#1758=LINE('',#10814,#2338);
#1759=LINE('',#10831,#2339);
#1760=LINE('',#10848,#2340);
#1761=LINE('',#10865,#2341);
#1762=LINE('',#10882,#2342);
#1763=LINE('',#10899,#2343);
#1764=LINE('',#10916,#2344);
#1765=LINE('',#10933,#2345);
#1766=LINE('',#10950,#2346);
#1767=LINE('',#10967,#2347);
#1768=LINE('',#10984,#2348);
#1769=LINE('',#11001,#2349);
#1770=LINE('',#11018,#2350);
#1771=LINE('',#11021,#2351);
#1772=LINE('',#11022,#2352);
#1773=LINE('',#11039,#2353);
#1774=LINE('',#11056,#2354);
#1775=LINE('',#11073,#2355);
#1776=LINE('',#11090,#2356);
#1777=LINE('',#11107,#2357);
#1778=LINE('',#11124,#2358);
#1779=LINE('',#11141,#2359);
#1780=LINE('',#11158,#2360);
#1781=LINE('',#11175,#2361);
#1782=LINE('',#11192,#2362);
#1783=LINE('',#11209,#2363);
#1784=LINE('',#11226,#2364);
#1785=LINE('',#11243,#2365);
#1786=LINE('',#11260,#2366);
#1787=LINE('',#11279,#2367);
#1788=LINE('',#11281,#2368);
#1789=LINE('',#11282,#2369);
#1790=LINE('',#11285,#2370);
#1791=LINE('',#11286,#2371);
#1792=LINE('',#11303,#2372);
#1793=LINE('',#11320,#2373);
#1794=LINE('',#11323,#2374);
#1795=LINE('',#11324,#2375);
#1796=LINE('',#11341,#2376);
#1797=LINE('',#11358,#2377);
#1798=LINE('',#11361,#2378);
#1799=LINE('',#11362,#2379);
#1800=LINE('',#11364,#2380);
#1801=LINE('',#11368,#2381);
#1802=LINE('',#11370,#2382);
#1803=LINE('',#11371,#2383);
#1804=LINE('',#11374,#2384);
#1805=LINE('',#11375,#2385);
#1806=LINE('',#11378,#2386);
#1807=LINE('',#11379,#2387);
#1808=LINE('',#11381,#2388);
#1809=LINE('',#11386,#2389);
#1810=LINE('',#11388,#2390);
#1811=LINE('',#11390,#2391);
#1812=LINE('',#11391,#2392);
#1813=LINE('',#11394,#2393);
#1814=LINE('',#11396,#2394);
#1815=LINE('',#11397,#2395);
#1816=LINE('',#11420,#2396);
#1817=LINE('',#11443,#2397);
#1818=LINE('',#11445,#2398);
#1819=LINE('',#11446,#2399);
#1820=LINE('',#11449,#2400);
#1821=LINE('',#11451,#2401);
#1822=LINE('',#11452,#2402);
#1823=LINE('',#11455,#2403);
#1824=LINE('',#11456,#2404);
#1825=LINE('',#11459,#2405);
#1826=LINE('',#11460,#2406);
#1827=LINE('',#11463,#2407);
#1828=LINE('',#11464,#2408);
#1829=LINE('',#11467,#2409);
#1830=LINE('',#11468,#2410);
#1831=LINE('',#11471,#2411);
#1832=LINE('',#11472,#2412);
#1833=LINE('',#11475,#2413);
#1834=LINE('',#11476,#2414);
#1835=LINE('',#11478,#2415);
#1836=LINE('',#11484,#2416);
#1837=LINE('',#11486,#2417);
#1838=LINE('',#11488,#2418);
#1839=LINE('',#11489,#2419);
#1840=LINE('',#11495,#2420);
#1841=LINE('',#11497,#2421);
#1842=LINE('',#11498,#2422);
#1843=LINE('',#11507,#2423);
#1844=LINE('',#11516,#2424);
#1845=LINE('',#11525,#2425);
#1846=LINE('',#11534,#2426);
#1847=LINE('',#11543,#2427);
#1848=LINE('',#11552,#2428);
#1849=LINE('',#11560,#2429);
#1850=LINE('',#11562,#2430);
#1851=LINE('',#11564,#2431);
#1852=LINE('',#11565,#2432);
#1853=LINE('',#11568,#2433);
#1854=LINE('',#11570,#2434);
#1855=LINE('',#11571,#2435);
#1856=LINE('',#11574,#2436);
#1857=LINE('',#11576,#2437);
#1858=LINE('',#11577,#2438);
#1859=LINE('',#11579,#2439);
#1860=LINE('',#11580,#2440);
#1861=LINE('',#11586,#2441);
#1862=LINE('',#11595,#2442);
#1863=LINE('',#11604,#2443);
#1864=LINE('',#11613,#2444);
#1865=LINE('',#11620,#2445);
#1866=LINE('',#11627,#2446);
#1867=LINE('',#11634,#2447);
#1868=LINE('',#11641,#2448);
#1869=LINE('',#11648,#2449);
#1870=LINE('',#11655,#2450);
#1871=LINE('',#11662,#2451);
#1872=LINE('',#11669,#2452);
#1873=LINE('',#11676,#2453);
#1874=LINE('',#11683,#2454);
#1875=LINE('',#11690,#2455);
#1876=LINE('',#11695,#2456);
#1877=LINE('',#11699,#2457);
#1878=LINE('',#11703,#2458);
#1879=LINE('',#11705,#2459);
#1880=LINE('',#11706,#2460);
#1881=LINE('',#11709,#2461);
#1882=LINE('',#11710,#2462);
#1883=LINE('',#11713,#2463);
#1884=LINE('',#11714,#2464);
#1885=LINE('',#11716,#2465);
#1886=LINE('',#11719,#2466);
#1887=LINE('',#11722,#2467);
#1888=LINE('',#11725,#2468);
#1889=LINE('',#11727,#2469);
#1890=LINE('',#11730,#2470);
#1891=LINE('',#11733,#2471);
#1892=LINE('',#11735,#2472);
#1893=LINE('',#11737,#2473);
#1894=LINE('',#11740,#2474);
#1895=LINE('',#11743,#2475);
#1896=LINE('',#11745,#2476);
#1897=LINE('',#11747,#2477);
#1898=LINE('',#11749,#2478);
#1899=LINE('',#11752,#2479);
#1900=LINE('',#11757,#2480);
#1901=LINE('',#11758,#2481);
#1902=LINE('',#11759,#2482);
#1903=LINE('',#11762,#2483);
#1904=LINE('',#11763,#2484);
#1905=LINE('',#11766,#2485);
#1906=LINE('',#11767,#2486);
#1907=LINE('',#11769,#2487);
#1908=LINE('',#11774,#2488);
#1909=LINE('',#11776,#2489);
#1910=LINE('',#11778,#2490);
#1911=LINE('',#11779,#2491);
#1912=LINE('',#11782,#2492);
#1913=LINE('',#11784,#2493);
#1914=LINE('',#11785,#2494);
#1915=LINE('',#11788,#2495);
#1916=LINE('',#11790,#2496);
#1917=LINE('',#11791,#2497);
#1918=LINE('',#11793,#2498);
#1919=LINE('',#11794,#2499);
#1920=LINE('',#11798,#2500);
#1921=LINE('',#11800,#2501);
#1922=LINE('',#11802,#2502);
#1923=LINE('',#11803,#2503);
#1924=LINE('',#11807,#2504);
#1925=LINE('',#11809,#2505);
#1926=LINE('',#11811,#2506);
#1927=LINE('',#11812,#2507);
#1928=LINE('',#11815,#2508);
#1929=LINE('',#11817,#2509);
#1930=LINE('',#11818,#2510);
#1931=LINE('',#11820,#2511);
#1932=LINE('',#11821,#2512);
#1933=LINE('',#11823,#2513);
#1934=LINE('',#11826,#2514);
#1935=LINE('',#11827,#2515);
#1936=LINE('',#11829,#2516);
#1937=LINE('',#11832,#2517);
#1938=LINE('',#11833,#2518);
#1939=LINE('',#11835,#2519);
#1940=LINE('',#11840,#2520);
#1941=LINE('',#11842,#2521);
#1942=LINE('',#11844,#2522);
#1943=LINE('',#11845,#2523);
#1944=LINE('',#11848,#2524);
#1945=LINE('',#11850,#2525);
#1946=LINE('',#11851,#2526);
#1947=LINE('',#11854,#2527);
#1948=LINE('',#11856,#2528);
#1949=LINE('',#11857,#2529);
#1950=LINE('',#11859,#2530);
#1951=LINE('',#11860,#2531);
#1952=LINE('',#11864,#2532);
#1953=LINE('',#11866,#2533);
#1954=LINE('',#11868,#2534);
#1955=LINE('',#11869,#2535);
#1956=LINE('',#11872,#2536);
#1957=LINE('',#11874,#2537);
#1958=LINE('',#11875,#2538);
#1959=LINE('',#11879,#2539);
#1960=LINE('',#11881,#2540);
#1961=LINE('',#11883,#2541);
#1962=LINE('',#11884,#2542);
#1963=LINE('',#11886,#2543);
#1964=LINE('',#11887,#2544);
#1965=LINE('',#11889,#2545);
#1966=LINE('',#11891,#2546);
#1967=LINE('',#11894,#2547);
#1968=LINE('',#11895,#2548);
#1969=LINE('',#11898,#2549);
#1970=LINE('',#11899,#2550);
#1971=LINE('',#11901,#2551);
#1972=LINE('',#11906,#2552);
#1973=LINE('',#11908,#2553);
#1974=LINE('',#11910,#2554);
#1975=LINE('',#11911,#2555);
#1976=LINE('',#11914,#2556);
#1977=LINE('',#11916,#2557);
#1978=LINE('',#11917,#2558);
#1979=LINE('',#11920,#2559);
#1980=LINE('',#11922,#2560);
#1981=LINE('',#11923,#2561);
#1982=LINE('',#11925,#2562);
#1983=LINE('',#11926,#2563);
#1984=LINE('',#11930,#2564);
#1985=LINE('',#11932,#2565);
#1986=LINE('',#11934,#2566);
#1987=LINE('',#11935,#2567);
#1988=LINE('',#11939,#2568);
#1989=LINE('',#11941,#2569);
#1990=LINE('',#11943,#2570);
#1991=LINE('',#11944,#2571);
#1992=LINE('',#11947,#2572);
#1993=LINE('',#11949,#2573);
#1994=LINE('',#11950,#2574);
#1995=LINE('',#11952,#2575);
#1996=LINE('',#11953,#2576);
#1997=LINE('',#11955,#2577);
#1998=LINE('',#11958,#2578);
#1999=LINE('',#11959,#2579);
#2000=LINE('',#11961,#2580);
#2001=LINE('',#11964,#2581);
#2002=LINE('',#11965,#2582);
#2003=LINE('',#11967,#2583);
#2004=LINE('',#11976,#2584);
#2005=LINE('',#11983,#2585);
#2006=LINE('',#11992,#2586);
#2007=LINE('',#11999,#2587);
#2008=LINE('',#12004,#2588);
#2009=LINE('',#12006,#2589);
#2010=LINE('',#12008,#2590);
#2011=LINE('',#12009,#2591);
#2012=LINE('',#12012,#2592);
#2013=LINE('',#12016,#2593);
#2014=LINE('',#12018,#2594);
#2015=LINE('',#12020,#2595);
#2016=LINE('',#12023,#2596);
#2017=LINE('',#12026,#2597);
#2018=LINE('',#12027,#2598);
#2019=LINE('',#12031,#2599);
#2020=LINE('',#12033,#2600);
#2021=LINE('',#12034,#2601);
#2022=LINE('',#12035,#2602);
#2023=LINE('',#12038,#2603);
#2024=LINE('',#12040,#2604);
#2025=LINE('',#12041,#2605);
#2026=LINE('',#12044,#2606);
#2027=LINE('',#12045,#2607);
#2028=LINE('',#12047,#2608);
#2029=LINE('',#12048,#2609);
#2030=LINE('',#12051,#2610);
#2031=LINE('',#12052,#2611);
#2032=LINE('',#12057,#2612);
#2033=LINE('',#12061,#2613);
#2034=LINE('',#12063,#2614);
#2035=LINE('',#12065,#2615);
#2036=LINE('',#12071,#2616);
#2037=LINE('',#12078,#2617);
#2038=LINE('',#12083,#2618);
#2039=LINE('',#12085,#2619);
#2040=LINE('',#12087,#2620);
#2041=LINE('',#12088,#2621);
#2042=LINE('',#12091,#2622);
#2043=LINE('',#12095,#2623);
#2044=LINE('',#12097,#2624);
#2045=LINE('',#12099,#2625);
#2046=LINE('',#12102,#2626);
#2047=LINE('',#12105,#2627);
#2048=LINE('',#12106,#2628);
#2049=LINE('',#12110,#2629);
#2050=LINE('',#12112,#2630);
#2051=LINE('',#12113,#2631);
#2052=LINE('',#12114,#2632);
#2053=LINE('',#12117,#2633);
#2054=LINE('',#12119,#2634);
#2055=LINE('',#12120,#2635);
#2056=LINE('',#12123,#2636);
#2057=LINE('',#12124,#2637);
#2058=LINE('',#12126,#2638);
#2059=LINE('',#12127,#2639);
#2060=LINE('',#12130,#2640);
#2061=LINE('',#12131,#2641);
#2062=LINE('',#12136,#2642);
#2063=LINE('',#12140,#2643);
#2064=LINE('',#12142,#2644);
#2065=LINE('',#12144,#2645);
#2066=LINE('',#12150,#2646);
#2067=LINE('',#12157,#2647);
#2068=LINE('',#12162,#2648);
#2069=LINE('',#12164,#2649);
#2070=LINE('',#12166,#2650);
#2071=LINE('',#12167,#2651);
#2072=LINE('',#12170,#2652);
#2073=LINE('',#12174,#2653);
#2074=LINE('',#12176,#2654);
#2075=LINE('',#12178,#2655);
#2076=LINE('',#12181,#2656);
#2077=LINE('',#12184,#2657);
#2078=LINE('',#12185,#2658);
#2079=LINE('',#12189,#2659);
#2080=LINE('',#12191,#2660);
#2081=LINE('',#12192,#2661);
#2082=LINE('',#12193,#2662);
#2083=LINE('',#12196,#2663);
#2084=LINE('',#12198,#2664);
#2085=LINE('',#12199,#2665);
#2086=LINE('',#12202,#2666);
#2087=LINE('',#12203,#2667);
#2088=LINE('',#12205,#2668);
#2089=LINE('',#12206,#2669);
#2090=LINE('',#12209,#2670);
#2091=LINE('',#12210,#2671);
#2092=LINE('',#12215,#2672);
#2093=LINE('',#12219,#2673);
#2094=LINE('',#12221,#2674);
#2095=LINE('',#12223,#2675);
#2096=LINE('',#12230,#2676);
#2097=LINE('',#12232,#2677);
#2098=LINE('',#12233,#2678);
#2099=LINE('',#12245,#2679);
#2100=LINE('',#12248,#2680);
#2101=LINE('',#12252,#2681);
#2102=LINE('',#12254,#2682);
#2103=LINE('',#12259,#2683);
#2104=LINE('',#12262,#2684);
#2105=LINE('',#12264,#2685);
#2106=LINE('',#12265,#2686);
#2107=LINE('',#12267,#2687);
#2108=LINE('',#12268,#2688);
#2109=LINE('',#12270,#2689);
#2110=LINE('',#12272,#2690);
#2111=LINE('',#12285,#2691);
#2112=LINE('',#12298,#2692);
#2113=LINE('',#12302,#2693);
#2114=LINE('',#12306,#2694);
#2115=LINE('',#12326,#2695);
#2116=LINE('',#12331,#2696);
#2117=LINE('',#12334,#2697);
#2118=LINE('',#12336,#2698);
#2119=LINE('',#12338,#2699);
#2120=LINE('',#12339,#2700);
#2121=LINE('',#12342,#2701);
#2122=LINE('',#12344,#2702);
#2123=LINE('',#12348,#2703);
#2124=LINE('',#12349,#2704);
#2125=LINE('',#12351,#2705);
#2126=LINE('',#12353,#2706);
#2127=LINE('',#12366,#2707);
#2128=LINE('',#12379,#2708);
#2129=LINE('',#12383,#2709);
#2130=LINE('',#12387,#2710);
#2131=VECTOR('',#7212,10.);
#2132=VECTOR('',#7213,10.);
#2133=VECTOR('',#7214,10.);
#2134=VECTOR('',#7215,10.);
#2135=VECTOR('',#7224,10.);
#2136=VECTOR('',#7225,10.);
#2137=VECTOR('',#7226,10.);
#2138=VECTOR('',#7227,10.);
#2139=VECTOR('',#7238,10.);
#2140=VECTOR('',#7239,10.);
#2141=VECTOR('',#7240,10.);
#2142=VECTOR('',#7241,10.);
#2143=VECTOR('',#7244,10.);
#2144=VECTOR('',#7245,10.);
#2145=VECTOR('',#7246,10.);
#2146=VECTOR('',#7247,10.);
#2147=VECTOR('',#7248,10.);
#2148=VECTOR('',#7249,10.);
#2149=VECTOR('',#7250,10.);
#2150=VECTOR('',#7251,10.);
#2151=VECTOR('',#7252,10.);
#2152=VECTOR('',#7253,10.);
#2153=VECTOR('',#7254,10.);
#2154=VECTOR('',#7255,10.);
#2155=VECTOR('',#7256,10.);
#2156=VECTOR('',#7257,10.);
#2157=VECTOR('',#7258,10.);
#2158=VECTOR('',#7259,10.);
#2159=VECTOR('',#7260,10.);
#2160=VECTOR('',#7261,10.);
#2161=VECTOR('',#7262,10.);
#2162=VECTOR('',#7263,10.);
#2163=VECTOR('',#7264,10.);
#2164=VECTOR('',#7265,10.);
#2165=VECTOR('',#7266,10.);
#2166=VECTOR('',#7267,10.);
#2167=VECTOR('',#7268,10.);
#2168=VECTOR('',#7269,10.);
#2169=VECTOR('',#7304,10.);
#2170=VECTOR('',#7305,10.);
#2171=VECTOR('',#7306,10.);
#2172=VECTOR('',#7307,10.);
#2173=VECTOR('',#7310,10.);
#2174=VECTOR('',#7311,10.);
#2175=VECTOR('',#7312,10.);
#2176=VECTOR('',#7313,10.);
#2177=VECTOR('',#7314,10.);
#2178=VECTOR('',#7315,10.);
#2179=VECTOR('',#7316,10.);
#2180=VECTOR('',#7317,10.);
#2181=VECTOR('',#7318,10.);
#2182=VECTOR('',#7319,10.);
#2183=VECTOR('',#7320,10.);
#2184=VECTOR('',#7321,10.);
#2185=VECTOR('',#7322,10.);
#2186=VECTOR('',#7323,10.);
#2187=VECTOR('',#7324,10.);
#2188=VECTOR('',#7325,10.);
#2189=VECTOR('',#7326,10.);
#2190=VECTOR('',#7327,10.);
#2191=VECTOR('',#7328,10.);
#2192=VECTOR('',#7329,10.);
#2193=VECTOR('',#7334,0.35);
#2194=VECTOR('',#7341,0.5);
#2195=VECTOR('',#7348,10.);
#2196=VECTOR('',#7349,10.);
#2197=VECTOR('',#7350,10.);
#2198=VECTOR('',#7351,10.);
#2199=VECTOR('',#7352,10.);
#2200=VECTOR('',#7353,10.);
#2201=VECTOR('',#7354,10.);
#2202=VECTOR('',#7355,10.);
#2203=VECTOR('',#7356,10.);
#2204=VECTOR('',#7357,10.);
#2205=VECTOR('',#7358,10.);
#2206=VECTOR('',#7359,10.);
#2207=VECTOR('',#7360,10.);
#2208=VECTOR('',#7361,10.);
#2209=VECTOR('',#7362,10.);
#2210=VECTOR('',#7363,10.);
#2211=VECTOR('',#7364,10.);
#2212=VECTOR('',#7365,10.);
#2213=VECTOR('',#7366,10.);
#2214=VECTOR('',#7367,10.);
#2215=VECTOR('',#7368,10.);
#2216=VECTOR('',#7371,10.);
#2217=VECTOR('',#7372,10.);
#2218=VECTOR('',#7373,10.);
#2219=VECTOR('',#7374,10.);
#2220=VECTOR('',#7375,10.);
#2221=VECTOR('',#7376,10.);
#2222=VECTOR('',#7377,10.);
#2223=VECTOR('',#7378,10.);
#2224=VECTOR('',#7379,10.);
#2225=VECTOR('',#7380,10.);
#2226=VECTOR('',#7381,10.);
#2227=VECTOR('',#7382,10.);
#2228=VECTOR('',#7383,10.);
#2229=VECTOR('',#7384,10.);
#2230=VECTOR('',#7385,10.);
#2231=VECTOR('',#7386,10.);
#2232=VECTOR('',#7391,10.);
#2233=VECTOR('',#7392,10.);
#2234=VECTOR('',#7393,10.);
#2235=VECTOR('',#7396,10.);
#2236=VECTOR('',#7397,10.);
#2237=VECTOR('',#7400,10.);
#2238=VECTOR('',#7401,10.);
#2239=VECTOR('',#7404,10.);
#2240=VECTOR('',#7409,10.);
#2241=VECTOR('',#7410,10.);
#2242=VECTOR('',#7411,10.);
#2243=VECTOR('',#7412,10.);
#2244=VECTOR('',#7413,10.);
#2245=VECTOR('',#7414,10.);
#2246=VECTOR('',#7415,10.);
#2247=VECTOR('',#7416,10.);
#2248=VECTOR('',#7417,10.);
#2249=VECTOR('',#7420,10.);
#2250=VECTOR('',#7421,10.);
#2251=VECTOR('',#7422,10.);
#2252=VECTOR('',#7425,10.);
#2253=VECTOR('',#7426,10.);
#2254=VECTOR('',#7429,10.);
#2255=VECTOR('',#7430,10.);
#2256=VECTOR('',#7431,10.);
#2257=VECTOR('',#7434,10.);
#2258=VECTOR('',#7435,10.);
#2259=VECTOR('',#7436,10.);
#2260=VECTOR('',#7437,10.);
#2261=VECTOR('',#7438,10.);
#2262=VECTOR('',#7439,10.);
#2263=VECTOR('',#7440,10.);
#2264=VECTOR('',#7441,10.);
#2265=VECTOR('',#7442,10.);
#2266=VECTOR('',#7445,10.);
#2267=VECTOR('',#7446,10.);
#2268=VECTOR('',#7449,10.);
#2269=VECTOR('',#7450,10.);
#2270=VECTOR('',#7453,10.);
#2271=VECTOR('',#7454,10.);
#2272=VECTOR('',#7455,10.);
#2273=VECTOR('',#7456,10.);
#2274=VECTOR('',#7457,10.);
#2275=VECTOR('',#7458,10.);
#2276=VECTOR('',#7461,10.);
#2277=VECTOR('',#7462,10.);
#2278=VECTOR('',#7465,10.);
#2279=VECTOR('',#7466,10.);
#2280=VECTOR('',#7469,10.);
#2281=VECTOR('',#7476,10.);
#2282=VECTOR('',#7477,10.);
#2283=VECTOR('',#7478,10.);
#2284=VECTOR('',#7481,10.);
#2285=VECTOR('',#7482,10.);
#2286=VECTOR('',#7485,10.);
#2287=VECTOR('',#7486,10.);
#2288=VECTOR('',#7489,10.);
#2289=VECTOR('',#7494,10.);
#2290=VECTOR('',#7495,10.);
#2291=VECTOR('',#7496,10.);
#2292=VECTOR('',#7497,10.);
#2293=VECTOR('',#7498,10.);
#2294=VECTOR('',#7499,10.);
#2295=VECTOR('',#7500,10.);
#2296=VECTOR('',#7501,10.);
#2297=VECTOR('',#7502,10.);
#2298=VECTOR('',#7505,10.);
#2299=VECTOR('',#7506,10.);
#2300=VECTOR('',#7507,10.);
#2301=VECTOR('',#7510,10.);
#2302=VECTOR('',#7511,10.);
#2303=VECTOR('',#7514,10.);
#2304=VECTOR('',#7515,10.);
#2305=VECTOR('',#7516,10.);
#2306=VECTOR('',#7519,10.);
#2307=VECTOR('',#7520,10.);
#2308=VECTOR('',#7521,10.);
#2309=VECTOR('',#7522,10.);
#2310=VECTOR('',#7523,10.);
#2311=VECTOR('',#7524,10.);
#2312=VECTOR('',#7525,10.);
#2313=VECTOR('',#7526,10.);
#2314=VECTOR('',#7527,10.);
#2315=VECTOR('',#7530,10.);
#2316=VECTOR('',#7531,10.);
#2317=VECTOR('',#7534,10.);
#2318=VECTOR('',#7535,10.);
#2319=VECTOR('',#7538,10.);
#2320=VECTOR('',#7539,10.);
#2321=VECTOR('',#7540,10.);
#2322=VECTOR('',#7541,10.);
#2323=VECTOR('',#7542,10.);
#2324=VECTOR('',#7543,10.);
#2325=VECTOR('',#7546,10.);
#2326=VECTOR('',#7547,10.);
#2327=VECTOR('',#7550,10.);
#2328=VECTOR('',#7551,10.);
#2329=VECTOR('',#7554,10.);
#2330=VECTOR('',#7561,10.);
#2331=VECTOR('',#7562,10.);
#2332=VECTOR('',#7563,10.);
#2333=VECTOR('',#7564,10.);
#2334=VECTOR('',#7565,10.);
#2335=VECTOR('',#7566,10.);
#2336=VECTOR('',#7567,10.);
#2337=VECTOR('',#7568,10.);
#2338=VECTOR('',#7569,10.);
#2339=VECTOR('',#7570,10.);
#2340=VECTOR('',#7571,10.);
#2341=VECTOR('',#7572,10.);
#2342=VECTOR('',#7573,10.);
#2343=VECTOR('',#7574,10.);
#2344=VECTOR('',#7575,10.);
#2345=VECTOR('',#7576,10.);
#2346=VECTOR('',#7577,10.);
#2347=VECTOR('',#7578,10.);
#2348=VECTOR('',#7579,10.);
#2349=VECTOR('',#7580,10.);
#2350=VECTOR('',#7581,10.);
#2351=VECTOR('',#7584,10.);
#2352=VECTOR('',#7585,10.);
#2353=VECTOR('',#7586,10.);
#2354=VECTOR('',#7587,10.);
#2355=VECTOR('',#7588,10.);
#2356=VECTOR('',#7589,10.);
#2357=VECTOR('',#7590,10.);
#2358=VECTOR('',#7591,10.);
#2359=VECTOR('',#7592,10.);
#2360=VECTOR('',#7593,10.);
#2361=VECTOR('',#7594,10.);
#2362=VECTOR('',#7595,10.);
#2363=VECTOR('',#7596,10.);
#2364=VECTOR('',#7597,10.);
#2365=VECTOR('',#7598,10.);
#2366=VECTOR('',#7599,10.);
#2367=VECTOR('',#7604,10.);
#2368=VECTOR('',#7605,10.);
#2369=VECTOR('',#7606,10.);
#2370=VECTOR('',#7609,10.);
#2371=VECTOR('',#7610,10.);
#2372=VECTOR('',#7611,10.);
#2373=VECTOR('',#7612,10.);
#2374=VECTOR('',#7615,10.);
#2375=VECTOR('',#7616,10.);
#2376=VECTOR('',#7617,10.);
#2377=VECTOR('',#7618,10.);
#2378=VECTOR('',#7621,10.);
#2379=VECTOR('',#7622,10.);
#2380=VECTOR('',#7625,10.);
#2381=VECTOR('',#7630,10.);
#2382=VECTOR('',#7631,10.);
#2383=VECTOR('',#7632,10.);
#2384=VECTOR('',#7635,10.);
#2385=VECTOR('',#7636,10.);
#2386=VECTOR('',#7639,10.);
#2387=VECTOR('',#7640,10.);
#2388=VECTOR('',#7643,10.);
#2389=VECTOR('',#7648,10.);
#2390=VECTOR('',#7649,10.);
#2391=VECTOR('',#7650,10.);
#2392=VECTOR('',#7651,10.);
#2393=VECTOR('',#7654,10.);
#2394=VECTOR('',#7655,10.);
#2395=VECTOR('',#7656,10.);
#2396=VECTOR('',#7657,10.);
#2397=VECTOR('',#7658,10.);
#2398=VECTOR('',#7661,10.);
#2399=VECTOR('',#7662,10.);
#2400=VECTOR('',#7665,10.);
#2401=VECTOR('',#7666,10.);
#2402=VECTOR('',#7667,10.);
#2403=VECTOR('',#7670,10.);
#2404=VECTOR('',#7671,10.);
#2405=VECTOR('',#7674,10.);
#2406=VECTOR('',#7675,10.);
#2407=VECTOR('',#7678,10.);
#2408=VECTOR('',#7679,10.);
#2409=VECTOR('',#7682,10.);
#2410=VECTOR('',#7683,10.);
#2411=VECTOR('',#7686,10.);
#2412=VECTOR('',#7687,10.);
#2413=VECTOR('',#7690,10.);
#2414=VECTOR('',#7691,10.);
#2415=VECTOR('',#7694,10.);
#2416=VECTOR('',#7701,10.);
#2417=VECTOR('',#7702,10.);
#2418=VECTOR('',#7703,10.);
#2419=VECTOR('',#7704,10.);
#2420=VECTOR('',#7713,10.);
#2421=VECTOR('',#7714,10.);
#2422=VECTOR('',#7715,10.);
#2423=VECTOR('',#7728,0.7);
#2424=VECTOR('',#7739,0.700000000000001);
#2425=VECTOR('',#7750,0.700000000000001);
#2426=VECTOR('',#7761,0.700000000000001);
#2427=VECTOR('',#7772,0.700000000000001);
#2428=VECTOR('',#7783,0.700000000000001);
#2429=VECTOR('',#7792,10.);
#2430=VECTOR('',#7793,10.);
#2431=VECTOR('',#7794,10.);
#2432=VECTOR('',#7795,10.);
#2433=VECTOR('',#7798,10.);
#2434=VECTOR('',#7799,10.);
#2435=VECTOR('',#7800,10.);
#2436=VECTOR('',#7803,10.);
#2437=VECTOR('',#7804,10.);
#2438=VECTOR('',#7805,10.);
#2439=VECTOR('',#7808,10.);
#2440=VECTOR('',#7809,10.);
#2441=VECTOR('',#7816,0.7);
#2442=VECTOR('',#7827,0.7);
#2443=VECTOR('',#7838,0.700000000000001);
#2444=VECTOR('',#7849,0.700000000000001);
#2445=VECTOR('',#7858,0.700000000000001);
#2446=VECTOR('',#7867,0.700000000000001);
#2447=VECTOR('',#7876,0.700000000000001);
#2448=VECTOR('',#7885,0.7);
#2449=VECTOR('',#7894,0.7);
#2450=VECTOR('',#7903,0.700000000000001);
#2451=VECTOR('',#7912,0.700000000000001);
#2452=VECTOR('',#7921,0.700000000000001);
#2453=VECTOR('',#7930,0.7);
#2454=VECTOR('',#7939,0.700000000000001);
#2455=VECTOR('',#7948,0.5);
#2456=VECTOR('',#7955,0.5);
#2457=VECTOR('',#7960,0.5);
#2458=VECTOR('',#7965,10.);
#2459=VECTOR('',#7966,10.);
#2460=VECTOR('',#7967,10.);
#2461=VECTOR('',#7970,10.);
#2462=VECTOR('',#7971,10.);
#2463=VECTOR('',#7974,10.);
#2464=VECTOR('',#7975,10.);
#2465=VECTOR('',#7978,10.);
#2466=VECTOR('',#7983,0.5);
#2467=VECTOR('',#7986,0.875);
#2468=VECTOR('',#7991,0.5);
#2469=VECTOR('',#7994,0.5);
#2470=VECTOR('',#7997,1.5);
#2471=VECTOR('',#8002,0.500000000000001);
#2472=VECTOR('',#8005,0.5);
#2473=VECTOR('',#8008,0.5);
#2474=VECTOR('',#8011,0.875);
#2475=VECTOR('',#8016,0.5);
#2476=VECTOR('',#8019,0.5);
#2477=VECTOR('',#8022,0.5);
#2478=VECTOR('',#8025,0.5);
#2479=VECTOR('',#8028,1.5);
#2480=VECTOR('',#8033,10.);
#2481=VECTOR('',#8034,10.);
#2482=VECTOR('',#8035,10.);
#2483=VECTOR('',#8038,10.);
#2484=VECTOR('',#8039,10.);
#2485=VECTOR('',#8042,10.);
#2486=VECTOR('',#8043,10.);
#2487=VECTOR('',#8046,10.);
#2488=VECTOR('',#8051,10.);
#2489=VECTOR('',#8052,10.);
#2490=VECTOR('',#8053,10.);
#2491=VECTOR('',#8054,10.);
#2492=VECTOR('',#8057,10.);
#2493=VECTOR('',#8058,10.);
#2494=VECTOR('',#8059,10.);
#2495=VECTOR('',#8062,10.);
#2496=VECTOR('',#8063,10.);
#2497=VECTOR('',#8064,10.);
#2498=VECTOR('',#8067,10.);
#2499=VECTOR('',#8068,10.);
#2500=VECTOR('',#8071,10.);
#2501=VECTOR('',#8072,10.);
#2502=VECTOR('',#8073,10.);
#2503=VECTOR('',#8074,10.);
#2504=VECTOR('',#8077,10.);
#2505=VECTOR('',#8078,10.);
#2506=VECTOR('',#8079,10.);
#2507=VECTOR('',#8080,10.);
#2508=VECTOR('',#8083,10.);
#2509=VECTOR('',#8084,10.);
#2510=VECTOR('',#8085,10.);
#2511=VECTOR('',#8088,10.);
#2512=VECTOR('',#8089,10.);
#2513=VECTOR('',#8092,10.);
#2514=VECTOR('',#8095,10.);
#2515=VECTOR('',#8096,10.);
#2516=VECTOR('',#8099,10.);
#2517=VECTOR('',#8102,10.);
#2518=VECTOR('',#8103,10.);
#2519=VECTOR('',#8106,10.);
#2520=VECTOR('',#8111,10.);
#2521=VECTOR('',#8112,10.);
#2522=VECTOR('',#8113,10.);
#2523=VECTOR('',#8114,10.);
#2524=VECTOR('',#8117,10.);
#2525=VECTOR('',#8118,10.);
#2526=VECTOR('',#8119,10.);
#2527=VECTOR('',#8122,10.);
#2528=VECTOR('',#8123,10.);
#2529=VECTOR('',#8124,10.);
#2530=VECTOR('',#8127,10.);
#2531=VECTOR('',#8128,10.);
#2532=VECTOR('',#8131,10.);
#2533=VECTOR('',#8132,10.);
#2534=VECTOR('',#8133,10.);
#2535=VECTOR('',#8134,10.);
#2536=VECTOR('',#8137,10.);
#2537=VECTOR('',#8138,10.);
#2538=VECTOR('',#8139,10.);
#2539=VECTOR('',#8142,10.);
#2540=VECTOR('',#8143,10.);
#2541=VECTOR('',#8144,10.);
#2542=VECTOR('',#8145,10.);
#2543=VECTOR('',#8148,10.);
#2544=VECTOR('',#8149,10.);
#2545=VECTOR('',#8152,10.);
#2546=VECTOR('',#8155,10.);
#2547=VECTOR('',#8158,10.);
#2548=VECTOR('',#8159,10.);
#2549=VECTOR('',#8162,10.);
#2550=VECTOR('',#8163,10.);
#2551=VECTOR('',#8166,10.);
#2552=VECTOR('',#8171,10.);
#2553=VECTOR('',#8172,10.);
#2554=VECTOR('',#8173,10.);
#2555=VECTOR('',#8174,10.);
#2556=VECTOR('',#8177,10.);
#2557=VECTOR('',#8178,10.);
#2558=VECTOR('',#8179,10.);
#2559=VECTOR('',#8182,10.);
#2560=VECTOR('',#8183,10.);
#2561=VECTOR('',#8184,10.);
#2562=VECTOR('',#8187,10.);
#2563=VECTOR('',#8188,10.);
#2564=VECTOR('',#8191,10.);
#2565=VECTOR('',#8192,10.);
#2566=VECTOR('',#8193,10.);
#2567=VECTOR('',#8194,10.);
#2568=VECTOR('',#8197,10.);
#2569=VECTOR('',#8198,10.);
#2570=VECTOR('',#8199,10.);
#2571=VECTOR('',#8200,10.);
#2572=VECTOR('',#8203,10.);
#2573=VECTOR('',#8204,10.);
#2574=VECTOR('',#8205,10.);
#2575=VECTOR('',#8208,10.);
#2576=VECTOR('',#8209,10.);
#2577=VECTOR('',#8212,10.);
#2578=VECTOR('',#8215,10.);
#2579=VECTOR('',#8216,10.);
#2580=VECTOR('',#8219,10.);
#2581=VECTOR('',#8222,10.);
#2582=VECTOR('',#8223,10.);
#2583=VECTOR('',#8226,10.);
#2584=VECTOR('',#8237,2.9);
#2585=VECTOR('',#8246,2.45);
#2586=VECTOR('',#8257,0.4);
#2587=VECTOR('',#8266,0.5);
#2588=VECTOR('',#8271,10.);
#2589=VECTOR('',#8272,10.);
#2590=VECTOR('',#8273,10.);
#2591=VECTOR('',#8274,10.);
#2592=VECTOR('',#8277,10.);
#2593=VECTOR('',#8280,10.);
#2594=VECTOR('',#8281,10.);
#2595=VECTOR('',#8282,10.);
#2596=VECTOR('',#8285,10.);
#2597=VECTOR('',#8288,10.);
#2598=VECTOR('',#8289,10.);
#2599=VECTOR('',#8292,10.);
#2600=VECTOR('',#8293,10.);
#2601=VECTOR('',#8294,10.);
#2602=VECTOR('',#8295,10.);
#2603=VECTOR('',#8298,10.);
#2604=VECTOR('',#8299,10.);
#2605=VECTOR('',#8300,10.);
#2606=VECTOR('',#8303,10.);
#2607=VECTOR('',#8304,10.);
#2608=VECTOR('',#8307,10.);
#2609=VECTOR('',#8308,10.);
#2610=VECTOR('',#8311,10.);
#2611=VECTOR('',#8312,10.);
#2612=VECTOR('',#8319,10.);
#2613=VECTOR('',#8324,10.);
#2614=VECTOR('',#8327,10.);
#2615=VECTOR('',#8330,10.);
#2616=VECTOR('',#8337,0.4);
#2617=VECTOR('',#8346,0.5);
#2618=VECTOR('',#8351,10.);
#2619=VECTOR('',#8352,10.);
#2620=VECTOR('',#8353,10.);
#2621=VECTOR('',#8354,10.);
#2622=VECTOR('',#8357,10.);
#2623=VECTOR('',#8360,10.);
#2624=VECTOR('',#8361,10.);
#2625=VECTOR('',#8362,10.);
#2626=VECTOR('',#8365,10.);
#2627=VECTOR('',#8368,10.);
#2628=VECTOR('',#8369,10.);
#2629=VECTOR('',#8372,10.);
#2630=VECTOR('',#8373,10.);
#2631=VECTOR('',#8374,10.);
#2632=VECTOR('',#8375,10.);
#2633=VECTOR('',#8378,10.);
#2634=VECTOR('',#8379,10.);
#2635=VECTOR('',#8380,10.);
#2636=VECTOR('',#8383,10.);
#2637=VECTOR('',#8384,10.);
#2638=VECTOR('',#8387,10.);
#2639=VECTOR('',#8388,10.);
#2640=VECTOR('',#8391,10.);
#2641=VECTOR('',#8392,10.);
#2642=VECTOR('',#8399,10.);
#2643=VECTOR('',#8404,10.);
#2644=VECTOR('',#8407,10.);
#2645=VECTOR('',#8410,10.);
#2646=VECTOR('',#8417,0.4);
#2647=VECTOR('',#8426,0.5);
#2648=VECTOR('',#8431,10.);
#2649=VECTOR('',#8432,10.);
#2650=VECTOR('',#8433,10.);
#2651=VECTOR('',#8434,10.);
#2652=VECTOR('',#8437,10.);
#2653=VECTOR('',#8440,10.);
#2654=VECTOR('',#8441,10.);
#2655=VECTOR('',#8442,10.);
#2656=VECTOR('',#8445,10.);
#2657=VECTOR('',#8448,10.);
#2658=VECTOR('',#8449,10.);
#2659=VECTOR('',#8452,10.);
#2660=VECTOR('',#8453,10.);
#2661=VECTOR('',#8454,10.);
#2662=VECTOR('',#8455,10.);
#2663=VECTOR('',#8458,10.);
#2664=VECTOR('',#8459,10.);
#2665=VECTOR('',#8460,10.);
#2666=VECTOR('',#8463,10.);
#2667=VECTOR('',#8464,10.);
#2668=VECTOR('',#8467,10.);
#2669=VECTOR('',#8468,10.);
#2670=VECTOR('',#8471,10.);
#2671=VECTOR('',#8472,10.);
#2672=VECTOR('',#8479,10.);
#2673=VECTOR('',#8484,10.);
#2674=VECTOR('',#8487,10.);
#2675=VECTOR('',#8490,10.);
#2676=VECTOR('',#8497,10.);
#2677=VECTOR('',#8498,10.);
#2678=VECTOR('',#8499,10.);
#2679=VECTOR('',#8500,10.);
#2680=VECTOR('',#8503,10.);
#2681=VECTOR('',#8506,10.);
#2682=VECTOR('',#8507,10.);
#2683=VECTOR('',#8512,10.);
#2684=VECTOR('',#8515,10.);
#2685=VECTOR('',#8516,10.);
#2686=VECTOR('',#8517,10.);
#2687=VECTOR('',#8520,10.);
#2688=VECTOR('',#8521,10.);
#2689=VECTOR('',#8524,10.);
#2690=VECTOR('',#8527,10.);
#2691=VECTOR('',#8542,0.275);
#2692=VECTOR('',#8559,0.475);
#2693=VECTOR('',#8564,0.225);
#2694=VECTOR('',#8569,0.275);
#2695=VECTOR('',#8580,10.);
#2696=VECTOR('',#8585,10.);
#2697=VECTOR('',#8588,10.);
#2698=VECTOR('',#8589,10.);
#2699=VECTOR('',#8590,10.);
#2700=VECTOR('',#8591,10.);
#2701=VECTOR('',#8594,10.);
#2702=VECTOR('',#8595,10.);
#2703=VECTOR('',#8600,10.);
#2704=VECTOR('',#8601,10.);
#2705=VECTOR('',#8604,10.);
#2706=VECTOR('',#8607,10.);
#2707=VECTOR('',#8622,0.275);
#2708=VECTOR('',#8639,0.475);
#2709=VECTOR('',#8644,0.225);
#2710=VECTOR('',#8649,0.275);
#2711=VERTEX_POINT('',#8660);
#2712=VERTEX_POINT('',#8661);
#2713=VERTEX_POINT('',#8663);
#2714=VERTEX_POINT('',#8665);
#2715=VERTEX_POINT('',#8672);
#2716=VERTEX_POINT('',#8673);
#2717=VERTEX_POINT('',#8675);
#2718=VERTEX_POINT('',#8677);
#2719=VERTEX_POINT('',#8685);
#2720=VERTEX_POINT('',#8686);
#2721=VERTEX_POINT('',#8688);
#2722=VERTEX_POINT('',#8690);
#2723=VERTEX_POINT('',#8693);
#2724=VERTEX_POINT('',#8695);
#2725=VERTEX_POINT('',#8696);
#2726=VERTEX_POINT('',#8698);
#2727=VERTEX_POINT('',#8704);
#2728=VERTEX_POINT('',#8710);
#2729=VERTEX_POINT('',#8716);
#2730=VERTEX_POINT('',#8722);
#2731=VERTEX_POINT('',#8728);
#2732=VERTEX_POINT('',#8734);
#2733=VERTEX_POINT('',#8740);
#2734=VERTEX_POINT('',#8746);
#2735=VERTEX_POINT('',#8752);
#2736=VERTEX_POINT('',#8758);
#2737=VERTEX_POINT('',#8764);
#2738=VERTEX_POINT('',#8770);
#2739=VERTEX_POINT('',#8776);
#2740=VERTEX_POINT('',#8782);
#2741=VERTEX_POINT('',#8788);
#2742=VERTEX_POINT('',#8794);
#2743=VERTEX_POINT('',#8800);
#2744=VERTEX_POINT('',#8806);
#2745=VERTEX_POINT('',#8808);
#2746=VERTEX_POINT('',#8814);
#2747=VERTEX_POINT('',#8820);
#2748=VERTEX_POINT('',#8826);
#2749=VERTEX_POINT('',#8832);
#2750=VERTEX_POINT('',#8838);
#2751=VERTEX_POINT('',#8844);
#2752=VERTEX_POINT('',#8850);
#2753=VERTEX_POINT('',#8856);
#2754=VERTEX_POINT('',#8862);
#2755=VERTEX_POINT('',#8868);
#2756=VERTEX_POINT('',#8874);
#2757=VERTEX_POINT('',#8880);
#2758=VERTEX_POINT('',#8886);
#2759=VERTEX_POINT('',#8897);
#2760=VERTEX_POINT('',#8898);
#2761=VERTEX_POINT('',#8900);
#2762=VERTEX_POINT('',#8902);
#2763=VERTEX_POINT('',#8905);
#2764=VERTEX_POINT('',#8906);
#2765=VERTEX_POINT('',#8908);
#2766=VERTEX_POINT('',#8910);
#2767=VERTEX_POINT('',#8916);
#2768=VERTEX_POINT('',#8922);
#2769=VERTEX_POINT('',#8928);
#2770=VERTEX_POINT('',#8934);
#2771=VERTEX_POINT('',#8940);
#2772=VERTEX_POINT('',#8946);
#2773=VERTEX_POINT('',#8952);
#2774=VERTEX_POINT('',#8954);
#2775=VERTEX_POINT('',#8956);
#2776=VERTEX_POINT('',#8958);
#2777=VERTEX_POINT('',#8964);
#2778=VERTEX_POINT('',#8970);
#2779=VERTEX_POINT('',#8976);
#2780=VERTEX_POINT('',#8982);
#2781=VERTEX_POINT('',#8984);
#2782=VERTEX_POINT('',#8987);
#2783=VERTEX_POINT('',#8988);
#2784=VERTEX_POINT('',#8990);
#2785=VERTEX_POINT('',#8996);
#2786=VERTEX_POINT('',#9002);
#2787=VERTEX_POINT('',#9008);
#2788=VERTEX_POINT('',#9014);
#2789=VERTEX_POINT('',#9020);
#2790=VERTEX_POINT('',#9026);
#2791=VERTEX_POINT('',#9032);
#2792=VERTEX_POINT('',#9038);
#2793=VERTEX_POINT('',#9044);
#2794=VERTEX_POINT('',#9050);
#2795=VERTEX_POINT('',#9056);
#2796=VERTEX_POINT('',#9062);
#2797=VERTEX_POINT('',#9068);
#2798=VERTEX_POINT('',#9074);
#2799=VERTEX_POINT('',#9080);
#2800=VERTEX_POINT('',#9086);
#2801=VERTEX_POINT('',#9092);
#2802=VERTEX_POINT('',#9098);
#2803=VERTEX_POINT('',#9100);
#2804=VERTEX_POINT('',#9106);
#2805=VERTEX_POINT('',#9112);
#2806=VERTEX_POINT('',#9118);
#2807=VERTEX_POINT('',#9124);
#2808=VERTEX_POINT('',#9130);
#2809=VERTEX_POINT('',#9136);
#2810=VERTEX_POINT('',#9142);
#2811=VERTEX_POINT('',#9148);
#2812=VERTEX_POINT('',#9154);
#2813=VERTEX_POINT('',#9160);
#2814=VERTEX_POINT('',#9166);
#2815=VERTEX_POINT('',#9172);
#2816=VERTEX_POINT('',#9178);
#2817=VERTEX_POINT('',#9189);
#2818=VERTEX_POINT('',#9190);
#2819=VERTEX_POINT('',#9192);
#2820=VERTEX_POINT('',#9194);
#2821=VERTEX_POINT('',#9200);
#2822=VERTEX_POINT('',#9206);
#2823=VERTEX_POINT('',#9208);
#2824=VERTEX_POINT('',#9214);
#2825=VERTEX_POINT('',#9220);
#2826=VERTEX_POINT('',#9223);
#2827=VERTEX_POINT('',#9224);
#2828=VERTEX_POINT('',#9226);
#2829=VERTEX_POINT('',#9228);
#2830=VERTEX_POINT('',#9231);
#2831=VERTEX_POINT('',#9232);
#2832=VERTEX_POINT('',#9235);
#2833=VERTEX_POINT('',#9237);
#2834=VERTEX_POINT('',#9239);
#2835=VERTEX_POINT('',#9241);
#2836=VERTEX_POINT('',#9243);
#2837=VERTEX_POINT('',#9245);
#2838=VERTEX_POINT('',#9247);
#2839=VERTEX_POINT('',#9249);
#2840=VERTEX_POINT('',#9251);
#2841=VERTEX_POINT('',#9253);
#2842=VERTEX_POINT('',#9255);
#2843=VERTEX_POINT('',#9257);
#2844=VERTEX_POINT('',#9259);
#2845=VERTEX_POINT('',#9261);
#2846=VERTEX_POINT('',#9263);
#2847=VERTEX_POINT('',#9265);
#2848=VERTEX_POINT('',#9267);
#2849=VERTEX_POINT('',#9268);
#2850=VERTEX_POINT('',#9270);
#2851=VERTEX_POINT('',#9272);
#2852=VERTEX_POINT('',#9275);
#2853=VERTEX_POINT('',#9277);
#2854=VERTEX_POINT('',#9278);
#2855=VERTEX_POINT('',#9280);
#2856=VERTEX_POINT('',#9282);
#2857=VERTEX_POINT('',#9284);
#2858=VERTEX_POINT('',#9286);
#2859=VERTEX_POINT('',#9288);
#2860=VERTEX_POINT('',#9290);
#2861=VERTEX_POINT('',#9293);
#2862=VERTEX_POINT('',#9294);
#2863=VERTEX_POINT('',#9296);
#2864=VERTEX_POINT('',#9298);
#2865=VERTEX_POINT('',#9301);
#2866=VERTEX_POINT('',#9302);
#2867=VERTEX_POINT('',#9304);
#2868=VERTEX_POINT('',#9306);
#2869=VERTEX_POINT('',#9312);
#2870=VERTEX_POINT('',#9318);
#2871=VERTEX_POINT('',#9324);
#2872=VERTEX_POINT('',#9330);
#2873=VERTEX_POINT('',#9336);
#2874=VERTEX_POINT('',#9342);
#2875=VERTEX_POINT('',#9348);
#2876=VERTEX_POINT('',#9350);
#2877=VERTEX_POINT('',#9352);
#2878=VERTEX_POINT('',#9354);
#2879=VERTEX_POINT('',#9360);
#2880=VERTEX_POINT('',#9366);
#2881=VERTEX_POINT('',#9372);
#2882=VERTEX_POINT('',#9378);
#2883=VERTEX_POINT('',#9380);
#2884=VERTEX_POINT('',#9384);
#2885=VERTEX_POINT('',#9386);
#2886=VERTEX_POINT('',#9390);
#2887=VERTEX_POINT('',#9396);
#2888=VERTEX_POINT('',#9398);
#2889=VERTEX_POINT('',#9411);
#2890=VERTEX_POINT('',#9428);
#2891=VERTEX_POINT('',#9445);
#2892=VERTEX_POINT('',#9462);
#2893=VERTEX_POINT('',#9479);
#2894=VERTEX_POINT('',#9496);
#2895=VERTEX_POINT('',#9513);
#2896=VERTEX_POINT('',#9530);
#2897=VERTEX_POINT('',#9547);
#2898=VERTEX_POINT('',#9564);
#2899=VERTEX_POINT('',#9581);
#2900=VERTEX_POINT('',#9598);
#2901=VERTEX_POINT('',#9615);
#2902=VERTEX_POINT('',#9632);
#2903=VERTEX_POINT('',#9649);
#2904=VERTEX_POINT('',#9666);
#2905=VERTEX_POINT('',#9683);
#2906=VERTEX_POINT('',#9700);
#2907=VERTEX_POINT('',#9708);
#2908=VERTEX_POINT('',#9721);
#2909=VERTEX_POINT('',#9738);
#2910=VERTEX_POINT('',#9755);
#2911=VERTEX_POINT('',#9772);
#2912=VERTEX_POINT('',#9789);
#2913=VERTEX_POINT('',#9806);
#2914=VERTEX_POINT('',#9823);
#2915=VERTEX_POINT('',#9840);
#2916=VERTEX_POINT('',#9857);
#2917=VERTEX_POINT('',#9874);
#2918=VERTEX_POINT('',#9891);
#2919=VERTEX_POINT('',#9908);
#2920=VERTEX_POINT('',#9925);
#2921=VERTEX_POINT('',#9942);
#2922=VERTEX_POINT('',#9966);
#2923=VERTEX_POINT('',#9968);
#2924=VERTEX_POINT('',#9972);
#2925=VERTEX_POINT('',#9976);
#2926=VERTEX_POINT('',#9983);
#2927=VERTEX_POINT('',#9984);
#2928=VERTEX_POINT('',#9986);
#2929=VERTEX_POINT('',#9988);
#2930=VERTEX_POINT('',#10001);
#2931=VERTEX_POINT('',#10007);
#2932=VERTEX_POINT('',#10024);
#2933=VERTEX_POINT('',#10030);
#2934=VERTEX_POINT('',#10047);
#2935=VERTEX_POINT('',#10053);
#2936=VERTEX_POINT('',#10070);
#2937=VERTEX_POINT('',#10076);
#2938=VERTEX_POINT('',#10093);
#2939=VERTEX_POINT('',#10099);
#2940=VERTEX_POINT('',#10107);
#2941=VERTEX_POINT('',#10109);
#2942=VERTEX_POINT('',#10116);
#2943=VERTEX_POINT('',#10118);
#2944=VERTEX_POINT('',#10122);
#2945=VERTEX_POINT('',#10135);
#2946=VERTEX_POINT('',#10152);
#2947=VERTEX_POINT('',#10169);
#2948=VERTEX_POINT('',#10186);
#2949=VERTEX_POINT('',#10203);
#2950=VERTEX_POINT('',#10220);
#2951=VERTEX_POINT('',#10237);
#2952=VERTEX_POINT('',#10245);
#2953=VERTEX_POINT('',#10249);
#2954=VERTEX_POINT('',#10253);
#2955=VERTEX_POINT('',#10266);
#2956=VERTEX_POINT('',#10283);
#2957=VERTEX_POINT('',#10300);
#2958=VERTEX_POINT('',#10317);
#2959=VERTEX_POINT('',#10325);
#2960=VERTEX_POINT('',#10329);
#2961=VERTEX_POINT('',#10337);
#2962=VERTEX_POINT('',#10339);
#2963=VERTEX_POINT('',#10343);
#2964=VERTEX_POINT('',#10347);
#2965=VERTEX_POINT('',#10354);
#2966=VERTEX_POINT('',#10355);
#2967=VERTEX_POINT('',#10357);
#2968=VERTEX_POINT('',#10359);
#2969=VERTEX_POINT('',#10372);
#2970=VERTEX_POINT('',#10378);
#2971=VERTEX_POINT('',#10395);
#2972=VERTEX_POINT('',#10401);
#2973=VERTEX_POINT('',#10418);
#2974=VERTEX_POINT('',#10424);
#2975=VERTEX_POINT('',#10441);
#2976=VERTEX_POINT('',#10447);
#2977=VERTEX_POINT('',#10464);
#2978=VERTEX_POINT('',#10470);
#2979=VERTEX_POINT('',#10478);
#2980=VERTEX_POINT('',#10480);
#2981=VERTEX_POINT('',#10487);
#2982=VERTEX_POINT('',#10489);
#2983=VERTEX_POINT('',#10493);
#2984=VERTEX_POINT('',#10506);
#2985=VERTEX_POINT('',#10523);
#2986=VERTEX_POINT('',#10540);
#2987=VERTEX_POINT('',#10557);
#2988=VERTEX_POINT('',#10574);
#2989=VERTEX_POINT('',#10591);
#2990=VERTEX_POINT('',#10608);
#2991=VERTEX_POINT('',#10616);
#2992=VERTEX_POINT('',#10620);
#2993=VERTEX_POINT('',#10624);
#2994=VERTEX_POINT('',#10637);
#2995=VERTEX_POINT('',#10654);
#2996=VERTEX_POINT('',#10671);
#2997=VERTEX_POINT('',#10688);
#2998=VERTEX_POINT('',#10696);
#2999=VERTEX_POINT('',#10700);
#3000=VERTEX_POINT('',#10708);
#3001=VERTEX_POINT('',#10710);
#3002=VERTEX_POINT('',#10723);
#3003=VERTEX_POINT('',#10740);
#3004=VERTEX_POINT('',#10757);
#3005=VERTEX_POINT('',#10774);
#3006=VERTEX_POINT('',#10791);
#3007=VERTEX_POINT('',#10808);
#3008=VERTEX_POINT('',#10825);
#3009=VERTEX_POINT('',#10842);
#3010=VERTEX_POINT('',#10859);
#3011=VERTEX_POINT('',#10876);
#3012=VERTEX_POINT('',#10893);
#3013=VERTEX_POINT('',#10910);
#3014=VERTEX_POINT('',#10927);
#3015=VERTEX_POINT('',#10944);
#3016=VERTEX_POINT('',#10961);
#3017=VERTEX_POINT('',#10978);
#3018=VERTEX_POINT('',#10995);
#3019=VERTEX_POINT('',#11012);
#3020=VERTEX_POINT('',#11020);
#3021=VERTEX_POINT('',#11033);
#3022=VERTEX_POINT('',#11050);
#3023=VERTEX_POINT('',#11067);
#3024=VERTEX_POINT('',#11084);
#3025=VERTEX_POINT('',#11101);
#3026=VERTEX_POINT('',#11118);
#3027=VERTEX_POINT('',#11135);
#3028=VERTEX_POINT('',#11152);
#3029=VERTEX_POINT('',#11169);
#3030=VERTEX_POINT('',#11186);
#3031=VERTEX_POINT('',#11203);
#3032=VERTEX_POINT('',#11220);
#3033=VERTEX_POINT('',#11237);
#3034=VERTEX_POINT('',#11254);
#3035=VERTEX_POINT('',#11278);
#3036=VERTEX_POINT('',#11280);
#3037=VERTEX_POINT('',#11284);
#3038=VERTEX_POINT('',#11297);
#3039=VERTEX_POINT('',#11314);
#3040=VERTEX_POINT('',#11322);
#3041=VERTEX_POINT('',#11335);
#3042=VERTEX_POINT('',#11352);
#3043=VERTEX_POINT('',#11360);
#3044=VERTEX_POINT('',#11367);
#3045=VERTEX_POINT('',#11369);
#3046=VERTEX_POINT('',#11373);
#3047=VERTEX_POINT('',#11377);
#3048=VERTEX_POINT('',#11384);
#3049=VERTEX_POINT('',#11385);
#3050=VERTEX_POINT('',#11387);
#3051=VERTEX_POINT('',#11389);
#3052=VERTEX_POINT('',#11393);
#3053=VERTEX_POINT('',#11395);
#3054=VERTEX_POINT('',#11408);
#3055=VERTEX_POINT('',#11414);
#3056=VERTEX_POINT('',#11431);
#3057=VERTEX_POINT('',#11437);
#3058=VERTEX_POINT('',#11448);
#3059=VERTEX_POINT('',#11450);
#3060=VERTEX_POINT('',#11454);
#3061=VERTEX_POINT('',#11458);
#3062=VERTEX_POINT('',#11462);
#3063=VERTEX_POINT('',#11466);
#3064=VERTEX_POINT('',#11470);
#3065=VERTEX_POINT('',#11474);
#3066=VERTEX_POINT('',#11482);
#3067=VERTEX_POINT('',#11483);
#3068=VERTEX_POINT('',#11485);
#3069=VERTEX_POINT('',#11487);
#3070=VERTEX_POINT('',#11494);
#3071=VERTEX_POINT('',#11496);
#3072=VERTEX_POINT('',#11504);
#3073=VERTEX_POINT('',#11506);
#3074=VERTEX_POINT('',#11510);
#3075=VERTEX_POINT('',#11513);
#3076=VERTEX_POINT('',#11515);
#3077=VERTEX_POINT('',#11519);
#3078=VERTEX_POINT('',#11522);
#3079=VERTEX_POINT('',#11524);
#3080=VERTEX_POINT('',#11528);
#3081=VERTEX_POINT('',#11531);
#3082=VERTEX_POINT('',#11533);
#3083=VERTEX_POINT('',#11537);
#3084=VERTEX_POINT('',#11540);
#3085=VERTEX_POINT('',#11542);
#3086=VERTEX_POINT('',#11546);
#3087=VERTEX_POINT('',#11549);
#3088=VERTEX_POINT('',#11551);
#3089=VERTEX_POINT('',#11555);
#3090=VERTEX_POINT('',#11558);
#3091=VERTEX_POINT('',#11559);
#3092=VERTEX_POINT('',#11561);
#3093=VERTEX_POINT('',#11563);
#3094=VERTEX_POINT('',#11567);
#3095=VERTEX_POINT('',#11569);
#3096=VERTEX_POINT('',#11573);
#3097=VERTEX_POINT('',#11575);
#3098=VERTEX_POINT('',#11583);
#3099=VERTEX_POINT('',#11585);
#3100=VERTEX_POINT('',#11589);
#3101=VERTEX_POINT('',#11592);
#3102=VERTEX_POINT('',#11594);
#3103=VERTEX_POINT('',#11598);
#3104=VERTEX_POINT('',#11601);
#3105=VERTEX_POINT('',#11603);
#3106=VERTEX_POINT('',#11607);
#3107=VERTEX_POINT('',#11610);
#3108=VERTEX_POINT('',#11612);
#3109=VERTEX_POINT('',#11616);
#3110=VERTEX_POINT('',#11619);
#3111=VERTEX_POINT('',#11623);
#3112=VERTEX_POINT('',#11626);
#3113=VERTEX_POINT('',#11630);
#3114=VERTEX_POINT('',#11633);
#3115=VERTEX_POINT('',#11637);
#3116=VERTEX_POINT('',#11640);
#3117=VERTEX_POINT('',#11644);
#3118=VERTEX_POINT('',#11647);
#3119=VERTEX_POINT('',#11651);
#3120=VERTEX_POINT('',#11654);
#3121=VERTEX_POINT('',#11658);
#3122=VERTEX_POINT('',#11661);
#3123=VERTEX_POINT('',#11665);
#3124=VERTEX_POINT('',#11668);
#3125=VERTEX_POINT('',#11672);
#3126=VERTEX_POINT('',#11675);
#3127=VERTEX_POINT('',#11679);
#3128=VERTEX_POINT('',#11682);
#3129=VERTEX_POINT('',#11686);
#3130=VERTEX_POINT('',#11689);
#3131=VERTEX_POINT('',#11694);
#3132=VERTEX_POINT('',#11698);
#3133=VERTEX_POINT('',#11702);
#3134=VERTEX_POINT('',#11704);
#3135=VERTEX_POINT('',#11708);
#3136=VERTEX_POINT('',#11712);
#3137=VERTEX_POINT('',#11721);
#3138=VERTEX_POINT('',#11729);
#3139=VERTEX_POINT('',#11739);
#3140=VERTEX_POINT('',#11751);
#3141=VERTEX_POINT('',#11755);
#3142=VERTEX_POINT('',#11756);
#3143=VERTEX_POINT('',#11761);
#3144=VERTEX_POINT('',#11765);
#3145=VERTEX_POINT('',#11772);
#3146=VERTEX_POINT('',#11773);
#3147=VERTEX_POINT('',#11775);
#3148=VERTEX_POINT('',#11777);
#3149=VERTEX_POINT('',#11781);
#3150=VERTEX_POINT('',#11783);
#3151=VERTEX_POINT('',#11787);
#3152=VERTEX_POINT('',#11789);
#3153=VERTEX_POINT('',#11796);
#3154=VERTEX_POINT('',#11797);
#3155=VERTEX_POINT('',#11799);
#3156=VERTEX_POINT('',#11801);
#3157=VERTEX_POINT('',#11805);
#3158=VERTEX_POINT('',#11806);
#3159=VERTEX_POINT('',#11808);
#3160=VERTEX_POINT('',#11810);
#3161=VERTEX_POINT('',#11814);
#3162=VERTEX_POINT('',#11816);
#3163=VERTEX_POINT('',#11825);
#3164=VERTEX_POINT('',#11831);
#3165=VERTEX_POINT('',#11838);
#3166=VERTEX_POINT('',#11839);
#3167=VERTEX_POINT('',#11841);
#3168=VERTEX_POINT('',#11843);
#3169=VERTEX_POINT('',#11847);
#3170=VERTEX_POINT('',#11849);
#3171=VERTEX_POINT('',#11853);
#3172=VERTEX_POINT('',#11855);
#3173=VERTEX_POINT('',#11862);
#3174=VERTEX_POINT('',#11863);
#3175=VERTEX_POINT('',#11865);
#3176=VERTEX_POINT('',#11867);
#3177=VERTEX_POINT('',#11871);
#3178=VERTEX_POINT('',#11873);
#3179=VERTEX_POINT('',#11877);
#3180=VERTEX_POINT('',#11878);
#3181=VERTEX_POINT('',#11880);
#3182=VERTEX_POINT('',#11882);
#3183=VERTEX_POINT('',#11893);
#3184=VERTEX_POINT('',#11897);
#3185=VERTEX_POINT('',#11904);
#3186=VERTEX_POINT('',#11905);
#3187=VERTEX_POINT('',#11907);
#3188=VERTEX_POINT('',#11909);
#3189=VERTEX_POINT('',#11913);
#3190=VERTEX_POINT('',#11915);
#3191=VERTEX_POINT('',#11919);
#3192=VERTEX_POINT('',#11921);
#3193=VERTEX_POINT('',#11928);
#3194=VERTEX_POINT('',#11929);
#3195=VERTEX_POINT('',#11931);
#3196=VERTEX_POINT('',#11933);
#3197=VERTEX_POINT('',#11937);
#3198=VERTEX_POINT('',#11938);
#3199=VERTEX_POINT('',#11940);
#3200=VERTEX_POINT('',#11942);
#3201=VERTEX_POINT('',#11946);
#3202=VERTEX_POINT('',#11948);
#3203=VERTEX_POINT('',#11957);
#3204=VERTEX_POINT('',#11963);
#3205=VERTEX_POINT('',#11970);
#3206=VERTEX_POINT('',#11972);
#3207=VERTEX_POINT('',#11975);
#3208=VERTEX_POINT('',#11980);
#3209=VERTEX_POINT('',#11981);
#3210=VERTEX_POINT('',#11986);
#3211=VERTEX_POINT('',#11989);
#3212=VERTEX_POINT('',#11991);
#3213=VERTEX_POINT('',#11993);
#3214=VERTEX_POINT('',#11997);
#3215=VERTEX_POINT('',#12002);
#3216=VERTEX_POINT('',#12003);
#3217=VERTEX_POINT('',#12005);
#3218=VERTEX_POINT('',#12007);
#3219=VERTEX_POINT('',#12011);
#3220=VERTEX_POINT('',#12013);
#3221=VERTEX_POINT('',#12015);
#3222=VERTEX_POINT('',#12017);
#3223=VERTEX_POINT('',#12019);
#3224=VERTEX_POINT('',#12021);
#3225=VERTEX_POINT('',#12025);
#3226=VERTEX_POINT('',#12029);
#3227=VERTEX_POINT('',#12030);
#3228=VERTEX_POINT('',#12032);
#3229=VERTEX_POINT('',#12037);
#3230=VERTEX_POINT('',#12039);
#3231=VERTEX_POINT('',#12043);
#3232=VERTEX_POINT('',#12050);
#3233=VERTEX_POINT('',#12055);
#3234=VERTEX_POINT('',#12059);
#3235=VERTEX_POINT('',#12068);
#3236=VERTEX_POINT('',#12070);
#3237=VERTEX_POINT('',#12072);
#3238=VERTEX_POINT('',#12076);
#3239=VERTEX_POINT('',#12081);
#3240=VERTEX_POINT('',#12082);
#3241=VERTEX_POINT('',#12084);
#3242=VERTEX_POINT('',#12086);
#3243=VERTEX_POINT('',#12090);
#3244=VERTEX_POINT('',#12092);
#3245=VERTEX_POINT('',#12094);
#3246=VERTEX_POINT('',#12096);
#3247=VERTEX_POINT('',#12098);
#3248=VERTEX_POINT('',#12100);
#3249=VERTEX_POINT('',#12104);
#3250=VERTEX_POINT('',#12108);
#3251=VERTEX_POINT('',#12109);
#3252=VERTEX_POINT('',#12111);
#3253=VERTEX_POINT('',#12116);
#3254=VERTEX_POINT('',#12118);
#3255=VERTEX_POINT('',#12122);
#3256=VERTEX_POINT('',#12129);
#3257=VERTEX_POINT('',#12134);
#3258=VERTEX_POINT('',#12138);
#3259=VERTEX_POINT('',#12147);
#3260=VERTEX_POINT('',#12149);
#3261=VERTEX_POINT('',#12151);
#3262=VERTEX_POINT('',#12155);
#3263=VERTEX_POINT('',#12160);
#3264=VERTEX_POINT('',#12161);
#3265=VERTEX_POINT('',#12163);
#3266=VERTEX_POINT('',#12165);
#3267=VERTEX_POINT('',#12169);
#3268=VERTEX_POINT('',#12171);
#3269=VERTEX_POINT('',#12173);
#3270=VERTEX_POINT('',#12175);
#3271=VERTEX_POINT('',#12177);
#3272=VERTEX_POINT('',#12179);
#3273=VERTEX_POINT('',#12183);
#3274=VERTEX_POINT('',#12187);
#3275=VERTEX_POINT('',#12188);
#3276=VERTEX_POINT('',#12190);
#3277=VERTEX_POINT('',#12195);
#3278=VERTEX_POINT('',#12197);
#3279=VERTEX_POINT('',#12201);
#3280=VERTEX_POINT('',#12208);
#3281=VERTEX_POINT('',#12213);
#3282=VERTEX_POINT('',#12217);
#3283=VERTEX_POINT('',#12226);
#3284=VERTEX_POINT('',#12227);
#3285=VERTEX_POINT('',#12229);
#3286=VERTEX_POINT('',#12231);
#3287=VERTEX_POINT('',#12244);
#3288=VERTEX_POINT('',#12246);
#3289=VERTEX_POINT('',#12250);
#3290=VERTEX_POINT('',#12251);
#3291=VERTEX_POINT('',#12253);
#3292=VERTEX_POINT('',#12255);
#3293=VERTEX_POINT('',#12257);
#3294=VERTEX_POINT('',#12261);
#3295=VERTEX_POINT('',#12263);
#3296=VERTEX_POINT('',#12274);
#3297=VERTEX_POINT('',#12276);
#3298=VERTEX_POINT('',#12278);
#3299=VERTEX_POINT('',#12282);
#3300=VERTEX_POINT('',#12283);
#3301=VERTEX_POINT('',#12288);
#3302=VERTEX_POINT('',#12289);
#3303=VERTEX_POINT('',#12292);
#3304=VERTEX_POINT('',#12294);
#3305=VERTEX_POINT('',#12300);
#3306=VERTEX_POINT('',#12305);
#3307=VERTEX_POINT('',#12307);
#3308=VERTEX_POINT('',#12322);
#3309=VERTEX_POINT('',#12323);
#3310=VERTEX_POINT('',#12325);
#3311=VERTEX_POINT('',#12327);
#3312=VERTEX_POINT('',#12329);
#3313=VERTEX_POINT('',#12333);
#3314=VERTEX_POINT('',#12335);
#3315=VERTEX_POINT('',#12337);
#3316=VERTEX_POINT('',#12341);
#3317=VERTEX_POINT('',#12343);
#3318=VERTEX_POINT('',#12347);
#3319=VERTEX_POINT('',#12355);
#3320=VERTEX_POINT('',#12357);
#3321=VERTEX_POINT('',#12359);
#3322=VERTEX_POINT('',#12363);
#3323=VERTEX_POINT('',#12364);
#3324=VERTEX_POINT('',#12369);
#3325=VERTEX_POINT('',#12370);
#3326=VERTEX_POINT('',#12373);
#3327=VERTEX_POINT('',#12375);
#3328=VERTEX_POINT('',#12381);
#3329=VERTEX_POINT('',#12386);
#3330=VERTEX_POINT('',#12388);
#3331=EDGE_CURVE('',#2711,#2712,#1551,.T.);
#3332=EDGE_CURVE('',#2711,#2713,#1552,.T.);
#3333=EDGE_CURVE('',#2714,#2713,#1553,.T.);
#3334=EDGE_CURVE('',#2712,#2714,#1554,.T.);
#3335=EDGE_CURVE('',#2712,#2711,#489,.T.);
#3336=EDGE_CURVE('',#2713,#2714,#490,.T.);
#3337=EDGE_CURVE('',#2715,#2716,#1555,.T.);
#3338=EDGE_CURVE('',#2715,#2717,#1556,.T.);
#3339=EDGE_CURVE('',#2718,#2717,#1557,.T.);
#3340=EDGE_CURVE('',#2716,#2718,#1558,.T.);
#3341=EDGE_CURVE('',#2716,#2715,#491,.T.);
#3342=EDGE_CURVE('',#2717,#2718,#492,.T.);
#3343=EDGE_CURVE('',#2719,#2720,#1559,.T.);
#3344=EDGE_CURVE('',#2720,#2721,#1560,.T.);
#3345=EDGE_CURVE('',#2721,#2722,#1561,.T.);
#3346=EDGE_CURVE('',#2722,#2719,#1562,.T.);
#3347=EDGE_CURVE('',#2723,#2723,#493,.T.);
#3348=EDGE_CURVE('',#2724,#2725,#1563,.T.);
#3349=EDGE_CURVE('',#2725,#2726,#149,.T.);
#3350=EDGE_CURVE('',#2726,#2727,#150,.T.);
#3351=EDGE_CURVE('',#2727,#2728,#151,.T.);
#3352=EDGE_CURVE('',#2728,#2729,#152,.T.);
#3353=EDGE_CURVE('',#2729,#2730,#153,.T.);
#3354=EDGE_CURVE('',#2730,#2731,#154,.T.);
#3355=EDGE_CURVE('',#2731,#2732,#155,.T.);
#3356=EDGE_CURVE('',#2732,#2733,#156,.T.);
#3357=EDGE_CURVE('',#2733,#2734,#157,.T.);
#3358=EDGE_CURVE('',#2734,#2735,#158,.T.);
#3359=EDGE_CURVE('',#2735,#2736,#159,.T.);
#3360=EDGE_CURVE('',#2736,#2737,#160,.T.);
#3361=EDGE_CURVE('',#2737,#2738,#161,.T.);
#3362=EDGE_CURVE('',#2738,#2739,#162,.T.);
#3363=EDGE_CURVE('',#2739,#2740,#163,.T.);
#3364=EDGE_CURVE('',#2740,#2741,#164,.T.);
#3365=EDGE_CURVE('',#2741,#2742,#165,.T.);
#3366=EDGE_CURVE('',#2742,#2743,#166,.T.);
#3367=EDGE_CURVE('',#2743,#2744,#1564,.T.);
#3368=EDGE_CURVE('',#2744,#2745,#167,.T.);
#3369=EDGE_CURVE('',#2745,#2746,#168,.T.);
#3370=EDGE_CURVE('',#2746,#2747,#169,.T.);
#3371=EDGE_CURVE('',#2747,#2748,#170,.T.);
#3372=EDGE_CURVE('',#2748,#2749,#171,.T.);
#3373=EDGE_CURVE('',#2749,#2750,#172,.T.);
#3374=EDGE_CURVE('',#2750,#2751,#173,.T.);
#3375=EDGE_CURVE('',#2751,#2752,#174,.T.);
#3376=EDGE_CURVE('',#2752,#2753,#175,.T.);
#3377=EDGE_CURVE('',#2753,#2754,#176,.T.);
#3378=EDGE_CURVE('',#2754,#2755,#177,.T.);
#3379=EDGE_CURVE('',#2755,#2756,#178,.T.);
#3380=EDGE_CURVE('',#2756,#2757,#179,.T.);
#3381=EDGE_CURVE('',#2757,#2758,#180,.T.);
#3382=EDGE_CURVE('',#2758,#2724,#181,.T.);
#3383=EDGE_CURVE('',#2759,#2760,#1565,.T.);
#3384=EDGE_CURVE('',#2760,#2761,#1566,.T.);
#3385=EDGE_CURVE('',#2761,#2762,#1567,.T.);
#3386=EDGE_CURVE('',#2762,#2759,#1568,.T.);
#3387=EDGE_CURVE('',#2763,#2764,#1569,.T.);
#3388=EDGE_CURVE('',#2764,#2765,#1570,.T.);
#3389=EDGE_CURVE('',#2765,#2766,#182,.T.);
#3390=EDGE_CURVE('',#2766,#2767,#183,.T.);
#3391=EDGE_CURVE('',#2767,#2768,#184,.T.);
#3392=EDGE_CURVE('',#2768,#2769,#185,.T.);
#3393=EDGE_CURVE('',#2769,#2770,#186,.T.);
#3394=EDGE_CURVE('',#2770,#2771,#187,.T.);
#3395=EDGE_CURVE('',#2771,#2772,#188,.T.);
#3396=EDGE_CURVE('',#2772,#2773,#1571,.T.);
#3397=EDGE_CURVE('',#2773,#2774,#1572,.T.);
#3398=EDGE_CURVE('',#2774,#2775,#1573,.T.);
#3399=EDGE_CURVE('',#2775,#2776,#189,.T.);
#3400=EDGE_CURVE('',#2776,#2777,#190,.T.);
#3401=EDGE_CURVE('',#2777,#2778,#191,.T.);
#3402=EDGE_CURVE('',#2778,#2779,#192,.T.);
#3403=EDGE_CURVE('',#2779,#2780,#1574,.T.);
#3404=EDGE_CURVE('',#2780,#2781,#1575,.T.);
#3405=EDGE_CURVE('',#2781,#2763,#1576,.T.);
#3406=EDGE_CURVE('',#2782,#2783,#1577,.T.);
#3407=EDGE_CURVE('',#2783,#2784,#193,.T.);
#3408=EDGE_CURVE('',#2784,#2785,#194,.T.);
#3409=EDGE_CURVE('',#2785,#2786,#195,.T.);
#3410=EDGE_CURVE('',#2786,#2787,#196,.T.);
#3411=EDGE_CURVE('',#2787,#2788,#197,.T.);
#3412=EDGE_CURVE('',#2788,#2789,#198,.T.);
#3413=EDGE_CURVE('',#2789,#2790,#199,.T.);
#3414=EDGE_CURVE('',#2790,#2791,#200,.T.);
#3415=EDGE_CURVE('',#2791,#2792,#201,.T.);
#3416=EDGE_CURVE('',#2792,#2793,#202,.T.);
#3417=EDGE_CURVE('',#2793,#2794,#203,.T.);
#3418=EDGE_CURVE('',#2794,#2795,#204,.T.);
#3419=EDGE_CURVE('',#2795,#2796,#205,.T.);
#3420=EDGE_CURVE('',#2796,#2797,#206,.T.);
#3421=EDGE_CURVE('',#2797,#2798,#207,.T.);
#3422=EDGE_CURVE('',#2798,#2799,#208,.T.);
#3423=EDGE_CURVE('',#2799,#2800,#209,.T.);
#3424=EDGE_CURVE('',#2800,#2801,#210,.T.);
#3425=EDGE_CURVE('',#2801,#2802,#1578,.T.);
#3426=EDGE_CURVE('',#2802,#2803,#211,.T.);
#3427=EDGE_CURVE('',#2803,#2804,#212,.T.);
#3428=EDGE_CURVE('',#2804,#2805,#213,.T.);
#3429=EDGE_CURVE('',#2805,#2806,#214,.T.);
#3430=EDGE_CURVE('',#2806,#2807,#215,.T.);
#3431=EDGE_CURVE('',#2807,#2808,#216,.T.);
#3432=EDGE_CURVE('',#2808,#2809,#217,.T.);
#3433=EDGE_CURVE('',#2809,#2810,#218,.T.);
#3434=EDGE_CURVE('',#2810,#2811,#219,.T.);
#3435=EDGE_CURVE('',#2811,#2812,#220,.T.);
#3436=EDGE_CURVE('',#2812,#2813,#221,.T.);
#3437=EDGE_CURVE('',#2813,#2814,#222,.T.);
#3438=EDGE_CURVE('',#2814,#2815,#223,.T.);
#3439=EDGE_CURVE('',#2815,#2816,#224,.T.);
#3440=EDGE_CURVE('',#2816,#2782,#225,.T.);
#3441=EDGE_CURVE('',#2817,#2818,#1579,.T.);
#3442=EDGE_CURVE('',#2818,#2819,#1580,.T.);
#3443=EDGE_CURVE('',#2819,#2820,#226,.T.);
#3444=EDGE_CURVE('',#2820,#2821,#227,.T.);
#3445=EDGE_CURVE('',#2821,#2822,#1581,.T.);
#3446=EDGE_CURVE('',#2822,#2823,#228,.T.);
#3447=EDGE_CURVE('',#2823,#2824,#229,.T.);
#3448=EDGE_CURVE('',#2824,#2825,#1582,.T.);
#3449=EDGE_CURVE('',#2825,#2817,#1583,.T.);
#3450=EDGE_CURVE('',#2826,#2827,#1584,.T.);
#3451=EDGE_CURVE('',#2827,#2828,#1585,.T.);
#3452=EDGE_CURVE('',#2828,#2829,#1586,.T.);
#3453=EDGE_CURVE('',#2829,#2826,#1587,.T.);
#3454=EDGE_CURVE('',#2830,#2831,#1588,.T.);
#3455=EDGE_CURVE('',#2831,#2830,#494,.T.);
#3456=EDGE_CURVE('',#2832,#2832,#495,.T.);
#3457=EDGE_CURVE('',#2833,#2833,#496,.T.);
#3458=EDGE_CURVE('',#2834,#2834,#497,.T.);
#3459=EDGE_CURVE('',#2835,#2835,#498,.T.);
#3460=EDGE_CURVE('',#2836,#2836,#499,.T.);
#3461=EDGE_CURVE('',#2837,#2837,#500,.T.);
#3462=EDGE_CURVE('',#2838,#2838,#501,.T.);
#3463=EDGE_CURVE('',#2839,#2839,#502,.T.);
#3464=EDGE_CURVE('',#2840,#2840,#503,.T.);
#3465=EDGE_CURVE('',#2841,#2841,#504,.T.);
#3466=EDGE_CURVE('',#2842,#2842,#505,.T.);
#3467=EDGE_CURVE('',#2843,#2843,#506,.T.);
#3468=EDGE_CURVE('',#2844,#2844,#507,.T.);
#3469=EDGE_CURVE('',#2845,#2845,#508,.T.);
#3470=EDGE_CURVE('',#2846,#2846,#509,.T.);
#3471=EDGE_CURVE('',#2847,#2847,#510,.T.);
#3472=EDGE_CURVE('',#2848,#2849,#1589,.T.);
#3473=EDGE_CURVE('',#2849,#2850,#1590,.T.);
#3474=EDGE_CURVE('',#2850,#2851,#1591,.T.);
#3475=EDGE_CURVE('',#2851,#2848,#1592,.T.);
#3476=EDGE_CURVE('',#2852,#2852,#511,.T.);
#3477=EDGE_CURVE('',#2853,#2854,#1593,.T.);
#3478=EDGE_CURVE('',#2854,#2855,#1594,.T.);
#3479=EDGE_CURVE('',#2855,#2856,#1595,.T.);
#3480=EDGE_CURVE('',#2856,#2857,#1596,.T.);
#3481=EDGE_CURVE('',#2857,#2858,#1597,.T.);
#3482=EDGE_CURVE('',#2858,#2859,#1598,.T.);
#3483=EDGE_CURVE('',#2859,#2860,#1599,.T.);
#3484=EDGE_CURVE('',#2860,#2853,#1600,.T.);
#3485=EDGE_CURVE('',#2861,#2862,#1601,.T.);
#3486=EDGE_CURVE('',#2862,#2863,#1602,.T.);
#3487=EDGE_CURVE('',#2863,#2864,#1603,.T.);
#3488=EDGE_CURVE('',#2864,#2861,#1604,.T.);
#3489=EDGE_CURVE('',#2865,#2866,#1605,.T.);
#3490=EDGE_CURVE('',#2866,#2867,#1606,.T.);
#3491=EDGE_CURVE('',#2867,#2868,#230,.T.);
#3492=EDGE_CURVE('',#2868,#2869,#231,.T.);
#3493=EDGE_CURVE('',#2869,#2870,#232,.T.);
#3494=EDGE_CURVE('',#2870,#2871,#233,.T.);
#3495=EDGE_CURVE('',#2871,#2872,#234,.T.);
#3496=EDGE_CURVE('',#2872,#2873,#235,.T.);
#3497=EDGE_CURVE('',#2873,#2874,#236,.T.);
#3498=EDGE_CURVE('',#2874,#2875,#1607,.T.);
#3499=EDGE_CURVE('',#2875,#2876,#1608,.T.);
#3500=EDGE_CURVE('',#2876,#2877,#1609,.T.);
#3501=EDGE_CURVE('',#2877,#2878,#237,.T.);
#3502=EDGE_CURVE('',#2878,#2879,#238,.T.);
#3503=EDGE_CURVE('',#2879,#2880,#239,.T.);
#3504=EDGE_CURVE('',#2880,#2881,#240,.T.);
#3505=EDGE_CURVE('',#2881,#2882,#1610,.T.);
#3506=EDGE_CURVE('',#2882,#2883,#1611,.T.);
#3507=EDGE_CURVE('',#2883,#2865,#1612,.T.);
#3508=EDGE_CURVE('',#2884,#2884,#512,.T.);
#3509=EDGE_CURVE('',#2884,#2885,#1613,.T.);
#3510=EDGE_CURVE('',#2885,#2885,#513,.T.);
#3511=EDGE_CURVE('',#2886,#2886,#514,.T.);
#3512=EDGE_CURVE('',#2886,#2723,#1614,.T.);
#3513=EDGE_CURVE('',#2724,#2887,#1615,.T.);
#3514=EDGE_CURVE('',#2888,#2887,#1616,.T.);
#3515=EDGE_CURVE('',#2725,#2888,#1617,.T.);
#3516=EDGE_CURVE('',#2889,#2888,#241,.T.);
#3517=EDGE_CURVE('',#2726,#2889,#1618,.T.);
#3518=EDGE_CURVE('',#2890,#2889,#242,.T.);
#3519=EDGE_CURVE('',#2727,#2890,#1619,.T.);
#3520=EDGE_CURVE('',#2891,#2890,#243,.T.);
#3521=EDGE_CURVE('',#2728,#2891,#1620,.T.);
#3522=EDGE_CURVE('',#2892,#2891,#244,.T.);
#3523=EDGE_CURVE('',#2729,#2892,#1621,.T.);
#3524=EDGE_CURVE('',#2893,#2892,#245,.T.);
#3525=EDGE_CURVE('',#2730,#2893,#1622,.T.);
#3526=EDGE_CURVE('',#2894,#2893,#246,.T.);
#3527=EDGE_CURVE('',#2731,#2894,#1623,.T.);
#3528=EDGE_CURVE('',#2895,#2894,#247,.T.);
#3529=EDGE_CURVE('',#2732,#2895,#1624,.T.);
#3530=EDGE_CURVE('',#2896,#2895,#248,.T.);
#3531=EDGE_CURVE('',#2733,#2896,#1625,.T.);
#3532=EDGE_CURVE('',#2897,#2896,#249,.T.);
#3533=EDGE_CURVE('',#2734,#2897,#1626,.T.);
#3534=EDGE_CURVE('',#2898,#2897,#250,.T.);
#3535=EDGE_CURVE('',#2735,#2898,#1627,.T.);
#3536=EDGE_CURVE('',#2899,#2898,#251,.T.);
#3537=EDGE_CURVE('',#2736,#2899,#1628,.T.);
#3538=EDGE_CURVE('',#2900,#2899,#252,.T.);
#3539=EDGE_CURVE('',#2737,#2900,#1629,.T.);
#3540=EDGE_CURVE('',#2901,#2900,#253,.T.);
#3541=EDGE_CURVE('',#2738,#2901,#1630,.T.);
#3542=EDGE_CURVE('',#2902,#2901,#254,.T.);
#3543=EDGE_CURVE('',#2739,#2902,#1631,.T.);
#3544=EDGE_CURVE('',#2903,#2902,#255,.T.);
#3545=EDGE_CURVE('',#2740,#2903,#1632,.T.);
#3546=EDGE_CURVE('',#2904,#2903,#256,.T.);
#3547=EDGE_CURVE('',#2741,#2904,#1633,.T.);
#3548=EDGE_CURVE('',#2905,#2904,#257,.T.);
#3549=EDGE_CURVE('',#2742,#2905,#1634,.T.);
#3550=EDGE_CURVE('',#2906,#2905,#258,.T.);
#3551=EDGE_CURVE('',#2743,#2906,#1635,.T.);
#3552=EDGE_CURVE('',#2907,#2906,#1636,.T.);
#3553=EDGE_CURVE('',#2744,#2907,#1637,.T.);
#3554=EDGE_CURVE('',#2908,#2907,#259,.T.);
#3555=EDGE_CURVE('',#2745,#2908,#1638,.T.);
#3556=EDGE_CURVE('',#2909,#2908,#260,.T.);
#3557=EDGE_CURVE('',#2746,#2909,#1639,.T.);
#3558=EDGE_CURVE('',#2910,#2909,#261,.T.);
#3559=EDGE_CURVE('',#2747,#2910,#1640,.T.);
#3560=EDGE_CURVE('',#2911,#2910,#262,.T.);
#3561=EDGE_CURVE('',#2748,#2911,#1641,.T.);
#3562=EDGE_CURVE('',#2912,#2911,#263,.T.);
#3563=EDGE_CURVE('',#2749,#2912,#1642,.T.);
#3564=EDGE_CURVE('',#2913,#2912,#264,.T.);
#3565=EDGE_CURVE('',#2750,#2913,#1643,.T.);
#3566=EDGE_CURVE('',#2914,#2913,#265,.T.);
#3567=EDGE_CURVE('',#2751,#2914,#1644,.T.);
#3568=EDGE_CURVE('',#2915,#2914,#266,.T.);
#3569=EDGE_CURVE('',#2752,#2915,#1645,.T.);
#3570=EDGE_CURVE('',#2916,#2915,#267,.T.);
#3571=EDGE_CURVE('',#2753,#2916,#1646,.T.);
#3572=EDGE_CURVE('',#2917,#2916,#268,.T.);
#3573=EDGE_CURVE('',#2754,#2917,#1647,.T.);
#3574=EDGE_CURVE('',#2918,#2917,#269,.T.);
#3575=EDGE_CURVE('',#2755,#2918,#1648,.T.);
#3576=EDGE_CURVE('',#2919,#2918,#270,.T.);
#3577=EDGE_CURVE('',#2756,#2919,#1649,.T.);
#3578=EDGE_CURVE('',#2920,#2919,#271,.T.);
#3579=EDGE_CURVE('',#2757,#2920,#1650,.T.);
#3580=EDGE_CURVE('',#2921,#2920,#272,.T.);
#3581=EDGE_CURVE('',#2758,#2921,#1651,.T.);
#3582=EDGE_CURVE('',#2887,#2921,#273,.T.);
#3583=EDGE_CURVE('',#2759,#2922,#1652,.T.);
#3584=EDGE_CURVE('',#2923,#2922,#1653,.T.);
#3585=EDGE_CURVE('',#2760,#2923,#1654,.T.);
#3586=EDGE_CURVE('',#2924,#2923,#1655,.T.);
#3587=EDGE_CURVE('',#2761,#2924,#1656,.T.);
#3588=EDGE_CURVE('',#2925,#2924,#1657,.T.);
#3589=EDGE_CURVE('',#2762,#2925,#1658,.T.);
#3590=EDGE_CURVE('',#2922,#2925,#1659,.T.);
#3591=EDGE_CURVE('',#2926,#2927,#1660,.T.);
#3592=EDGE_CURVE('',#2926,#2928,#1661,.T.);
#3593=EDGE_CURVE('',#2929,#2928,#1662,.T.);
#3594=EDGE_CURVE('',#2927,#2929,#1663,.T.);
#3595=EDGE_CURVE('',#2927,#2930,#274,.T.);
#3596=EDGE_CURVE('',#2931,#2929,#275,.T.);
#3597=EDGE_CURVE('',#2930,#2931,#1664,.T.);
#3598=EDGE_CURVE('',#2930,#2932,#276,.T.);
#3599=EDGE_CURVE('',#2933,#2931,#277,.T.);
#3600=EDGE_CURVE('',#2932,#2933,#1665,.T.);
#3601=EDGE_CURVE('',#2932,#2934,#278,.T.);
#3602=EDGE_CURVE('',#2935,#2933,#279,.T.);
#3603=EDGE_CURVE('',#2934,#2935,#1666,.T.);
#3604=EDGE_CURVE('',#2934,#2936,#280,.T.);
#3605=EDGE_CURVE('',#2937,#2935,#281,.T.);
#3606=EDGE_CURVE('',#2936,#2937,#1667,.T.);
#3607=EDGE_CURVE('',#2936,#2938,#282,.T.);
#3608=EDGE_CURVE('',#2939,#2937,#283,.T.);
#3609=EDGE_CURVE('',#2938,#2939,#1668,.T.);
#3610=EDGE_CURVE('',#2938,#2940,#1669,.T.);
#3611=EDGE_CURVE('',#2941,#2939,#1670,.T.);
#3612=EDGE_CURVE('',#2940,#2941,#1671,.T.);
#3613=EDGE_CURVE('',#2940,#2926,#1672,.T.);
#3614=EDGE_CURVE('',#2928,#2941,#1673,.T.);
#3615=EDGE_CURVE('',#2865,#2942,#1674,.T.);
#3616=EDGE_CURVE('',#2943,#2942,#1675,.T.);
#3617=EDGE_CURVE('',#2866,#2943,#1676,.T.);
#3618=EDGE_CURVE('',#2944,#2943,#1677,.T.);
#3619=EDGE_CURVE('',#2867,#2944,#1678,.T.);
#3620=EDGE_CURVE('',#2945,#2944,#284,.T.);
#3621=EDGE_CURVE('',#2868,#2945,#1679,.T.);
#3622=EDGE_CURVE('',#2946,#2945,#285,.T.);
#3623=EDGE_CURVE('',#2869,#2946,#1680,.T.);
#3624=EDGE_CURVE('',#2947,#2946,#286,.T.);
#3625=EDGE_CURVE('',#2870,#2947,#1681,.T.);
#3626=EDGE_CURVE('',#2948,#2947,#287,.T.);
#3627=EDGE_CURVE('',#2871,#2948,#1682,.T.);
#3628=EDGE_CURVE('',#2949,#2948,#288,.T.);
#3629=EDGE_CURVE('',#2872,#2949,#1683,.T.);
#3630=EDGE_CURVE('',#2950,#2949,#289,.T.);
#3631=EDGE_CURVE('',#2873,#2950,#1684,.T.);
#3632=EDGE_CURVE('',#2951,#2950,#290,.T.);
#3633=EDGE_CURVE('',#2874,#2951,#1685,.T.);
#3634=EDGE_CURVE('',#2952,#2951,#1686,.T.);
#3635=EDGE_CURVE('',#2875,#2952,#1687,.T.);
#3636=EDGE_CURVE('',#2953,#2952,#1688,.T.);
#3637=EDGE_CURVE('',#2876,#2953,#1689,.T.);
#3638=EDGE_CURVE('',#2954,#2953,#1690,.T.);
#3639=EDGE_CURVE('',#2877,#2954,#1691,.T.);
#3640=EDGE_CURVE('',#2955,#2954,#291,.T.);
#3641=EDGE_CURVE('',#2878,#2955,#1692,.T.);
#3642=EDGE_CURVE('',#2956,#2955,#292,.T.);
#3643=EDGE_CURVE('',#2879,#2956,#1693,.T.);
#3644=EDGE_CURVE('',#2957,#2956,#293,.T.);
#3645=EDGE_CURVE('',#2880,#2957,#1694,.T.);
#3646=EDGE_CURVE('',#2958,#2957,#294,.T.);
#3647=EDGE_CURVE('',#2881,#2958,#1695,.T.);
#3648=EDGE_CURVE('',#2959,#2958,#1696,.T.);
#3649=EDGE_CURVE('',#2882,#2959,#1697,.T.);
#3650=EDGE_CURVE('',#2960,#2959,#1698,.T.);
#3651=EDGE_CURVE('',#2883,#2960,#1699,.T.);
#3652=EDGE_CURVE('',#2942,#2960,#1700,.T.);
#3653=EDGE_CURVE('',#2861,#2961,#1701,.T.);
#3654=EDGE_CURVE('',#2962,#2961,#1702,.T.);
#3655=EDGE_CURVE('',#2862,#2962,#1703,.T.);
#3656=EDGE_CURVE('',#2963,#2962,#1704,.T.);
#3657=EDGE_CURVE('',#2863,#2963,#1705,.T.);
#3658=EDGE_CURVE('',#2964,#2963,#1706,.T.);
#3659=EDGE_CURVE('',#2864,#2964,#1707,.T.);
#3660=EDGE_CURVE('',#2961,#2964,#1708,.T.);
#3661=EDGE_CURVE('',#2965,#2966,#1709,.T.);
#3662=EDGE_CURVE('',#2965,#2967,#1710,.T.);
#3663=EDGE_CURVE('',#2968,#2967,#1711,.T.);
#3664=EDGE_CURVE('',#2966,#2968,#1712,.T.);
#3665=EDGE_CURVE('',#2966,#2969,#295,.T.);
#3666=EDGE_CURVE('',#2970,#2968,#296,.T.);
#3667=EDGE_CURVE('',#2969,#2970,#1713,.T.);
#3668=EDGE_CURVE('',#2969,#2971,#297,.T.);
#3669=EDGE_CURVE('',#2972,#2970,#298,.T.);
#3670=EDGE_CURVE('',#2971,#2972,#1714,.T.);
#3671=EDGE_CURVE('',#2971,#2973,#299,.T.);
#3672=EDGE_CURVE('',#2974,#2972,#300,.T.);
#3673=EDGE_CURVE('',#2973,#2974,#1715,.T.);
#3674=EDGE_CURVE('',#2973,#2975,#301,.T.);
#3675=EDGE_CURVE('',#2976,#2974,#302,.T.);
#3676=EDGE_CURVE('',#2975,#2976,#1716,.T.);
#3677=EDGE_CURVE('',#2975,#2977,#303,.T.);
#3678=EDGE_CURVE('',#2978,#2976,#304,.T.);
#3679=EDGE_CURVE('',#2977,#2978,#1717,.T.);
#3680=EDGE_CURVE('',#2977,#2979,#1718,.T.);
#3681=EDGE_CURVE('',#2980,#2978,#1719,.T.);
#3682=EDGE_CURVE('',#2979,#2980,#1720,.T.);
#3683=EDGE_CURVE('',#2979,#2965,#1721,.T.);
#3684=EDGE_CURVE('',#2967,#2980,#1722,.T.);
#3685=EDGE_CURVE('',#2763,#2981,#1723,.T.);
#3686=EDGE_CURVE('',#2982,#2981,#1724,.T.);
#3687=EDGE_CURVE('',#2764,#2982,#1725,.T.);
#3688=EDGE_CURVE('',#2983,#2982,#1726,.T.);
#3689=EDGE_CURVE('',#2765,#2983,#1727,.T.);
#3690=EDGE_CURVE('',#2984,#2983,#305,.T.);
#3691=EDGE_CURVE('',#2766,#2984,#1728,.T.);
#3692=EDGE_CURVE('',#2985,#2984,#306,.T.);
#3693=EDGE_CURVE('',#2767,#2985,#1729,.T.);
#3694=EDGE_CURVE('',#2986,#2985,#307,.T.);
#3695=EDGE_CURVE('',#2768,#2986,#1730,.T.);
#3696=EDGE_CURVE('',#2987,#2986,#308,.T.);
#3697=EDGE_CURVE('',#2769,#2987,#1731,.T.);
#3698=EDGE_CURVE('',#2988,#2987,#309,.T.);
#3699=EDGE_CURVE('',#2770,#2988,#1732,.T.);
#3700=EDGE_CURVE('',#2989,#2988,#310,.T.);
#3701=EDGE_CURVE('',#2771,#2989,#1733,.T.);
#3702=EDGE_CURVE('',#2990,#2989,#311,.T.);
#3703=EDGE_CURVE('',#2772,#2990,#1734,.T.);
#3704=EDGE_CURVE('',#2991,#2990,#1735,.T.);
#3705=EDGE_CURVE('',#2773,#2991,#1736,.T.);
#3706=EDGE_CURVE('',#2992,#2991,#1737,.T.);
#3707=EDGE_CURVE('',#2774,#2992,#1738,.T.);
#3708=EDGE_CURVE('',#2993,#2992,#1739,.T.);
#3709=EDGE_CURVE('',#2775,#2993,#1740,.T.);
#3710=EDGE_CURVE('',#2994,#2993,#312,.T.);
#3711=EDGE_CURVE('',#2776,#2994,#1741,.T.);
#3712=EDGE_CURVE('',#2995,#2994,#313,.T.);
#3713=EDGE_CURVE('',#2777,#2995,#1742,.T.);
#3714=EDGE_CURVE('',#2996,#2995,#314,.T.);
#3715=EDGE_CURVE('',#2778,#2996,#1743,.T.);
#3716=EDGE_CURVE('',#2997,#2996,#315,.T.);
#3717=EDGE_CURVE('',#2779,#2997,#1744,.T.);
#3718=EDGE_CURVE('',#2998,#2997,#1745,.T.);
#3719=EDGE_CURVE('',#2780,#2998,#1746,.T.);
#3720=EDGE_CURVE('',#2999,#2998,#1747,.T.);
#3721=EDGE_CURVE('',#2781,#2999,#1748,.T.);
#3722=EDGE_CURVE('',#2981,#2999,#1749,.T.);
#3723=EDGE_CURVE('',#2782,#3000,#1750,.T.);
#3724=EDGE_CURVE('',#3001,#3000,#1751,.T.);
#3725=EDGE_CURVE('',#2783,#3001,#1752,.T.);
#3726=EDGE_CURVE('',#3002,#3001,#316,.T.);
#3727=EDGE_CURVE('',#2784,#3002,#1753,.T.);
#3728=EDGE_CURVE('',#3003,#3002,#317,.T.);
#3729=EDGE_CURVE('',#2785,#3003,#1754,.T.);
#3730=EDGE_CURVE('',#3004,#3003,#318,.T.);
#3731=EDGE_CURVE('',#2786,#3004,#1755,.T.);
#3732=EDGE_CURVE('',#3005,#3004,#319,.T.);
#3733=EDGE_CURVE('',#2787,#3005,#1756,.T.);
#3734=EDGE_CURVE('',#3006,#3005,#320,.T.);
#3735=EDGE_CURVE('',#2788,#3006,#1757,.T.);
#3736=EDGE_CURVE('',#3007,#3006,#321,.T.);
#3737=EDGE_CURVE('',#2789,#3007,#1758,.T.);
#3738=EDGE_CURVE('',#3008,#3007,#322,.T.);
#3739=EDGE_CURVE('',#2790,#3008,#1759,.T.);
#3740=EDGE_CURVE('',#3009,#3008,#323,.T.);
#3741=EDGE_CURVE('',#2791,#3009,#1760,.T.);
#3742=EDGE_CURVE('',#3010,#3009,#324,.T.);
#3743=EDGE_CURVE('',#2792,#3010,#1761,.T.);
#3744=EDGE_CURVE('',#3011,#3010,#325,.T.);
#3745=EDGE_CURVE('',#2793,#3011,#1762,.T.);
#3746=EDGE_CURVE('',#3012,#3011,#326,.T.);
#3747=EDGE_CURVE('',#2794,#3012,#1763,.T.);
#3748=EDGE_CURVE('',#3013,#3012,#327,.T.);
#3749=EDGE_CURVE('',#2795,#3013,#1764,.T.);
#3750=EDGE_CURVE('',#3014,#3013,#328,.T.);
#3751=EDGE_CURVE('',#2796,#3014,#1765,.T.);
#3752=EDGE_CURVE('',#3015,#3014,#329,.T.);
#3753=EDGE_CURVE('',#2797,#3015,#1766,.T.);
#3754=EDGE_CURVE('',#3016,#3015,#330,.T.);
#3755=EDGE_CURVE('',#2798,#3016,#1767,.T.);
#3756=EDGE_CURVE('',#3017,#3016,#331,.T.);
#3757=EDGE_CURVE('',#2799,#3017,#1768,.T.);
#3758=EDGE_CURVE('',#3018,#3017,#332,.T.);
#3759=EDGE_CURVE('',#2800,#3018,#1769,.T.);
#3760=EDGE_CURVE('',#3019,#3018,#333,.T.);
#3761=EDGE_CURVE('',#2801,#3019,#1770,.T.);
#3762=EDGE_CURVE('',#3020,#3019,#1771,.T.);
#3763=EDGE_CURVE('',#2802,#3020,#1772,.T.);
#3764=EDGE_CURVE('',#3021,#3020,#334,.T.);
#3765=EDGE_CURVE('',#2803,#3021,#1773,.T.);
#3766=EDGE_CURVE('',#3022,#3021,#335,.T.);
#3767=EDGE_CURVE('',#2804,#3022,#1774,.T.);
#3768=EDGE_CURVE('',#3023,#3022,#336,.T.);
#3769=EDGE_CURVE('',#2805,#3023,#1775,.T.);
#3770=EDGE_CURVE('',#3024,#3023,#337,.T.);
#3771=EDGE_CURVE('',#2806,#3024,#1776,.T.);
#3772=EDGE_CURVE('',#3025,#3024,#338,.T.);
#3773=EDGE_CURVE('',#2807,#3025,#1777,.T.);
#3774=EDGE_CURVE('',#3026,#3025,#339,.T.);
#3775=EDGE_CURVE('',#2808,#3026,#1778,.T.);
#3776=EDGE_CURVE('',#3027,#3026,#340,.T.);
#3777=EDGE_CURVE('',#2809,#3027,#1779,.T.);
#3778=EDGE_CURVE('',#3028,#3027,#341,.T.);
#3779=EDGE_CURVE('',#2810,#3028,#1780,.T.);
#3780=EDGE_CURVE('',#3029,#3028,#342,.T.);
#3781=EDGE_CURVE('',#2811,#3029,#1781,.T.);
#3782=EDGE_CURVE('',#3030,#3029,#343,.T.);
#3783=EDGE_CURVE('',#2812,#3030,#1782,.T.);
#3784=EDGE_CURVE('',#3031,#3030,#344,.T.);
#3785=EDGE_CURVE('',#2813,#3031,#1783,.T.);
#3786=EDGE_CURVE('',#3032,#3031,#345,.T.);
#3787=EDGE_CURVE('',#2814,#3032,#1784,.T.);
#3788=EDGE_CURVE('',#3033,#3032,#346,.T.);
#3789=EDGE_CURVE('',#2815,#3033,#1785,.T.);
#3790=EDGE_CURVE('',#3034,#3033,#347,.T.);
#3791=EDGE_CURVE('',#2816,#3034,#1786,.T.);
#3792=EDGE_CURVE('',#3000,#3034,#348,.T.);
#3793=EDGE_CURVE('',#2817,#3035,#1787,.T.);
#3794=EDGE_CURVE('',#3036,#3035,#1788,.T.);
#3795=EDGE_CURVE('',#2818,#3036,#1789,.T.);
#3796=EDGE_CURVE('',#3037,#3036,#1790,.T.);
#3797=EDGE_CURVE('',#2819,#3037,#1791,.T.);
#3798=EDGE_CURVE('',#3038,#3037,#349,.T.);
#3799=EDGE_CURVE('',#2820,#3038,#1792,.T.);
#3800=EDGE_CURVE('',#3039,#3038,#350,.T.);
#3801=EDGE_CURVE('',#2821,#3039,#1793,.T.);
#3802=EDGE_CURVE('',#3040,#3039,#1794,.T.);
#3803=EDGE_CURVE('',#2822,#3040,#1795,.T.);
#3804=EDGE_CURVE('',#3041,#3040,#351,.T.);
#3805=EDGE_CURVE('',#2823,#3041,#1796,.T.);
#3806=EDGE_CURVE('',#3042,#3041,#352,.T.);
#3807=EDGE_CURVE('',#2824,#3042,#1797,.T.);
#3808=EDGE_CURVE('',#3043,#3042,#1798,.T.);
#3809=EDGE_CURVE('',#2825,#3043,#1799,.T.);
#3810=EDGE_CURVE('',#3035,#3043,#1800,.T.);
#3811=EDGE_CURVE('',#2826,#3044,#1801,.T.);
#3812=EDGE_CURVE('',#3045,#3044,#1802,.T.);
#3813=EDGE_CURVE('',#2827,#3045,#1803,.T.);
#3814=EDGE_CURVE('',#3046,#3045,#1804,.T.);
#3815=EDGE_CURVE('',#2828,#3046,#1805,.T.);
#3816=EDGE_CURVE('',#3047,#3046,#1806,.T.);
#3817=EDGE_CURVE('',#2829,#3047,#1807,.T.);
#3818=EDGE_CURVE('',#3044,#3047,#1808,.T.);
#3819=EDGE_CURVE('',#3048,#3049,#1809,.T.);
#3820=EDGE_CURVE('',#3048,#3050,#1810,.T.);
#3821=EDGE_CURVE('',#3051,#3050,#1811,.T.);
#3822=EDGE_CURVE('',#3049,#3051,#1812,.T.);
#3823=EDGE_CURVE('',#3049,#3052,#1813,.T.);
#3824=EDGE_CURVE('',#3053,#3051,#1814,.T.);
#3825=EDGE_CURVE('',#3052,#3053,#1815,.T.);
#3826=EDGE_CURVE('',#3052,#3054,#353,.T.);
#3827=EDGE_CURVE('',#3055,#3053,#354,.T.);
#3828=EDGE_CURVE('',#3054,#3055,#1816,.T.);
#3829=EDGE_CURVE('',#3054,#3056,#355,.T.);
#3830=EDGE_CURVE('',#3057,#3055,#356,.T.);
#3831=EDGE_CURVE('',#3056,#3057,#1817,.T.);
#3832=EDGE_CURVE('',#3056,#3048,#1818,.T.);
#3833=EDGE_CURVE('',#3050,#3057,#1819,.T.);
#3834=EDGE_CURVE('',#2853,#3058,#1820,.T.);
#3835=EDGE_CURVE('',#3059,#3058,#1821,.T.);
#3836=EDGE_CURVE('',#2854,#3059,#1822,.T.);
#3837=EDGE_CURVE('',#3060,#3059,#1823,.T.);
#3838=EDGE_CURVE('',#2855,#3060,#1824,.T.);
#3839=EDGE_CURVE('',#3061,#3060,#1825,.T.);
#3840=EDGE_CURVE('',#2856,#3061,#1826,.T.);
#3841=EDGE_CURVE('',#3062,#3061,#1827,.T.);
#3842=EDGE_CURVE('',#2857,#3062,#1828,.T.);
#3843=EDGE_CURVE('',#3063,#3062,#1829,.T.);
#3844=EDGE_CURVE('',#2858,#3063,#1830,.T.);
#3845=EDGE_CURVE('',#3064,#3063,#1831,.T.);
#3846=EDGE_CURVE('',#2859,#3064,#1832,.T.);
#3847=EDGE_CURVE('',#3065,#3064,#1833,.T.);
#3848=EDGE_CURVE('',#2860,#3065,#1834,.T.);
#3849=EDGE_CURVE('',#3058,#3065,#1835,.T.);
#3850=EDGE_CURVE('',#3066,#3067,#1836,.T.);
#3851=EDGE_CURVE('',#3066,#3068,#1837,.T.);
#3852=EDGE_CURVE('',#3069,#3068,#1838,.T.);
#3853=EDGE_CURVE('',#3067,#3069,#1839,.T.);
#3854=EDGE_CURVE('',#3067,#3066,#515,.T.);
#3855=EDGE_CURVE('',#3068,#3069,#516,.T.);
#3856=EDGE_CURVE('',#2830,#3070,#1840,.T.);
#3857=EDGE_CURVE('',#3071,#3070,#1841,.T.);
#3858=EDGE_CURVE('',#2831,#3071,#1842,.T.);
#3859=EDGE_CURVE('',#3070,#3071,#517,.T.);
#3860=EDGE_CURVE('',#3072,#3072,#518,.T.);
#3861=EDGE_CURVE('',#3072,#3073,#1843,.T.);
#3862=EDGE_CURVE('',#3073,#3073,#519,.T.);
#3863=EDGE_CURVE('',#3074,#3074,#520,.T.);
#3864=EDGE_CURVE('',#3075,#3075,#521,.T.);
#3865=EDGE_CURVE('',#3075,#3076,#1844,.T.);
#3866=EDGE_CURVE('',#3076,#3076,#522,.T.);
#3867=EDGE_CURVE('',#3077,#3077,#523,.T.);
#3868=EDGE_CURVE('',#3078,#3078,#524,.T.);
#3869=EDGE_CURVE('',#3078,#3079,#1845,.T.);
#3870=EDGE_CURVE('',#3079,#3079,#525,.T.);
#3871=EDGE_CURVE('',#3080,#3080,#526,.T.);
#3872=EDGE_CURVE('',#3081,#3081,#527,.T.);
#3873=EDGE_CURVE('',#3081,#3082,#1846,.T.);
#3874=EDGE_CURVE('',#3082,#3082,#528,.T.);
#3875=EDGE_CURVE('',#3083,#3083,#529,.T.);
#3876=EDGE_CURVE('',#3084,#3084,#530,.T.);
#3877=EDGE_CURVE('',#3084,#3085,#1847,.T.);
#3878=EDGE_CURVE('',#3085,#3085,#531,.T.);
#3879=EDGE_CURVE('',#3086,#3086,#532,.T.);
#3880=EDGE_CURVE('',#3087,#3087,#533,.T.);
#3881=EDGE_CURVE('',#3087,#3088,#1848,.T.);
#3882=EDGE_CURVE('',#3088,#3088,#534,.T.);
#3883=EDGE_CURVE('',#3089,#3089,#535,.T.);
#3884=EDGE_CURVE('',#3090,#3091,#1849,.T.);
#3885=EDGE_CURVE('',#3090,#3092,#1850,.T.);
#3886=EDGE_CURVE('',#3092,#3093,#1851,.T.);
#3887=EDGE_CURVE('',#3091,#3093,#1852,.T.);
#3888=EDGE_CURVE('',#3094,#3090,#1853,.T.);
#3889=EDGE_CURVE('',#3094,#3095,#1854,.T.);
#3890=EDGE_CURVE('',#3095,#3092,#1855,.T.);
#3891=EDGE_CURVE('',#3096,#3094,#1856,.T.);
#3892=EDGE_CURVE('',#3096,#3097,#1857,.T.);
#3893=EDGE_CURVE('',#3097,#3095,#1858,.T.);
#3894=EDGE_CURVE('',#3091,#3096,#1859,.T.);
#3895=EDGE_CURVE('',#3093,#3097,#1860,.T.);
#3896=EDGE_CURVE('',#3098,#3098,#536,.T.);
#3897=EDGE_CURVE('',#3098,#3099,#1861,.T.);
#3898=EDGE_CURVE('',#3099,#3099,#537,.T.);
#3899=EDGE_CURVE('',#3100,#3100,#538,.T.);
#3900=EDGE_CURVE('',#3101,#3101,#539,.T.);
#3901=EDGE_CURVE('',#3101,#3102,#1862,.T.);
#3902=EDGE_CURVE('',#3102,#3102,#540,.T.);
#3903=EDGE_CURVE('',#3103,#3103,#541,.T.);
#3904=EDGE_CURVE('',#3104,#3104,#542,.T.);
#3905=EDGE_CURVE('',#3104,#3105,#1863,.T.);
#3906=EDGE_CURVE('',#3105,#3105,#543,.T.);
#3907=EDGE_CURVE('',#3106,#3106,#544,.T.);
#3908=EDGE_CURVE('',#3107,#3107,#545,.T.);
#3909=EDGE_CURVE('',#3107,#3108,#1864,.T.);
#3910=EDGE_CURVE('',#3108,#3108,#546,.T.);
#3911=EDGE_CURVE('',#3109,#3109,#547,.T.);
#3912=EDGE_CURVE('',#2832,#3110,#1865,.T.);
#3913=EDGE_CURVE('',#3110,#3110,#548,.T.);
#3914=EDGE_CURVE('',#3111,#3111,#549,.T.);
#3915=EDGE_CURVE('',#2833,#3112,#1866,.T.);
#3916=EDGE_CURVE('',#3112,#3112,#550,.T.);
#3917=EDGE_CURVE('',#3113,#3113,#551,.T.);
#3918=EDGE_CURVE('',#2834,#3114,#1867,.T.);
#3919=EDGE_CURVE('',#3114,#3114,#552,.T.);
#3920=EDGE_CURVE('',#3115,#3115,#553,.T.);
#3921=EDGE_CURVE('',#2835,#3116,#1868,.T.);
#3922=EDGE_CURVE('',#3116,#3116,#554,.T.);
#3923=EDGE_CURVE('',#3117,#3117,#555,.T.);
#3924=EDGE_CURVE('',#2836,#3118,#1869,.T.);
#3925=EDGE_CURVE('',#3118,#3118,#556,.T.);
#3926=EDGE_CURVE('',#3119,#3119,#557,.T.);
#3927=EDGE_CURVE('',#2837,#3120,#1870,.T.);
#3928=EDGE_CURVE('',#3120,#3120,#558,.T.);
#3929=EDGE_CURVE('',#3121,#3121,#559,.T.);
#3930=EDGE_CURVE('',#2838,#3122,#1871,.T.);
#3931=EDGE_CURVE('',#3122,#3122,#560,.T.);
#3932=EDGE_CURVE('',#3123,#3123,#561,.T.);
#3933=EDGE_CURVE('',#2839,#3124,#1872,.T.);
#3934=EDGE_CURVE('',#3124,#3124,#562,.T.);
#3935=EDGE_CURVE('',#3125,#3125,#563,.T.);
#3936=EDGE_CURVE('',#2840,#3126,#1873,.T.);
#3937=EDGE_CURVE('',#3126,#3126,#564,.T.);
#3938=EDGE_CURVE('',#3127,#3127,#565,.T.);
#3939=EDGE_CURVE('',#2841,#3128,#1874,.T.);
#3940=EDGE_CURVE('',#3128,#3128,#566,.T.);
#3941=EDGE_CURVE('',#3129,#3129,#567,.T.);
#3942=EDGE_CURVE('',#2842,#3130,#1875,.T.);
#3943=EDGE_CURVE('',#3130,#3130,#568,.T.);
#3944=EDGE_CURVE('',#2852,#3131,#1876,.T.);
#3945=EDGE_CURVE('',#3131,#3131,#569,.T.);
#3946=EDGE_CURVE('',#2843,#3132,#1877,.T.);
#3947=EDGE_CURVE('',#3132,#3132,#570,.T.);
#3948=EDGE_CURVE('',#2849,#3133,#1878,.T.);
#3949=EDGE_CURVE('',#3134,#3133,#1879,.T.);
#3950=EDGE_CURVE('',#2850,#3134,#1880,.T.);
#3951=EDGE_CURVE('',#2848,#3135,#1881,.T.);
#3952=EDGE_CURVE('',#3133,#3135,#1882,.T.);
#3953=EDGE_CURVE('',#3136,#3134,#1883,.T.);
#3954=EDGE_CURVE('',#2851,#3136,#1884,.T.);
#3955=EDGE_CURVE('',#3135,#3136,#1885,.T.);
#3956=EDGE_CURVE('',#3115,#3086,#1886,.T.);
#3957=EDGE_CURVE('',#2844,#3137,#1887,.T.);
#3958=EDGE_CURVE('',#3137,#3137,#571,.T.);
#3959=EDGE_CURVE('',#3123,#3077,#1888,.T.);
#3960=EDGE_CURVE('',#3125,#3106,#1889,.T.);
#3961=EDGE_CURVE('',#2845,#3138,#1890,.T.);
#3962=EDGE_CURVE('',#3138,#3138,#572,.T.);
#3963=EDGE_CURVE('',#3111,#3109,#1891,.T.);
#3964=EDGE_CURVE('',#3121,#3089,#1892,.T.);
#3965=EDGE_CURVE('',#3117,#3103,#1893,.T.);
#3966=EDGE_CURVE('',#2846,#3139,#1894,.T.);
#3967=EDGE_CURVE('',#3139,#3139,#573,.T.);
#3968=EDGE_CURVE('',#3129,#3080,#1895,.T.);
#3969=EDGE_CURVE('',#3119,#3074,#1896,.T.);
#3970=EDGE_CURVE('',#3113,#3083,#1897,.T.);
#3971=EDGE_CURVE('',#3127,#3100,#1898,.T.);
#3972=EDGE_CURVE('',#2847,#3140,#1899,.T.);
#3973=EDGE_CURVE('',#3140,#3140,#574,.T.);
#3974=EDGE_CURVE('',#3141,#3142,#1900,.T.);
#3975=EDGE_CURVE('',#3141,#2721,#1901,.T.);
#3976=EDGE_CURVE('',#3142,#2720,#1902,.T.);
#3977=EDGE_CURVE('',#3142,#3143,#1903,.T.);
#3978=EDGE_CURVE('',#3143,#2719,#1904,.T.);
#3979=EDGE_CURVE('',#3143,#3144,#1905,.T.);
#3980=EDGE_CURVE('',#3144,#2722,#1906,.T.);
#3981=EDGE_CURVE('',#3144,#3141,#1907,.T.);
#3982=EDGE_CURVE('',#3145,#3146,#1908,.T.);
#3983=EDGE_CURVE('',#3145,#3147,#1909,.T.);
#3984=EDGE_CURVE('',#3148,#3147,#1910,.T.);
#3985=EDGE_CURVE('',#3148,#3146,#1911,.T.);
#3986=EDGE_CURVE('',#3149,#3145,#1912,.T.);
#3987=EDGE_CURVE('',#3150,#3149,#1913,.T.);
#3988=EDGE_CURVE('',#3147,#3150,#1914,.T.);
#3989=EDGE_CURVE('',#3151,#3149,#1915,.T.);
#3990=EDGE_CURVE('',#3151,#3152,#1916,.T.);
#3991=EDGE_CURVE('',#3150,#3152,#1917,.T.);
#3992=EDGE_CURVE('',#3146,#3151,#1918,.T.);
#3993=EDGE_CURVE('',#3152,#3148,#1919,.T.);
#3994=EDGE_CURVE('',#3153,#3154,#1920,.T.);
#3995=EDGE_CURVE('',#3154,#3155,#1921,.T.);
#3996=EDGE_CURVE('',#3156,#3155,#1922,.T.);
#3997=EDGE_CURVE('',#3153,#3156,#1923,.T.);
#3998=EDGE_CURVE('',#3157,#3158,#1924,.T.);
#3999=EDGE_CURVE('',#3159,#3157,#1925,.T.);
#4000=EDGE_CURVE('',#3160,#3159,#1926,.T.);
#4001=EDGE_CURVE('',#3158,#3160,#1927,.T.);
#4002=EDGE_CURVE('',#3161,#3153,#1928,.T.);
#4003=EDGE_CURVE('',#3162,#3156,#1929,.T.);
#4004=EDGE_CURVE('',#3161,#3162,#1930,.T.);
#4005=EDGE_CURVE('',#3159,#3156,#1931,.T.);
#4006=EDGE_CURVE('',#3157,#3162,#1932,.T.);
#4007=EDGE_CURVE('',#3160,#3155,#1933,.T.);
#4008=EDGE_CURVE('',#3155,#3163,#1934,.T.);
#4009=EDGE_CURVE('',#3158,#3163,#1935,.T.);
#4010=EDGE_CURVE('',#3163,#3162,#1936,.T.);
#4011=EDGE_CURVE('',#3164,#3161,#1937,.T.);
#4012=EDGE_CURVE('',#3164,#3163,#1938,.T.);
#4013=EDGE_CURVE('',#3154,#3164,#1939,.T.);
#4014=EDGE_CURVE('',#3165,#3166,#1940,.T.);
#4015=EDGE_CURVE('',#3165,#3167,#1941,.T.);
#4016=EDGE_CURVE('',#3168,#3167,#1942,.T.);
#4017=EDGE_CURVE('',#3168,#3166,#1943,.T.);
#4018=EDGE_CURVE('',#3169,#3165,#1944,.T.);
#4019=EDGE_CURVE('',#3170,#3169,#1945,.T.);
#4020=EDGE_CURVE('',#3167,#3170,#1946,.T.);
#4021=EDGE_CURVE('',#3171,#3169,#1947,.T.);
#4022=EDGE_CURVE('',#3171,#3172,#1948,.T.);
#4023=EDGE_CURVE('',#3170,#3172,#1949,.T.);
#4024=EDGE_CURVE('',#3166,#3171,#1950,.T.);
#4025=EDGE_CURVE('',#3172,#3168,#1951,.T.);
#4026=EDGE_CURVE('',#3173,#3174,#1952,.T.);
#4027=EDGE_CURVE('',#3174,#3175,#1953,.F.);
#4028=EDGE_CURVE('',#3176,#3175,#1954,.T.);
#4029=EDGE_CURVE('',#3173,#3176,#1955,.T.);
#4030=EDGE_CURVE('',#3177,#3175,#1956,.T.);
#4031=EDGE_CURVE('',#3177,#3178,#1957,.T.);
#4032=EDGE_CURVE('',#3176,#3178,#1958,.T.);
#4033=EDGE_CURVE('',#3179,#3180,#1959,.T.);
#4034=EDGE_CURVE('',#3180,#3181,#1960,.F.);
#4035=EDGE_CURVE('',#3182,#3181,#1961,.T.);
#4036=EDGE_CURVE('',#3179,#3182,#1962,.T.);
#4037=EDGE_CURVE('',#3180,#3173,#1963,.F.);
#4038=EDGE_CURVE('',#3174,#3179,#1964,.F.);
#4039=EDGE_CURVE('',#3175,#3182,#1965,.T.);
#4040=EDGE_CURVE('',#3181,#3176,#1966,.T.);
#4041=EDGE_CURVE('',#3183,#3181,#1967,.T.);
#4042=EDGE_CURVE('',#3178,#3183,#1968,.T.);
#4043=EDGE_CURVE('',#3182,#3184,#1969,.T.);
#4044=EDGE_CURVE('',#3183,#3184,#1970,.T.);
#4045=EDGE_CURVE('',#3184,#3177,#1971,.T.);
#4046=EDGE_CURVE('',#3185,#3186,#1972,.T.);
#4047=EDGE_CURVE('',#3185,#3187,#1973,.T.);
#4048=EDGE_CURVE('',#3188,#3187,#1974,.T.);
#4049=EDGE_CURVE('',#3188,#3186,#1975,.T.);
#4050=EDGE_CURVE('',#3189,#3185,#1976,.T.);
#4051=EDGE_CURVE('',#3190,#3189,#1977,.T.);
#4052=EDGE_CURVE('',#3187,#3190,#1978,.T.);
#4053=EDGE_CURVE('',#3191,#3189,#1979,.T.);
#4054=EDGE_CURVE('',#3191,#3192,#1980,.T.);
#4055=EDGE_CURVE('',#3190,#3192,#1981,.T.);
#4056=EDGE_CURVE('',#3186,#3191,#1982,.T.);
#4057=EDGE_CURVE('',#3192,#3188,#1983,.T.);
#4058=EDGE_CURVE('',#3193,#3194,#1984,.T.);
#4059=EDGE_CURVE('',#3194,#3195,#1985,.T.);
#4060=EDGE_CURVE('',#3196,#3195,#1986,.T.);
#4061=EDGE_CURVE('',#3193,#3196,#1987,.T.);
#4062=EDGE_CURVE('',#3197,#3198,#1988,.T.);
#4063=EDGE_CURVE('',#3199,#3197,#1989,.T.);
#4064=EDGE_CURVE('',#3200,#3199,#1990,.T.);
#4065=EDGE_CURVE('',#3198,#3200,#1991,.T.);
#4066=EDGE_CURVE('',#3201,#3193,#1992,.T.);
#4067=EDGE_CURVE('',#3202,#3196,#1993,.T.);
#4068=EDGE_CURVE('',#3201,#3202,#1994,.T.);
#4069=EDGE_CURVE('',#3199,#3196,#1995,.T.);
#4070=EDGE_CURVE('',#3197,#3202,#1996,.T.);
#4071=EDGE_CURVE('',#3200,#3195,#1997,.T.);
#4072=EDGE_CURVE('',#3195,#3203,#1998,.T.);
#4073=EDGE_CURVE('',#3198,#3203,#1999,.T.);
#4074=EDGE_CURVE('',#3203,#3202,#2000,.T.);
#4075=EDGE_CURVE('',#3204,#3201,#2001,.T.);
#4076=EDGE_CURVE('',#3204,#3203,#2002,.T.);
#4077=EDGE_CURVE('',#3194,#3204,#2003,.T.);
#4078=EDGE_CURVE('',#3205,#3205,#575,.F.);
#4079=EDGE_CURVE('',#3206,#3206,#576,.T.);
#4080=EDGE_CURVE('',#3205,#3207,#2004,.T.);
#4081=EDGE_CURVE('',#3207,#3207,#577,.T.);
#4082=EDGE_CURVE('',#3208,#3209,#578,.T.);
#4083=EDGE_CURVE('',#3208,#3206,#2005,.T.);
#4084=EDGE_CURVE('',#3209,#3208,#579,.T.);
#4085=EDGE_CURVE('',#3209,#3210,#580,.T.);
#4086=EDGE_CURVE('',#3211,#3211,#581,.T.);
#4087=EDGE_CURVE('',#3211,#3212,#2006,.T.);
#4088=EDGE_CURVE('',#3212,#3213,#582,.T.);
#4089=EDGE_CURVE('',#3213,#3212,#583,.T.);
#4090=EDGE_CURVE('',#3214,#3214,#584,.T.);
#4091=EDGE_CURVE('',#3214,#3213,#2007,.T.);
#4092=EDGE_CURVE('',#3215,#3216,#2008,.T.);
#4093=EDGE_CURVE('',#3217,#3215,#2009,.T.);
#4094=EDGE_CURVE('',#3218,#3217,#2010,.T.);
#4095=EDGE_CURVE('',#3216,#3218,#2011,.T.);
#4096=EDGE_CURVE('',#3217,#3219,#2012,.T.);
#4097=EDGE_CURVE('',#3220,#3219,#585,.T.);
#4098=EDGE_CURVE('',#3221,#3220,#2013,.T.);
#4099=EDGE_CURVE('',#3222,#3221,#2014,.T.);
#4100=EDGE_CURVE('',#3222,#3223,#2015,.T.);
#4101=EDGE_CURVE('',#3224,#3223,#586,.T.);
#4102=EDGE_CURVE('',#3224,#3218,#2016,.T.);
#4103=EDGE_CURVE('',#3225,#3215,#2017,.T.);
#4104=EDGE_CURVE('',#3219,#3225,#2018,.T.);
#4105=EDGE_CURVE('',#3226,#3227,#2019,.T.);
#4106=EDGE_CURVE('',#3227,#3228,#2020,.T.);
#4107=EDGE_CURVE('',#3228,#3222,#2021,.T.);
#4108=EDGE_CURVE('',#3222,#3226,#2022,.T.);
#4109=EDGE_CURVE('',#3229,#3228,#2023,.T.);
#4110=EDGE_CURVE('',#3227,#3230,#2024,.T.);
#4111=EDGE_CURVE('',#3229,#3230,#2025,.T.);
#4112=EDGE_CURVE('',#3231,#3226,#2026,.T.);
#4113=EDGE_CURVE('',#3221,#3231,#2027,.T.);
#4114=EDGE_CURVE('',#3230,#3231,#2028,.T.);
#4115=EDGE_CURVE('',#3221,#3229,#2029,.T.);
#4116=EDGE_CURVE('',#3228,#3232,#2030,.T.);
#4117=EDGE_CURVE('',#3223,#3232,#2031,.T.);
#4118=EDGE_CURVE('',#3232,#3233,#587,.T.);
#4119=EDGE_CURVE('',#3233,#3224,#2032,.T.);
#4120=EDGE_CURVE('',#3225,#3234,#588,.T.);
#4121=EDGE_CURVE('',#3234,#3220,#2033,.T.);
#4122=EDGE_CURVE('',#3234,#3229,#2034,.T.);
#4123=EDGE_CURVE('',#3216,#3233,#2035,.T.);
#4124=EDGE_CURVE('',#3235,#3235,#589,.T.);
#4125=EDGE_CURVE('',#3235,#3236,#2036,.T.);
#4126=EDGE_CURVE('',#3236,#3237,#590,.T.);
#4127=EDGE_CURVE('',#3237,#3236,#591,.T.);
#4128=EDGE_CURVE('',#3238,#3238,#592,.T.);
#4129=EDGE_CURVE('',#3238,#3237,#2037,.T.);
#4130=EDGE_CURVE('',#3239,#3240,#2038,.T.);
#4131=EDGE_CURVE('',#3241,#3239,#2039,.T.);
#4132=EDGE_CURVE('',#3242,#3241,#2040,.T.);
#4133=EDGE_CURVE('',#3240,#3242,#2041,.T.);
#4134=EDGE_CURVE('',#3241,#3243,#2042,.T.);
#4135=EDGE_CURVE('',#3244,#3243,#593,.T.);
#4136=EDGE_CURVE('',#3245,#3244,#2043,.T.);
#4137=EDGE_CURVE('',#3246,#3245,#2044,.T.);
#4138=EDGE_CURVE('',#3246,#3247,#2045,.T.);
#4139=EDGE_CURVE('',#3248,#3247,#594,.T.);
#4140=EDGE_CURVE('',#3248,#3242,#2046,.T.);
#4141=EDGE_CURVE('',#3249,#3239,#2047,.T.);
#4142=EDGE_CURVE('',#3243,#3249,#2048,.T.);
#4143=EDGE_CURVE('',#3250,#3251,#2049,.T.);
#4144=EDGE_CURVE('',#3251,#3252,#2050,.T.);
#4145=EDGE_CURVE('',#3252,#3246,#2051,.T.);
#4146=EDGE_CURVE('',#3246,#3250,#2052,.T.);
#4147=EDGE_CURVE('',#3253,#3252,#2053,.T.);
#4148=EDGE_CURVE('',#3251,#3254,#2054,.T.);
#4149=EDGE_CURVE('',#3253,#3254,#2055,.T.);
#4150=EDGE_CURVE('',#3255,#3250,#2056,.T.);
#4151=EDGE_CURVE('',#3245,#3255,#2057,.T.);
#4152=EDGE_CURVE('',#3254,#3255,#2058,.T.);
#4153=EDGE_CURVE('',#3245,#3253,#2059,.T.);
#4154=EDGE_CURVE('',#3252,#3256,#2060,.T.);
#4155=EDGE_CURVE('',#3247,#3256,#2061,.T.);
#4156=EDGE_CURVE('',#3256,#3257,#595,.T.);
#4157=EDGE_CURVE('',#3257,#3248,#2062,.T.);
#4158=EDGE_CURVE('',#3249,#3258,#596,.T.);
#4159=EDGE_CURVE('',#3258,#3244,#2063,.T.);
#4160=EDGE_CURVE('',#3258,#3253,#2064,.T.);
#4161=EDGE_CURVE('',#3240,#3257,#2065,.T.);
#4162=EDGE_CURVE('',#3259,#3259,#597,.T.);
#4163=EDGE_CURVE('',#3259,#3260,#2066,.T.);
#4164=EDGE_CURVE('',#3260,#3261,#598,.T.);
#4165=EDGE_CURVE('',#3261,#3260,#599,.T.);
#4166=EDGE_CURVE('',#3262,#3262,#600,.T.);
#4167=EDGE_CURVE('',#3262,#3261,#2067,.T.);
#4168=EDGE_CURVE('',#3263,#3264,#2068,.T.);
#4169=EDGE_CURVE('',#3265,#3263,#2069,.T.);
#4170=EDGE_CURVE('',#3266,#3265,#2070,.T.);
#4171=EDGE_CURVE('',#3264,#3266,#2071,.T.);
#4172=EDGE_CURVE('',#3265,#3267,#2072,.T.);
#4173=EDGE_CURVE('',#3268,#3267,#601,.T.);
#4174=EDGE_CURVE('',#3269,#3268,#2073,.T.);
#4175=EDGE_CURVE('',#3270,#3269,#2074,.T.);
#4176=EDGE_CURVE('',#3270,#3271,#2075,.T.);
#4177=EDGE_CURVE('',#3272,#3271,#602,.T.);
#4178=EDGE_CURVE('',#3272,#3266,#2076,.T.);
#4179=EDGE_CURVE('',#3273,#3263,#2077,.T.);
#4180=EDGE_CURVE('',#3267,#3273,#2078,.T.);
#4181=EDGE_CURVE('',#3274,#3275,#2079,.T.);
#4182=EDGE_CURVE('',#3275,#3276,#2080,.T.);
#4183=EDGE_CURVE('',#3276,#3270,#2081,.T.);
#4184=EDGE_CURVE('',#3270,#3274,#2082,.T.);
#4185=EDGE_CURVE('',#3277,#3276,#2083,.T.);
#4186=EDGE_CURVE('',#3275,#3278,#2084,.T.);
#4187=EDGE_CURVE('',#3277,#3278,#2085,.T.);
#4188=EDGE_CURVE('',#3279,#3274,#2086,.T.);
#4189=EDGE_CURVE('',#3269,#3279,#2087,.T.);
#4190=EDGE_CURVE('',#3278,#3279,#2088,.T.);
#4191=EDGE_CURVE('',#3269,#3277,#2089,.T.);
#4192=EDGE_CURVE('',#3276,#3280,#2090,.T.);
#4193=EDGE_CURVE('',#3271,#3280,#2091,.T.);
#4194=EDGE_CURVE('',#3280,#3281,#603,.T.);
#4195=EDGE_CURVE('',#3281,#3272,#2092,.T.);
#4196=EDGE_CURVE('',#3273,#3282,#604,.T.);
#4197=EDGE_CURVE('',#3282,#3268,#2093,.T.);
#4198=EDGE_CURVE('',#3282,#3277,#2094,.T.);
#4199=EDGE_CURVE('',#3264,#3281,#2095,.T.);
#4200=EDGE_CURVE('',#3283,#3284,#21,.T.);
#4201=EDGE_CURVE('',#3285,#3284,#2096,.T.);
#4202=EDGE_CURVE('',#3285,#3286,#2097,.T.);
#4203=EDGE_CURVE('',#3283,#3286,#2098,.T.);
#4204=EDGE_CURVE('',#3283,#3287,#2099,.T.);
#4205=EDGE_CURVE('',#3287,#3288,#22,.F.);
#4206=EDGE_CURVE('',#3284,#3288,#2100,.T.);
#4207=EDGE_CURVE('',#3289,#3290,#2101,.T.);
#4208=EDGE_CURVE('',#3291,#3289,#2102,.T.);
#4209=EDGE_CURVE('',#3291,#3292,#23,.F.);
#4210=EDGE_CURVE('',#3292,#3293,#24,.F.);
#4211=EDGE_CURVE('',#3290,#3293,#2103,.T.);
#4212=EDGE_CURVE('',#3289,#3294,#2104,.T.);
#4213=EDGE_CURVE('',#3295,#3290,#2105,.T.);
#4214=EDGE_CURVE('',#3294,#3295,#2106,.T.);
#4215=EDGE_CURVE('',#3294,#3285,#2107,.T.);
#4216=EDGE_CURVE('',#3286,#3295,#2108,.T.);
#4217=EDGE_CURVE('',#3291,#3288,#2109,.T.);
#4218=EDGE_CURVE('',#3293,#3287,#2110,.T.);
#4219=EDGE_CURVE('',#3296,#3296,#605,.T.);
#4220=EDGE_CURVE('',#3296,#3297,#606,.T.);
#4221=EDGE_CURVE('',#3297,#3298,#607,.T.);
#4222=EDGE_CURVE('',#3298,#3297,#608,.T.);
#4223=EDGE_CURVE('',#3299,#3300,#609,.T.);
#4224=EDGE_CURVE('',#3299,#3298,#2111,.T.);
#4225=EDGE_CURVE('',#3300,#3299,#610,.T.);
#4226=EDGE_CURVE('',#3301,#3302,#611,.T.);
#4227=EDGE_CURVE('',#3302,#3301,#612,.T.);
#4228=EDGE_CURVE('',#3301,#3303,#613,.T.);
#4229=EDGE_CURVE('',#3304,#3303,#614,.T.);
#4230=EDGE_CURVE('',#3303,#3304,#615,.T.);
#4231=EDGE_CURVE('',#3296,#3302,#2112,.T.);
#4232=EDGE_CURVE('',#3305,#3305,#616,.T.);
#4233=EDGE_CURVE('',#3305,#3304,#2113,.T.);
#4234=EDGE_CURVE('',#3292,#3306,#2114,.T.);
#4235=EDGE_CURVE('',#3306,#3307,#617,.T.);
#4236=EDGE_CURVE('',#3307,#3306,#618,.T.);
#4237=EDGE_CURVE('',#3307,#3300,#619,.T.);
#4238=EDGE_CURVE('',#3308,#3309,#25,.F.);
#4239=EDGE_CURVE('',#3308,#3310,#2115,.T.);
#4240=EDGE_CURVE('',#3310,#3311,#26,.F.);
#4241=EDGE_CURVE('',#3311,#3312,#27,.F.);
#4242=EDGE_CURVE('',#3309,#3312,#2116,.T.);
#4243=EDGE_CURVE('',#3308,#3313,#2117,.F.);
#4244=EDGE_CURVE('',#3313,#3314,#2118,.T.);
#4245=EDGE_CURVE('',#3314,#3315,#2119,.T.);
#4246=EDGE_CURVE('',#3315,#3310,#2120,.T.);
#4247=EDGE_CURVE('',#3314,#3316,#2121,.T.);
#4248=EDGE_CURVE('',#3317,#3316,#2122,.T.);
#4249=EDGE_CURVE('',#3317,#3315,#28,.F.);
#4250=EDGE_CURVE('',#3318,#3309,#2123,.F.);
#4251=EDGE_CURVE('',#3313,#3318,#2124,.F.);
#4252=EDGE_CURVE('',#3316,#3318,#2125,.T.);
#4253=EDGE_CURVE('',#3317,#3312,#2126,.T.);
#4254=EDGE_CURVE('',#3319,#3319,#620,.T.);
#4255=EDGE_CURVE('',#3319,#3320,#621,.T.);
#4256=EDGE_CURVE('',#3320,#3321,#622,.T.);
#4257=EDGE_CURVE('',#3321,#3320,#623,.T.);
#4258=EDGE_CURVE('',#3322,#3323,#624,.T.);
#4259=EDGE_CURVE('',#3322,#3321,#2127,.T.);
#4260=EDGE_CURVE('',#3323,#3322,#625,.T.);
#4261=EDGE_CURVE('',#3324,#3325,#626,.T.);
#4262=EDGE_CURVE('',#3325,#3324,#627,.T.);
#4263=EDGE_CURVE('',#3324,#3326,#628,.T.);
#4264=EDGE_CURVE('',#3327,#3326,#629,.T.);
#4265=EDGE_CURVE('',#3326,#3327,#630,.T.);
#4266=EDGE_CURVE('',#3319,#3325,#2128,.T.);
#4267=EDGE_CURVE('',#3328,#3328,#631,.T.);
#4268=EDGE_CURVE('',#3328,#3327,#2129,.T.);
#4269=EDGE_CURVE('',#3311,#3329,#2130,.T.);
#4270=EDGE_CURVE('',#3329,#3330,#632,.T.);
#4271=EDGE_CURVE('',#3330,#3329,#633,.T.);
#4272=EDGE_CURVE('',#3330,#3323,#634,.T.);
#4273=ORIENTED_EDGE('',*,*,#3331,.F.);
#4274=ORIENTED_EDGE('',*,*,#3332,.T.);
#4275=ORIENTED_EDGE('',*,*,#3333,.F.);
#4276=ORIENTED_EDGE('',*,*,#3334,.F.);
#4277=ORIENTED_EDGE('',*,*,#3335,.F.);
#4278=ORIENTED_EDGE('',*,*,#3334,.T.);
#4279=ORIENTED_EDGE('',*,*,#3336,.F.);
#4280=ORIENTED_EDGE('',*,*,#3332,.F.);
#4281=ORIENTED_EDGE('',*,*,#3337,.F.);
#4282=ORIENTED_EDGE('',*,*,#3338,.T.);
#4283=ORIENTED_EDGE('',*,*,#3339,.F.);
#4284=ORIENTED_EDGE('',*,*,#3340,.F.);
#4285=ORIENTED_EDGE('',*,*,#3341,.F.);
#4286=ORIENTED_EDGE('',*,*,#3340,.T.);
#4287=ORIENTED_EDGE('',*,*,#3342,.F.);
#4288=ORIENTED_EDGE('',*,*,#3338,.F.);
#4289=ORIENTED_EDGE('',*,*,#3342,.T.);
#4290=ORIENTED_EDGE('',*,*,#3339,.T.);
#4291=ORIENTED_EDGE('',*,*,#3336,.T.);
#4292=ORIENTED_EDGE('',*,*,#3333,.T.);
#4293=ORIENTED_EDGE('',*,*,#3343,.T.);
#4294=ORIENTED_EDGE('',*,*,#3344,.T.);
#4295=ORIENTED_EDGE('',*,*,#3345,.T.);
#4296=ORIENTED_EDGE('',*,*,#3346,.T.);
#4297=ORIENTED_EDGE('',*,*,#3347,.T.);
#4298=ORIENTED_EDGE('',*,*,#3348,.T.);
#4299=ORIENTED_EDGE('',*,*,#3349,.T.);
#4300=ORIENTED_EDGE('',*,*,#3350,.T.);
#4301=ORIENTED_EDGE('',*,*,#3351,.T.);
#4302=ORIENTED_EDGE('',*,*,#3352,.T.);
#4303=ORIENTED_EDGE('',*,*,#3353,.T.);
#4304=ORIENTED_EDGE('',*,*,#3354,.T.);
#4305=ORIENTED_EDGE('',*,*,#3355,.T.);
#4306=ORIENTED_EDGE('',*,*,#3356,.T.);
#4307=ORIENTED_EDGE('',*,*,#3357,.T.);
#4308=ORIENTED_EDGE('',*,*,#3358,.T.);
#4309=ORIENTED_EDGE('',*,*,#3359,.T.);
#4310=ORIENTED_EDGE('',*,*,#3360,.T.);
#4311=ORIENTED_EDGE('',*,*,#3361,.T.);
#4312=ORIENTED_EDGE('',*,*,#3362,.T.);
#4313=ORIENTED_EDGE('',*,*,#3363,.T.);
#4314=ORIENTED_EDGE('',*,*,#3364,.T.);
#4315=ORIENTED_EDGE('',*,*,#3365,.T.);
#4316=ORIENTED_EDGE('',*,*,#3366,.T.);
#4317=ORIENTED_EDGE('',*,*,#3367,.T.);
#4318=ORIENTED_EDGE('',*,*,#3368,.T.);
#4319=ORIENTED_EDGE('',*,*,#3369,.T.);
#4320=ORIENTED_EDGE('',*,*,#3370,.T.);
#4321=ORIENTED_EDGE('',*,*,#3371,.T.);
#4322=ORIENTED_EDGE('',*,*,#3372,.T.);
#4323=ORIENTED_EDGE('',*,*,#3373,.T.);
#4324=ORIENTED_EDGE('',*,*,#3374,.T.);
#4325=ORIENTED_EDGE('',*,*,#3375,.T.);
#4326=ORIENTED_EDGE('',*,*,#3376,.T.);
#4327=ORIENTED_EDGE('',*,*,#3377,.T.);
#4328=ORIENTED_EDGE('',*,*,#3378,.T.);
#4329=ORIENTED_EDGE('',*,*,#3379,.T.);
#4330=ORIENTED_EDGE('',*,*,#3380,.T.);
#4331=ORIENTED_EDGE('',*,*,#3381,.T.);
#4332=ORIENTED_EDGE('',*,*,#3382,.T.);
#4333=ORIENTED_EDGE('',*,*,#3383,.T.);
#4334=ORIENTED_EDGE('',*,*,#3384,.T.);
#4335=ORIENTED_EDGE('',*,*,#3385,.T.);
#4336=ORIENTED_EDGE('',*,*,#3386,.T.);
#4337=ORIENTED_EDGE('',*,*,#3387,.T.);
#4338=ORIENTED_EDGE('',*,*,#3388,.T.);
#4339=ORIENTED_EDGE('',*,*,#3389,.T.);
#4340=ORIENTED_EDGE('',*,*,#3390,.T.);
#4341=ORIENTED_EDGE('',*,*,#3391,.T.);
#4342=ORIENTED_EDGE('',*,*,#3392,.T.);
#4343=ORIENTED_EDGE('',*,*,#3393,.T.);
#4344=ORIENTED_EDGE('',*,*,#3394,.T.);
#4345=ORIENTED_EDGE('',*,*,#3395,.T.);
#4346=ORIENTED_EDGE('',*,*,#3396,.T.);
#4347=ORIENTED_EDGE('',*,*,#3397,.T.);
#4348=ORIENTED_EDGE('',*,*,#3398,.T.);
#4349=ORIENTED_EDGE('',*,*,#3399,.T.);
#4350=ORIENTED_EDGE('',*,*,#3400,.T.);
#4351=ORIENTED_EDGE('',*,*,#3401,.T.);
#4352=ORIENTED_EDGE('',*,*,#3402,.T.);
#4353=ORIENTED_EDGE('',*,*,#3403,.T.);
#4354=ORIENTED_EDGE('',*,*,#3404,.T.);
#4355=ORIENTED_EDGE('',*,*,#3405,.T.);
#4356=ORIENTED_EDGE('',*,*,#3406,.T.);
#4357=ORIENTED_EDGE('',*,*,#3407,.T.);
#4358=ORIENTED_EDGE('',*,*,#3408,.T.);
#4359=ORIENTED_EDGE('',*,*,#3409,.T.);
#4360=ORIENTED_EDGE('',*,*,#3410,.T.);
#4361=ORIENTED_EDGE('',*,*,#3411,.T.);
#4362=ORIENTED_EDGE('',*,*,#3412,.T.);
#4363=ORIENTED_EDGE('',*,*,#3413,.T.);
#4364=ORIENTED_EDGE('',*,*,#3414,.T.);
#4365=ORIENTED_EDGE('',*,*,#3415,.T.);
#4366=ORIENTED_EDGE('',*,*,#3416,.T.);
#4367=ORIENTED_EDGE('',*,*,#3417,.T.);
#4368=ORIENTED_EDGE('',*,*,#3418,.T.);
#4369=ORIENTED_EDGE('',*,*,#3419,.T.);
#4370=ORIENTED_EDGE('',*,*,#3420,.T.);
#4371=ORIENTED_EDGE('',*,*,#3421,.T.);
#4372=ORIENTED_EDGE('',*,*,#3422,.T.);
#4373=ORIENTED_EDGE('',*,*,#3423,.T.);
#4374=ORIENTED_EDGE('',*,*,#3424,.T.);
#4375=ORIENTED_EDGE('',*,*,#3425,.T.);
#4376=ORIENTED_EDGE('',*,*,#3426,.T.);
#4377=ORIENTED_EDGE('',*,*,#3427,.T.);
#4378=ORIENTED_EDGE('',*,*,#3428,.T.);
#4379=ORIENTED_EDGE('',*,*,#3429,.T.);
#4380=ORIENTED_EDGE('',*,*,#3430,.T.);
#4381=ORIENTED_EDGE('',*,*,#3431,.T.);
#4382=ORIENTED_EDGE('',*,*,#3432,.T.);
#4383=ORIENTED_EDGE('',*,*,#3433,.T.);
#4384=ORIENTED_EDGE('',*,*,#3434,.T.);
#4385=ORIENTED_EDGE('',*,*,#3435,.T.);
#4386=ORIENTED_EDGE('',*,*,#3436,.T.);
#4387=ORIENTED_EDGE('',*,*,#3437,.T.);
#4388=ORIENTED_EDGE('',*,*,#3438,.T.);
#4389=ORIENTED_EDGE('',*,*,#3439,.T.);
#4390=ORIENTED_EDGE('',*,*,#3440,.T.);
#4391=ORIENTED_EDGE('',*,*,#3441,.T.);
#4392=ORIENTED_EDGE('',*,*,#3442,.T.);
#4393=ORIENTED_EDGE('',*,*,#3443,.T.);
#4394=ORIENTED_EDGE('',*,*,#3444,.T.);
#4395=ORIENTED_EDGE('',*,*,#3445,.T.);
#4396=ORIENTED_EDGE('',*,*,#3446,.T.);
#4397=ORIENTED_EDGE('',*,*,#3447,.T.);
#4398=ORIENTED_EDGE('',*,*,#3448,.T.);
#4399=ORIENTED_EDGE('',*,*,#3449,.T.);
#4400=ORIENTED_EDGE('',*,*,#3450,.T.);
#4401=ORIENTED_EDGE('',*,*,#3451,.T.);
#4402=ORIENTED_EDGE('',*,*,#3452,.T.);
#4403=ORIENTED_EDGE('',*,*,#3453,.T.);
#4404=ORIENTED_EDGE('',*,*,#3454,.T.);
#4405=ORIENTED_EDGE('',*,*,#3455,.T.);
#4406=ORIENTED_EDGE('',*,*,#3456,.T.);
#4407=ORIENTED_EDGE('',*,*,#3457,.T.);
#4408=ORIENTED_EDGE('',*,*,#3458,.T.);
#4409=ORIENTED_EDGE('',*,*,#3459,.T.);
#4410=ORIENTED_EDGE('',*,*,#3460,.T.);
#4411=ORIENTED_EDGE('',*,*,#3461,.T.);
#4412=ORIENTED_EDGE('',*,*,#3462,.T.);
#4413=ORIENTED_EDGE('',*,*,#3463,.T.);
#4414=ORIENTED_EDGE('',*,*,#3464,.T.);
#4415=ORIENTED_EDGE('',*,*,#3465,.T.);
#4416=ORIENTED_EDGE('',*,*,#3466,.T.);
#4417=ORIENTED_EDGE('',*,*,#3467,.T.);
#4418=ORIENTED_EDGE('',*,*,#3468,.T.);
#4419=ORIENTED_EDGE('',*,*,#3469,.T.);
#4420=ORIENTED_EDGE('',*,*,#3470,.T.);
#4421=ORIENTED_EDGE('',*,*,#3471,.T.);
#4422=ORIENTED_EDGE('',*,*,#3472,.T.);
#4423=ORIENTED_EDGE('',*,*,#3473,.T.);
#4424=ORIENTED_EDGE('',*,*,#3474,.T.);
#4425=ORIENTED_EDGE('',*,*,#3475,.T.);
#4426=ORIENTED_EDGE('',*,*,#3476,.T.);
#4427=ORIENTED_EDGE('',*,*,#3477,.T.);
#4428=ORIENTED_EDGE('',*,*,#3478,.T.);
#4429=ORIENTED_EDGE('',*,*,#3479,.T.);
#4430=ORIENTED_EDGE('',*,*,#3480,.T.);
#4431=ORIENTED_EDGE('',*,*,#3481,.T.);
#4432=ORIENTED_EDGE('',*,*,#3482,.T.);
#4433=ORIENTED_EDGE('',*,*,#3483,.T.);
#4434=ORIENTED_EDGE('',*,*,#3484,.T.);
#4435=ORIENTED_EDGE('',*,*,#3485,.T.);
#4436=ORIENTED_EDGE('',*,*,#3486,.T.);
#4437=ORIENTED_EDGE('',*,*,#3487,.T.);
#4438=ORIENTED_EDGE('',*,*,#3488,.T.);
#4439=ORIENTED_EDGE('',*,*,#3489,.T.);
#4440=ORIENTED_EDGE('',*,*,#3490,.T.);
#4441=ORIENTED_EDGE('',*,*,#3491,.T.);
#4442=ORIENTED_EDGE('',*,*,#3492,.T.);
#4443=ORIENTED_EDGE('',*,*,#3493,.T.);
#4444=ORIENTED_EDGE('',*,*,#3494,.T.);
#4445=ORIENTED_EDGE('',*,*,#3495,.T.);
#4446=ORIENTED_EDGE('',*,*,#3496,.T.);
#4447=ORIENTED_EDGE('',*,*,#3497,.T.);
#4448=ORIENTED_EDGE('',*,*,#3498,.T.);
#4449=ORIENTED_EDGE('',*,*,#3499,.T.);
#4450=ORIENTED_EDGE('',*,*,#3500,.T.);
#4451=ORIENTED_EDGE('',*,*,#3501,.T.);
#4452=ORIENTED_EDGE('',*,*,#3502,.T.);
#4453=ORIENTED_EDGE('',*,*,#3503,.T.);
#4454=ORIENTED_EDGE('',*,*,#3504,.T.);
#4455=ORIENTED_EDGE('',*,*,#3505,.T.);
#4456=ORIENTED_EDGE('',*,*,#3506,.T.);
#4457=ORIENTED_EDGE('',*,*,#3507,.T.);
#4458=ORIENTED_EDGE('',*,*,#3337,.T.);
#4459=ORIENTED_EDGE('',*,*,#3341,.T.);
#4460=ORIENTED_EDGE('',*,*,#3508,.F.);
#4461=ORIENTED_EDGE('',*,*,#3509,.T.);
#4462=ORIENTED_EDGE('',*,*,#3510,.F.);
#4463=ORIENTED_EDGE('',*,*,#3509,.F.);
#4464=ORIENTED_EDGE('',*,*,#3511,.F.);
#4465=ORIENTED_EDGE('',*,*,#3512,.T.);
#4466=ORIENTED_EDGE('',*,*,#3347,.F.);
#4467=ORIENTED_EDGE('',*,*,#3512,.F.);
#4468=ORIENTED_EDGE('',*,*,#3511,.T.);
#4469=ORIENTED_EDGE('',*,*,#3508,.T.);
#4470=ORIENTED_EDGE('',*,*,#3331,.T.);
#4471=ORIENTED_EDGE('',*,*,#3335,.T.);
#4472=ORIENTED_EDGE('',*,*,#3348,.F.);
#4473=ORIENTED_EDGE('',*,*,#3513,.T.);
#4474=ORIENTED_EDGE('',*,*,#3514,.F.);
#4475=ORIENTED_EDGE('',*,*,#3515,.F.);
#4476=ORIENTED_EDGE('',*,*,#3349,.F.);
#4477=ORIENTED_EDGE('',*,*,#3515,.T.);
#4478=ORIENTED_EDGE('',*,*,#3516,.F.);
#4479=ORIENTED_EDGE('',*,*,#3517,.F.);
#4480=ORIENTED_EDGE('',*,*,#3350,.F.);
#4481=ORIENTED_EDGE('',*,*,#3517,.T.);
#4482=ORIENTED_EDGE('',*,*,#3518,.F.);
#4483=ORIENTED_EDGE('',*,*,#3519,.F.);
#4484=ORIENTED_EDGE('',*,*,#3351,.F.);
#4485=ORIENTED_EDGE('',*,*,#3519,.T.);
#4486=ORIENTED_EDGE('',*,*,#3520,.F.);
#4487=ORIENTED_EDGE('',*,*,#3521,.F.);
#4488=ORIENTED_EDGE('',*,*,#3352,.F.);
#4489=ORIENTED_EDGE('',*,*,#3521,.T.);
#4490=ORIENTED_EDGE('',*,*,#3522,.F.);
#4491=ORIENTED_EDGE('',*,*,#3523,.F.);
#4492=ORIENTED_EDGE('',*,*,#3353,.F.);
#4493=ORIENTED_EDGE('',*,*,#3523,.T.);
#4494=ORIENTED_EDGE('',*,*,#3524,.F.);
#4495=ORIENTED_EDGE('',*,*,#3525,.F.);
#4496=ORIENTED_EDGE('',*,*,#3354,.F.);
#4497=ORIENTED_EDGE('',*,*,#3525,.T.);
#4498=ORIENTED_EDGE('',*,*,#3526,.F.);
#4499=ORIENTED_EDGE('',*,*,#3527,.F.);
#4500=ORIENTED_EDGE('',*,*,#3355,.F.);
#4501=ORIENTED_EDGE('',*,*,#3527,.T.);
#4502=ORIENTED_EDGE('',*,*,#3528,.F.);
#4503=ORIENTED_EDGE('',*,*,#3529,.F.);
#4504=ORIENTED_EDGE('',*,*,#3356,.F.);
#4505=ORIENTED_EDGE('',*,*,#3529,.T.);
#4506=ORIENTED_EDGE('',*,*,#3530,.F.);
#4507=ORIENTED_EDGE('',*,*,#3531,.F.);
#4508=ORIENTED_EDGE('',*,*,#3357,.F.);
#4509=ORIENTED_EDGE('',*,*,#3531,.T.);
#4510=ORIENTED_EDGE('',*,*,#3532,.F.);
#4511=ORIENTED_EDGE('',*,*,#3533,.F.);
#4512=ORIENTED_EDGE('',*,*,#3358,.F.);
#4513=ORIENTED_EDGE('',*,*,#3533,.T.);
#4514=ORIENTED_EDGE('',*,*,#3534,.F.);
#4515=ORIENTED_EDGE('',*,*,#3535,.F.);
#4516=ORIENTED_EDGE('',*,*,#3359,.F.);
#4517=ORIENTED_EDGE('',*,*,#3535,.T.);
#4518=ORIENTED_EDGE('',*,*,#3536,.F.);
#4519=ORIENTED_EDGE('',*,*,#3537,.F.);
#4520=ORIENTED_EDGE('',*,*,#3360,.F.);
#4521=ORIENTED_EDGE('',*,*,#3537,.T.);
#4522=ORIENTED_EDGE('',*,*,#3538,.F.);
#4523=ORIENTED_EDGE('',*,*,#3539,.F.);
#4524=ORIENTED_EDGE('',*,*,#3361,.F.);
#4525=ORIENTED_EDGE('',*,*,#3539,.T.);
#4526=ORIENTED_EDGE('',*,*,#3540,.F.);
#4527=ORIENTED_EDGE('',*,*,#3541,.F.);
#4528=ORIENTED_EDGE('',*,*,#3362,.F.);
#4529=ORIENTED_EDGE('',*,*,#3541,.T.);
#4530=ORIENTED_EDGE('',*,*,#3542,.F.);
#4531=ORIENTED_EDGE('',*,*,#3543,.F.);
#4532=ORIENTED_EDGE('',*,*,#3363,.F.);
#4533=ORIENTED_EDGE('',*,*,#3543,.T.);
#4534=ORIENTED_EDGE('',*,*,#3544,.F.);
#4535=ORIENTED_EDGE('',*,*,#3545,.F.);
#4536=ORIENTED_EDGE('',*,*,#3364,.F.);
#4537=ORIENTED_EDGE('',*,*,#3545,.T.);
#4538=ORIENTED_EDGE('',*,*,#3546,.F.);
#4539=ORIENTED_EDGE('',*,*,#3547,.F.);
#4540=ORIENTED_EDGE('',*,*,#3365,.F.);
#4541=ORIENTED_EDGE('',*,*,#3547,.T.);
#4542=ORIENTED_EDGE('',*,*,#3548,.F.);
#4543=ORIENTED_EDGE('',*,*,#3549,.F.);
#4544=ORIENTED_EDGE('',*,*,#3366,.F.);
#4545=ORIENTED_EDGE('',*,*,#3549,.T.);
#4546=ORIENTED_EDGE('',*,*,#3550,.F.);
#4547=ORIENTED_EDGE('',*,*,#3551,.F.);
#4548=ORIENTED_EDGE('',*,*,#3367,.F.);
#4549=ORIENTED_EDGE('',*,*,#3551,.T.);
#4550=ORIENTED_EDGE('',*,*,#3552,.F.);
#4551=ORIENTED_EDGE('',*,*,#3553,.F.);
#4552=ORIENTED_EDGE('',*,*,#3368,.F.);
#4553=ORIENTED_EDGE('',*,*,#3553,.T.);
#4554=ORIENTED_EDGE('',*,*,#3554,.F.);
#4555=ORIENTED_EDGE('',*,*,#3555,.F.);
#4556=ORIENTED_EDGE('',*,*,#3369,.F.);
#4557=ORIENTED_EDGE('',*,*,#3555,.T.);
#4558=ORIENTED_EDGE('',*,*,#3556,.F.);
#4559=ORIENTED_EDGE('',*,*,#3557,.F.);
#4560=ORIENTED_EDGE('',*,*,#3370,.F.);
#4561=ORIENTED_EDGE('',*,*,#3557,.T.);
#4562=ORIENTED_EDGE('',*,*,#3558,.F.);
#4563=ORIENTED_EDGE('',*,*,#3559,.F.);
#4564=ORIENTED_EDGE('',*,*,#3371,.F.);
#4565=ORIENTED_EDGE('',*,*,#3559,.T.);
#4566=ORIENTED_EDGE('',*,*,#3560,.F.);
#4567=ORIENTED_EDGE('',*,*,#3561,.F.);
#4568=ORIENTED_EDGE('',*,*,#3372,.F.);
#4569=ORIENTED_EDGE('',*,*,#3561,.T.);
#4570=ORIENTED_EDGE('',*,*,#3562,.F.);
#4571=ORIENTED_EDGE('',*,*,#3563,.F.);
#4572=ORIENTED_EDGE('',*,*,#3373,.F.);
#4573=ORIENTED_EDGE('',*,*,#3563,.T.);
#4574=ORIENTED_EDGE('',*,*,#3564,.F.);
#4575=ORIENTED_EDGE('',*,*,#3565,.F.);
#4576=ORIENTED_EDGE('',*,*,#3374,.F.);
#4577=ORIENTED_EDGE('',*,*,#3565,.T.);
#4578=ORIENTED_EDGE('',*,*,#3566,.F.);
#4579=ORIENTED_EDGE('',*,*,#3567,.F.);
#4580=ORIENTED_EDGE('',*,*,#3375,.F.);
#4581=ORIENTED_EDGE('',*,*,#3567,.T.);
#4582=ORIENTED_EDGE('',*,*,#3568,.F.);
#4583=ORIENTED_EDGE('',*,*,#3569,.F.);
#4584=ORIENTED_EDGE('',*,*,#3376,.F.);
#4585=ORIENTED_EDGE('',*,*,#3569,.T.);
#4586=ORIENTED_EDGE('',*,*,#3570,.F.);
#4587=ORIENTED_EDGE('',*,*,#3571,.F.);
#4588=ORIENTED_EDGE('',*,*,#3377,.F.);
#4589=ORIENTED_EDGE('',*,*,#3571,.T.);
#4590=ORIENTED_EDGE('',*,*,#3572,.F.);
#4591=ORIENTED_EDGE('',*,*,#3573,.F.);
#4592=ORIENTED_EDGE('',*,*,#3378,.F.);
#4593=ORIENTED_EDGE('',*,*,#3573,.T.);
#4594=ORIENTED_EDGE('',*,*,#3574,.F.);
#4595=ORIENTED_EDGE('',*,*,#3575,.F.);
#4596=ORIENTED_EDGE('',*,*,#3379,.F.);
#4597=ORIENTED_EDGE('',*,*,#3575,.T.);
#4598=ORIENTED_EDGE('',*,*,#3576,.F.);
#4599=ORIENTED_EDGE('',*,*,#3577,.F.);
#4600=ORIENTED_EDGE('',*,*,#3380,.F.);
#4601=ORIENTED_EDGE('',*,*,#3577,.T.);
#4602=ORIENTED_EDGE('',*,*,#3578,.F.);
#4603=ORIENTED_EDGE('',*,*,#3579,.F.);
#4604=ORIENTED_EDGE('',*,*,#3381,.F.);
#4605=ORIENTED_EDGE('',*,*,#3579,.T.);
#4606=ORIENTED_EDGE('',*,*,#3580,.F.);
#4607=ORIENTED_EDGE('',*,*,#3581,.F.);
#4608=ORIENTED_EDGE('',*,*,#3382,.F.);
#4609=ORIENTED_EDGE('',*,*,#3581,.T.);
#4610=ORIENTED_EDGE('',*,*,#3582,.F.);
#4611=ORIENTED_EDGE('',*,*,#3513,.F.);
#4612=ORIENTED_EDGE('',*,*,#3582,.T.);
#4613=ORIENTED_EDGE('',*,*,#3580,.T.);
#4614=ORIENTED_EDGE('',*,*,#3578,.T.);
#4615=ORIENTED_EDGE('',*,*,#3576,.T.);
#4616=ORIENTED_EDGE('',*,*,#3574,.T.);
#4617=ORIENTED_EDGE('',*,*,#3572,.T.);
#4618=ORIENTED_EDGE('',*,*,#3570,.T.);
#4619=ORIENTED_EDGE('',*,*,#3568,.T.);
#4620=ORIENTED_EDGE('',*,*,#3566,.T.);
#4621=ORIENTED_EDGE('',*,*,#3564,.T.);
#4622=ORIENTED_EDGE('',*,*,#3562,.T.);
#4623=ORIENTED_EDGE('',*,*,#3560,.T.);
#4624=ORIENTED_EDGE('',*,*,#3558,.T.);
#4625=ORIENTED_EDGE('',*,*,#3556,.T.);
#4626=ORIENTED_EDGE('',*,*,#3554,.T.);
#4627=ORIENTED_EDGE('',*,*,#3552,.T.);
#4628=ORIENTED_EDGE('',*,*,#3550,.T.);
#4629=ORIENTED_EDGE('',*,*,#3548,.T.);
#4630=ORIENTED_EDGE('',*,*,#3546,.T.);
#4631=ORIENTED_EDGE('',*,*,#3544,.T.);
#4632=ORIENTED_EDGE('',*,*,#3542,.T.);
#4633=ORIENTED_EDGE('',*,*,#3540,.T.);
#4634=ORIENTED_EDGE('',*,*,#3538,.T.);
#4635=ORIENTED_EDGE('',*,*,#3536,.T.);
#4636=ORIENTED_EDGE('',*,*,#3534,.T.);
#4637=ORIENTED_EDGE('',*,*,#3532,.T.);
#4638=ORIENTED_EDGE('',*,*,#3530,.T.);
#4639=ORIENTED_EDGE('',*,*,#3528,.T.);
#4640=ORIENTED_EDGE('',*,*,#3526,.T.);
#4641=ORIENTED_EDGE('',*,*,#3524,.T.);
#4642=ORIENTED_EDGE('',*,*,#3522,.T.);
#4643=ORIENTED_EDGE('',*,*,#3520,.T.);
#4644=ORIENTED_EDGE('',*,*,#3518,.T.);
#4645=ORIENTED_EDGE('',*,*,#3516,.T.);
#4646=ORIENTED_EDGE('',*,*,#3514,.T.);
#4647=ORIENTED_EDGE('',*,*,#3383,.F.);
#4648=ORIENTED_EDGE('',*,*,#3583,.T.);
#4649=ORIENTED_EDGE('',*,*,#3584,.F.);
#4650=ORIENTED_EDGE('',*,*,#3585,.F.);
#4651=ORIENTED_EDGE('',*,*,#3384,.F.);
#4652=ORIENTED_EDGE('',*,*,#3585,.T.);
#4653=ORIENTED_EDGE('',*,*,#3586,.F.);
#4654=ORIENTED_EDGE('',*,*,#3587,.F.);
#4655=ORIENTED_EDGE('',*,*,#3385,.F.);
#4656=ORIENTED_EDGE('',*,*,#3587,.T.);
#4657=ORIENTED_EDGE('',*,*,#3588,.F.);
#4658=ORIENTED_EDGE('',*,*,#3589,.F.);
#4659=ORIENTED_EDGE('',*,*,#3386,.F.);
#4660=ORIENTED_EDGE('',*,*,#3589,.T.);
#4661=ORIENTED_EDGE('',*,*,#3590,.F.);
#4662=ORIENTED_EDGE('',*,*,#3583,.F.);
#4663=ORIENTED_EDGE('',*,*,#3590,.T.);
#4664=ORIENTED_EDGE('',*,*,#3588,.T.);
#4665=ORIENTED_EDGE('',*,*,#3586,.T.);
#4666=ORIENTED_EDGE('',*,*,#3584,.T.);
#4667=ORIENTED_EDGE('',*,*,#3591,.F.);
#4668=ORIENTED_EDGE('',*,*,#3592,.T.);
#4669=ORIENTED_EDGE('',*,*,#3593,.F.);
#4670=ORIENTED_EDGE('',*,*,#3594,.F.);
#4671=ORIENTED_EDGE('',*,*,#3595,.F.);
#4672=ORIENTED_EDGE('',*,*,#3594,.T.);
#4673=ORIENTED_EDGE('',*,*,#3596,.F.);
#4674=ORIENTED_EDGE('',*,*,#3597,.F.);
#4675=ORIENTED_EDGE('',*,*,#3598,.F.);
#4676=ORIENTED_EDGE('',*,*,#3597,.T.);
#4677=ORIENTED_EDGE('',*,*,#3599,.F.);
#4678=ORIENTED_EDGE('',*,*,#3600,.F.);
#4679=ORIENTED_EDGE('',*,*,#3601,.F.);
#4680=ORIENTED_EDGE('',*,*,#3600,.T.);
#4681=ORIENTED_EDGE('',*,*,#3602,.F.);
#4682=ORIENTED_EDGE('',*,*,#3603,.F.);
#4683=ORIENTED_EDGE('',*,*,#3604,.F.);
#4684=ORIENTED_EDGE('',*,*,#3603,.T.);
#4685=ORIENTED_EDGE('',*,*,#3605,.F.);
#4686=ORIENTED_EDGE('',*,*,#3606,.F.);
#4687=ORIENTED_EDGE('',*,*,#3607,.F.);
#4688=ORIENTED_EDGE('',*,*,#3606,.T.);
#4689=ORIENTED_EDGE('',*,*,#3608,.F.);
#4690=ORIENTED_EDGE('',*,*,#3609,.F.);
#4691=ORIENTED_EDGE('',*,*,#3610,.F.);
#4692=ORIENTED_EDGE('',*,*,#3609,.T.);
#4693=ORIENTED_EDGE('',*,*,#3611,.F.);
#4694=ORIENTED_EDGE('',*,*,#3612,.F.);
#4695=ORIENTED_EDGE('',*,*,#3613,.F.);
#4696=ORIENTED_EDGE('',*,*,#3612,.T.);
#4697=ORIENTED_EDGE('',*,*,#3614,.F.);
#4698=ORIENTED_EDGE('',*,*,#3592,.F.);
#4699=ORIENTED_EDGE('',*,*,#3489,.F.);
#4700=ORIENTED_EDGE('',*,*,#3615,.T.);
#4701=ORIENTED_EDGE('',*,*,#3616,.F.);
#4702=ORIENTED_EDGE('',*,*,#3617,.F.);
#4703=ORIENTED_EDGE('',*,*,#3490,.F.);
#4704=ORIENTED_EDGE('',*,*,#3617,.T.);
#4705=ORIENTED_EDGE('',*,*,#3618,.F.);
#4706=ORIENTED_EDGE('',*,*,#3619,.F.);
#4707=ORIENTED_EDGE('',*,*,#3491,.F.);
#4708=ORIENTED_EDGE('',*,*,#3619,.T.);
#4709=ORIENTED_EDGE('',*,*,#3620,.F.);
#4710=ORIENTED_EDGE('',*,*,#3621,.F.);
#4711=ORIENTED_EDGE('',*,*,#3492,.F.);
#4712=ORIENTED_EDGE('',*,*,#3621,.T.);
#4713=ORIENTED_EDGE('',*,*,#3622,.F.);
#4714=ORIENTED_EDGE('',*,*,#3623,.F.);
#4715=ORIENTED_EDGE('',*,*,#3493,.F.);
#4716=ORIENTED_EDGE('',*,*,#3623,.T.);
#4717=ORIENTED_EDGE('',*,*,#3624,.F.);
#4718=ORIENTED_EDGE('',*,*,#3625,.F.);
#4719=ORIENTED_EDGE('',*,*,#3494,.F.);
#4720=ORIENTED_EDGE('',*,*,#3625,.T.);
#4721=ORIENTED_EDGE('',*,*,#3626,.F.);
#4722=ORIENTED_EDGE('',*,*,#3627,.F.);
#4723=ORIENTED_EDGE('',*,*,#3495,.F.);
#4724=ORIENTED_EDGE('',*,*,#3627,.T.);
#4725=ORIENTED_EDGE('',*,*,#3628,.F.);
#4726=ORIENTED_EDGE('',*,*,#3629,.F.);
#4727=ORIENTED_EDGE('',*,*,#3496,.F.);
#4728=ORIENTED_EDGE('',*,*,#3629,.T.);
#4729=ORIENTED_EDGE('',*,*,#3630,.F.);
#4730=ORIENTED_EDGE('',*,*,#3631,.F.);
#4731=ORIENTED_EDGE('',*,*,#3497,.F.);
#4732=ORIENTED_EDGE('',*,*,#3631,.T.);
#4733=ORIENTED_EDGE('',*,*,#3632,.F.);
#4734=ORIENTED_EDGE('',*,*,#3633,.F.);
#4735=ORIENTED_EDGE('',*,*,#3498,.F.);
#4736=ORIENTED_EDGE('',*,*,#3633,.T.);
#4737=ORIENTED_EDGE('',*,*,#3634,.F.);
#4738=ORIENTED_EDGE('',*,*,#3635,.F.);
#4739=ORIENTED_EDGE('',*,*,#3499,.F.);
#4740=ORIENTED_EDGE('',*,*,#3635,.T.);
#4741=ORIENTED_EDGE('',*,*,#3636,.F.);
#4742=ORIENTED_EDGE('',*,*,#3637,.F.);
#4743=ORIENTED_EDGE('',*,*,#3500,.F.);
#4744=ORIENTED_EDGE('',*,*,#3637,.T.);
#4745=ORIENTED_EDGE('',*,*,#3638,.F.);
#4746=ORIENTED_EDGE('',*,*,#3639,.F.);
#4747=ORIENTED_EDGE('',*,*,#3501,.F.);
#4748=ORIENTED_EDGE('',*,*,#3639,.T.);
#4749=ORIENTED_EDGE('',*,*,#3640,.F.);
#4750=ORIENTED_EDGE('',*,*,#3641,.F.);
#4751=ORIENTED_EDGE('',*,*,#3502,.F.);
#4752=ORIENTED_EDGE('',*,*,#3641,.T.);
#4753=ORIENTED_EDGE('',*,*,#3642,.F.);
#4754=ORIENTED_EDGE('',*,*,#3643,.F.);
#4755=ORIENTED_EDGE('',*,*,#3503,.F.);
#4756=ORIENTED_EDGE('',*,*,#3643,.T.);
#4757=ORIENTED_EDGE('',*,*,#3644,.F.);
#4758=ORIENTED_EDGE('',*,*,#3645,.F.);
#4759=ORIENTED_EDGE('',*,*,#3504,.F.);
#4760=ORIENTED_EDGE('',*,*,#3645,.T.);
#4761=ORIENTED_EDGE('',*,*,#3646,.F.);
#4762=ORIENTED_EDGE('',*,*,#3647,.F.);
#4763=ORIENTED_EDGE('',*,*,#3505,.F.);
#4764=ORIENTED_EDGE('',*,*,#3647,.T.);
#4765=ORIENTED_EDGE('',*,*,#3648,.F.);
#4766=ORIENTED_EDGE('',*,*,#3649,.F.);
#4767=ORIENTED_EDGE('',*,*,#3506,.F.);
#4768=ORIENTED_EDGE('',*,*,#3649,.T.);
#4769=ORIENTED_EDGE('',*,*,#3650,.F.);
#4770=ORIENTED_EDGE('',*,*,#3651,.F.);
#4771=ORIENTED_EDGE('',*,*,#3507,.F.);
#4772=ORIENTED_EDGE('',*,*,#3651,.T.);
#4773=ORIENTED_EDGE('',*,*,#3652,.F.);
#4774=ORIENTED_EDGE('',*,*,#3615,.F.);
#4775=ORIENTED_EDGE('',*,*,#3652,.T.);
#4776=ORIENTED_EDGE('',*,*,#3650,.T.);
#4777=ORIENTED_EDGE('',*,*,#3648,.T.);
#4778=ORIENTED_EDGE('',*,*,#3646,.T.);
#4779=ORIENTED_EDGE('',*,*,#3644,.T.);
#4780=ORIENTED_EDGE('',*,*,#3642,.T.);
#4781=ORIENTED_EDGE('',*,*,#3640,.T.);
#4782=ORIENTED_EDGE('',*,*,#3638,.T.);
#4783=ORIENTED_EDGE('',*,*,#3636,.T.);
#4784=ORIENTED_EDGE('',*,*,#3634,.T.);
#4785=ORIENTED_EDGE('',*,*,#3632,.T.);
#4786=ORIENTED_EDGE('',*,*,#3630,.T.);
#4787=ORIENTED_EDGE('',*,*,#3628,.T.);
#4788=ORIENTED_EDGE('',*,*,#3626,.T.);
#4789=ORIENTED_EDGE('',*,*,#3624,.T.);
#4790=ORIENTED_EDGE('',*,*,#3622,.T.);
#4791=ORIENTED_EDGE('',*,*,#3620,.T.);
#4792=ORIENTED_EDGE('',*,*,#3618,.T.);
#4793=ORIENTED_EDGE('',*,*,#3616,.T.);
#4794=ORIENTED_EDGE('',*,*,#3614,.T.);
#4795=ORIENTED_EDGE('',*,*,#3611,.T.);
#4796=ORIENTED_EDGE('',*,*,#3608,.T.);
#4797=ORIENTED_EDGE('',*,*,#3605,.T.);
#4798=ORIENTED_EDGE('',*,*,#3602,.T.);
#4799=ORIENTED_EDGE('',*,*,#3599,.T.);
#4800=ORIENTED_EDGE('',*,*,#3596,.T.);
#4801=ORIENTED_EDGE('',*,*,#3593,.T.);
#4802=ORIENTED_EDGE('',*,*,#3510,.T.);
#4803=ORIENTED_EDGE('',*,*,#3485,.F.);
#4804=ORIENTED_EDGE('',*,*,#3653,.T.);
#4805=ORIENTED_EDGE('',*,*,#3654,.F.);
#4806=ORIENTED_EDGE('',*,*,#3655,.F.);
#4807=ORIENTED_EDGE('',*,*,#3486,.F.);
#4808=ORIENTED_EDGE('',*,*,#3655,.T.);
#4809=ORIENTED_EDGE('',*,*,#3656,.F.);
#4810=ORIENTED_EDGE('',*,*,#3657,.F.);
#4811=ORIENTED_EDGE('',*,*,#3487,.F.);
#4812=ORIENTED_EDGE('',*,*,#3657,.T.);
#4813=ORIENTED_EDGE('',*,*,#3658,.F.);
#4814=ORIENTED_EDGE('',*,*,#3659,.F.);
#4815=ORIENTED_EDGE('',*,*,#3488,.F.);
#4816=ORIENTED_EDGE('',*,*,#3659,.T.);
#4817=ORIENTED_EDGE('',*,*,#3660,.F.);
#4818=ORIENTED_EDGE('',*,*,#3653,.F.);
#4819=ORIENTED_EDGE('',*,*,#3660,.T.);
#4820=ORIENTED_EDGE('',*,*,#3658,.T.);
#4821=ORIENTED_EDGE('',*,*,#3656,.T.);
#4822=ORIENTED_EDGE('',*,*,#3654,.T.);
#4823=ORIENTED_EDGE('',*,*,#3661,.F.);
#4824=ORIENTED_EDGE('',*,*,#3662,.T.);
#4825=ORIENTED_EDGE('',*,*,#3663,.F.);
#4826=ORIENTED_EDGE('',*,*,#3664,.F.);
#4827=ORIENTED_EDGE('',*,*,#3665,.F.);
#4828=ORIENTED_EDGE('',*,*,#3664,.T.);
#4829=ORIENTED_EDGE('',*,*,#3666,.F.);
#4830=ORIENTED_EDGE('',*,*,#3667,.F.);
#4831=ORIENTED_EDGE('',*,*,#3668,.F.);
#4832=ORIENTED_EDGE('',*,*,#3667,.T.);
#4833=ORIENTED_EDGE('',*,*,#3669,.F.);
#4834=ORIENTED_EDGE('',*,*,#3670,.F.);
#4835=ORIENTED_EDGE('',*,*,#3671,.F.);
#4836=ORIENTED_EDGE('',*,*,#3670,.T.);
#4837=ORIENTED_EDGE('',*,*,#3672,.F.);
#4838=ORIENTED_EDGE('',*,*,#3673,.F.);
#4839=ORIENTED_EDGE('',*,*,#3674,.F.);
#4840=ORIENTED_EDGE('',*,*,#3673,.T.);
#4841=ORIENTED_EDGE('',*,*,#3675,.F.);
#4842=ORIENTED_EDGE('',*,*,#3676,.F.);
#4843=ORIENTED_EDGE('',*,*,#3677,.F.);
#4844=ORIENTED_EDGE('',*,*,#3676,.T.);
#4845=ORIENTED_EDGE('',*,*,#3678,.F.);
#4846=ORIENTED_EDGE('',*,*,#3679,.F.);
#4847=ORIENTED_EDGE('',*,*,#3680,.F.);
#4848=ORIENTED_EDGE('',*,*,#3679,.T.);
#4849=ORIENTED_EDGE('',*,*,#3681,.F.);
#4850=ORIENTED_EDGE('',*,*,#3682,.F.);
#4851=ORIENTED_EDGE('',*,*,#3683,.F.);
#4852=ORIENTED_EDGE('',*,*,#3682,.T.);
#4853=ORIENTED_EDGE('',*,*,#3684,.F.);
#4854=ORIENTED_EDGE('',*,*,#3662,.F.);
#4855=ORIENTED_EDGE('',*,*,#3387,.F.);
#4856=ORIENTED_EDGE('',*,*,#3685,.T.);
#4857=ORIENTED_EDGE('',*,*,#3686,.F.);
#4858=ORIENTED_EDGE('',*,*,#3687,.F.);
#4859=ORIENTED_EDGE('',*,*,#3388,.F.);
#4860=ORIENTED_EDGE('',*,*,#3687,.T.);
#4861=ORIENTED_EDGE('',*,*,#3688,.F.);
#4862=ORIENTED_EDGE('',*,*,#3689,.F.);
#4863=ORIENTED_EDGE('',*,*,#3389,.F.);
#4864=ORIENTED_EDGE('',*,*,#3689,.T.);
#4865=ORIENTED_EDGE('',*,*,#3690,.F.);
#4866=ORIENTED_EDGE('',*,*,#3691,.F.);
#4867=ORIENTED_EDGE('',*,*,#3390,.F.);
#4868=ORIENTED_EDGE('',*,*,#3691,.T.);
#4869=ORIENTED_EDGE('',*,*,#3692,.F.);
#4870=ORIENTED_EDGE('',*,*,#3693,.F.);
#4871=ORIENTED_EDGE('',*,*,#3391,.F.);
#4872=ORIENTED_EDGE('',*,*,#3693,.T.);
#4873=ORIENTED_EDGE('',*,*,#3694,.F.);
#4874=ORIENTED_EDGE('',*,*,#3695,.F.);
#4875=ORIENTED_EDGE('',*,*,#3392,.F.);
#4876=ORIENTED_EDGE('',*,*,#3695,.T.);
#4877=ORIENTED_EDGE('',*,*,#3696,.F.);
#4878=ORIENTED_EDGE('',*,*,#3697,.F.);
#4879=ORIENTED_EDGE('',*,*,#3393,.F.);
#4880=ORIENTED_EDGE('',*,*,#3697,.T.);
#4881=ORIENTED_EDGE('',*,*,#3698,.F.);
#4882=ORIENTED_EDGE('',*,*,#3699,.F.);
#4883=ORIENTED_EDGE('',*,*,#3394,.F.);
#4884=ORIENTED_EDGE('',*,*,#3699,.T.);
#4885=ORIENTED_EDGE('',*,*,#3700,.F.);
#4886=ORIENTED_EDGE('',*,*,#3701,.F.);
#4887=ORIENTED_EDGE('',*,*,#3395,.F.);
#4888=ORIENTED_EDGE('',*,*,#3701,.T.);
#4889=ORIENTED_EDGE('',*,*,#3702,.F.);
#4890=ORIENTED_EDGE('',*,*,#3703,.F.);
#4891=ORIENTED_EDGE('',*,*,#3396,.F.);
#4892=ORIENTED_EDGE('',*,*,#3703,.T.);
#4893=ORIENTED_EDGE('',*,*,#3704,.F.);
#4894=ORIENTED_EDGE('',*,*,#3705,.F.);
#4895=ORIENTED_EDGE('',*,*,#3397,.F.);
#4896=ORIENTED_EDGE('',*,*,#3705,.T.);
#4897=ORIENTED_EDGE('',*,*,#3706,.F.);
#4898=ORIENTED_EDGE('',*,*,#3707,.F.);
#4899=ORIENTED_EDGE('',*,*,#3398,.F.);
#4900=ORIENTED_EDGE('',*,*,#3707,.T.);
#4901=ORIENTED_EDGE('',*,*,#3708,.F.);
#4902=ORIENTED_EDGE('',*,*,#3709,.F.);
#4903=ORIENTED_EDGE('',*,*,#3399,.F.);
#4904=ORIENTED_EDGE('',*,*,#3709,.T.);
#4905=ORIENTED_EDGE('',*,*,#3710,.F.);
#4906=ORIENTED_EDGE('',*,*,#3711,.F.);
#4907=ORIENTED_EDGE('',*,*,#3400,.F.);
#4908=ORIENTED_EDGE('',*,*,#3711,.T.);
#4909=ORIENTED_EDGE('',*,*,#3712,.F.);
#4910=ORIENTED_EDGE('',*,*,#3713,.F.);
#4911=ORIENTED_EDGE('',*,*,#3401,.F.);
#4912=ORIENTED_EDGE('',*,*,#3713,.T.);
#4913=ORIENTED_EDGE('',*,*,#3714,.F.);
#4914=ORIENTED_EDGE('',*,*,#3715,.F.);
#4915=ORIENTED_EDGE('',*,*,#3402,.F.);
#4916=ORIENTED_EDGE('',*,*,#3715,.T.);
#4917=ORIENTED_EDGE('',*,*,#3716,.F.);
#4918=ORIENTED_EDGE('',*,*,#3717,.F.);
#4919=ORIENTED_EDGE('',*,*,#3403,.F.);
#4920=ORIENTED_EDGE('',*,*,#3717,.T.);
#4921=ORIENTED_EDGE('',*,*,#3718,.F.);
#4922=ORIENTED_EDGE('',*,*,#3719,.F.);
#4923=ORIENTED_EDGE('',*,*,#3404,.F.);
#4924=ORIENTED_EDGE('',*,*,#3719,.T.);
#4925=ORIENTED_EDGE('',*,*,#3720,.F.);
#4926=ORIENTED_EDGE('',*,*,#3721,.F.);
#4927=ORIENTED_EDGE('',*,*,#3405,.F.);
#4928=ORIENTED_EDGE('',*,*,#3721,.T.);
#4929=ORIENTED_EDGE('',*,*,#3722,.F.);
#4930=ORIENTED_EDGE('',*,*,#3685,.F.);
#4931=ORIENTED_EDGE('',*,*,#3722,.T.);
#4932=ORIENTED_EDGE('',*,*,#3720,.T.);
#4933=ORIENTED_EDGE('',*,*,#3718,.T.);
#4934=ORIENTED_EDGE('',*,*,#3716,.T.);
#4935=ORIENTED_EDGE('',*,*,#3714,.T.);
#4936=ORIENTED_EDGE('',*,*,#3712,.T.);
#4937=ORIENTED_EDGE('',*,*,#3710,.T.);
#4938=ORIENTED_EDGE('',*,*,#3708,.T.);
#4939=ORIENTED_EDGE('',*,*,#3706,.T.);
#4940=ORIENTED_EDGE('',*,*,#3704,.T.);
#4941=ORIENTED_EDGE('',*,*,#3702,.T.);
#4942=ORIENTED_EDGE('',*,*,#3700,.T.);
#4943=ORIENTED_EDGE('',*,*,#3698,.T.);
#4944=ORIENTED_EDGE('',*,*,#3696,.T.);
#4945=ORIENTED_EDGE('',*,*,#3694,.T.);
#4946=ORIENTED_EDGE('',*,*,#3692,.T.);
#4947=ORIENTED_EDGE('',*,*,#3690,.T.);
#4948=ORIENTED_EDGE('',*,*,#3688,.T.);
#4949=ORIENTED_EDGE('',*,*,#3686,.T.);
#4950=ORIENTED_EDGE('',*,*,#3684,.T.);
#4951=ORIENTED_EDGE('',*,*,#3681,.T.);
#4952=ORIENTED_EDGE('',*,*,#3678,.T.);
#4953=ORIENTED_EDGE('',*,*,#3675,.T.);
#4954=ORIENTED_EDGE('',*,*,#3672,.T.);
#4955=ORIENTED_EDGE('',*,*,#3669,.T.);
#4956=ORIENTED_EDGE('',*,*,#3666,.T.);
#4957=ORIENTED_EDGE('',*,*,#3663,.T.);
#4958=ORIENTED_EDGE('',*,*,#3591,.T.);
#4959=ORIENTED_EDGE('',*,*,#3595,.T.);
#4960=ORIENTED_EDGE('',*,*,#3598,.T.);
#4961=ORIENTED_EDGE('',*,*,#3601,.T.);
#4962=ORIENTED_EDGE('',*,*,#3604,.T.);
#4963=ORIENTED_EDGE('',*,*,#3607,.T.);
#4964=ORIENTED_EDGE('',*,*,#3610,.T.);
#4965=ORIENTED_EDGE('',*,*,#3613,.T.);
#4966=ORIENTED_EDGE('',*,*,#3406,.F.);
#4967=ORIENTED_EDGE('',*,*,#3723,.T.);
#4968=ORIENTED_EDGE('',*,*,#3724,.F.);
#4969=ORIENTED_EDGE('',*,*,#3725,.F.);
#4970=ORIENTED_EDGE('',*,*,#3407,.F.);
#4971=ORIENTED_EDGE('',*,*,#3725,.T.);
#4972=ORIENTED_EDGE('',*,*,#3726,.F.);
#4973=ORIENTED_EDGE('',*,*,#3727,.F.);
#4974=ORIENTED_EDGE('',*,*,#3408,.F.);
#4975=ORIENTED_EDGE('',*,*,#3727,.T.);
#4976=ORIENTED_EDGE('',*,*,#3728,.F.);
#4977=ORIENTED_EDGE('',*,*,#3729,.F.);
#4978=ORIENTED_EDGE('',*,*,#3409,.F.);
#4979=ORIENTED_EDGE('',*,*,#3729,.T.);
#4980=ORIENTED_EDGE('',*,*,#3730,.F.);
#4981=ORIENTED_EDGE('',*,*,#3731,.F.);
#4982=ORIENTED_EDGE('',*,*,#3410,.F.);
#4983=ORIENTED_EDGE('',*,*,#3731,.T.);
#4984=ORIENTED_EDGE('',*,*,#3732,.F.);
#4985=ORIENTED_EDGE('',*,*,#3733,.F.);
#4986=ORIENTED_EDGE('',*,*,#3411,.F.);
#4987=ORIENTED_EDGE('',*,*,#3733,.T.);
#4988=ORIENTED_EDGE('',*,*,#3734,.F.);
#4989=ORIENTED_EDGE('',*,*,#3735,.F.);
#4990=ORIENTED_EDGE('',*,*,#3412,.F.);
#4991=ORIENTED_EDGE('',*,*,#3735,.T.);
#4992=ORIENTED_EDGE('',*,*,#3736,.F.);
#4993=ORIENTED_EDGE('',*,*,#3737,.F.);
#4994=ORIENTED_EDGE('',*,*,#3413,.F.);
#4995=ORIENTED_EDGE('',*,*,#3737,.T.);
#4996=ORIENTED_EDGE('',*,*,#3738,.F.);
#4997=ORIENTED_EDGE('',*,*,#3739,.F.);
#4998=ORIENTED_EDGE('',*,*,#3414,.F.);
#4999=ORIENTED_EDGE('',*,*,#3739,.T.);
#5000=ORIENTED_EDGE('',*,*,#3740,.F.);
#5001=ORIENTED_EDGE('',*,*,#3741,.F.);
#5002=ORIENTED_EDGE('',*,*,#3415,.F.);
#5003=ORIENTED_EDGE('',*,*,#3741,.T.);
#5004=ORIENTED_EDGE('',*,*,#3742,.F.);
#5005=ORIENTED_EDGE('',*,*,#3743,.F.);
#5006=ORIENTED_EDGE('',*,*,#3416,.F.);
#5007=ORIENTED_EDGE('',*,*,#3743,.T.);
#5008=ORIENTED_EDGE('',*,*,#3744,.F.);
#5009=ORIENTED_EDGE('',*,*,#3745,.F.);
#5010=ORIENTED_EDGE('',*,*,#3417,.F.);
#5011=ORIENTED_EDGE('',*,*,#3745,.T.);
#5012=ORIENTED_EDGE('',*,*,#3746,.F.);
#5013=ORIENTED_EDGE('',*,*,#3747,.F.);
#5014=ORIENTED_EDGE('',*,*,#3418,.F.);
#5015=ORIENTED_EDGE('',*,*,#3747,.T.);
#5016=ORIENTED_EDGE('',*,*,#3748,.F.);
#5017=ORIENTED_EDGE('',*,*,#3749,.F.);
#5018=ORIENTED_EDGE('',*,*,#3419,.F.);
#5019=ORIENTED_EDGE('',*,*,#3749,.T.);
#5020=ORIENTED_EDGE('',*,*,#3750,.F.);
#5021=ORIENTED_EDGE('',*,*,#3751,.F.);
#5022=ORIENTED_EDGE('',*,*,#3420,.F.);
#5023=ORIENTED_EDGE('',*,*,#3751,.T.);
#5024=ORIENTED_EDGE('',*,*,#3752,.F.);
#5025=ORIENTED_EDGE('',*,*,#3753,.F.);
#5026=ORIENTED_EDGE('',*,*,#3421,.F.);
#5027=ORIENTED_EDGE('',*,*,#3753,.T.);
#5028=ORIENTED_EDGE('',*,*,#3754,.F.);
#5029=ORIENTED_EDGE('',*,*,#3755,.F.);
#5030=ORIENTED_EDGE('',*,*,#3422,.F.);
#5031=ORIENTED_EDGE('',*,*,#3755,.T.);
#5032=ORIENTED_EDGE('',*,*,#3756,.F.);
#5033=ORIENTED_EDGE('',*,*,#3757,.F.);
#5034=ORIENTED_EDGE('',*,*,#3423,.F.);
#5035=ORIENTED_EDGE('',*,*,#3757,.T.);
#5036=ORIENTED_EDGE('',*,*,#3758,.F.);
#5037=ORIENTED_EDGE('',*,*,#3759,.F.);
#5038=ORIENTED_EDGE('',*,*,#3424,.F.);
#5039=ORIENTED_EDGE('',*,*,#3759,.T.);
#5040=ORIENTED_EDGE('',*,*,#3760,.F.);
#5041=ORIENTED_EDGE('',*,*,#3761,.F.);
#5042=ORIENTED_EDGE('',*,*,#3425,.F.);
#5043=ORIENTED_EDGE('',*,*,#3761,.T.);
#5044=ORIENTED_EDGE('',*,*,#3762,.F.);
#5045=ORIENTED_EDGE('',*,*,#3763,.F.);
#5046=ORIENTED_EDGE('',*,*,#3426,.F.);
#5047=ORIENTED_EDGE('',*,*,#3763,.T.);
#5048=ORIENTED_EDGE('',*,*,#3764,.F.);
#5049=ORIENTED_EDGE('',*,*,#3765,.F.);
#5050=ORIENTED_EDGE('',*,*,#3427,.F.);
#5051=ORIENTED_EDGE('',*,*,#3765,.T.);
#5052=ORIENTED_EDGE('',*,*,#3766,.F.);
#5053=ORIENTED_EDGE('',*,*,#3767,.F.);
#5054=ORIENTED_EDGE('',*,*,#3428,.F.);
#5055=ORIENTED_EDGE('',*,*,#3767,.T.);
#5056=ORIENTED_EDGE('',*,*,#3768,.F.);
#5057=ORIENTED_EDGE('',*,*,#3769,.F.);
#5058=ORIENTED_EDGE('',*,*,#3429,.F.);
#5059=ORIENTED_EDGE('',*,*,#3769,.T.);
#5060=ORIENTED_EDGE('',*,*,#3770,.F.);
#5061=ORIENTED_EDGE('',*,*,#3771,.F.);
#5062=ORIENTED_EDGE('',*,*,#3430,.F.);
#5063=ORIENTED_EDGE('',*,*,#3771,.T.);
#5064=ORIENTED_EDGE('',*,*,#3772,.F.);
#5065=ORIENTED_EDGE('',*,*,#3773,.F.);
#5066=ORIENTED_EDGE('',*,*,#3431,.F.);
#5067=ORIENTED_EDGE('',*,*,#3773,.T.);
#5068=ORIENTED_EDGE('',*,*,#3774,.F.);
#5069=ORIENTED_EDGE('',*,*,#3775,.F.);
#5070=ORIENTED_EDGE('',*,*,#3432,.F.);
#5071=ORIENTED_EDGE('',*,*,#3775,.T.);
#5072=ORIENTED_EDGE('',*,*,#3776,.F.);
#5073=ORIENTED_EDGE('',*,*,#3777,.F.);
#5074=ORIENTED_EDGE('',*,*,#3433,.F.);
#5075=ORIENTED_EDGE('',*,*,#3777,.T.);
#5076=ORIENTED_EDGE('',*,*,#3778,.F.);
#5077=ORIENTED_EDGE('',*,*,#3779,.F.);
#5078=ORIENTED_EDGE('',*,*,#3434,.F.);
#5079=ORIENTED_EDGE('',*,*,#3779,.T.);
#5080=ORIENTED_EDGE('',*,*,#3780,.F.);
#5081=ORIENTED_EDGE('',*,*,#3781,.F.);
#5082=ORIENTED_EDGE('',*,*,#3435,.F.);
#5083=ORIENTED_EDGE('',*,*,#3781,.T.);
#5084=ORIENTED_EDGE('',*,*,#3782,.F.);
#5085=ORIENTED_EDGE('',*,*,#3783,.F.);
#5086=ORIENTED_EDGE('',*,*,#3436,.F.);
#5087=ORIENTED_EDGE('',*,*,#3783,.T.);
#5088=ORIENTED_EDGE('',*,*,#3784,.F.);
#5089=ORIENTED_EDGE('',*,*,#3785,.F.);
#5090=ORIENTED_EDGE('',*,*,#3437,.F.);
#5091=ORIENTED_EDGE('',*,*,#3785,.T.);
#5092=ORIENTED_EDGE('',*,*,#3786,.F.);
#5093=ORIENTED_EDGE('',*,*,#3787,.F.);
#5094=ORIENTED_EDGE('',*,*,#3438,.F.);
#5095=ORIENTED_EDGE('',*,*,#3787,.T.);
#5096=ORIENTED_EDGE('',*,*,#3788,.F.);
#5097=ORIENTED_EDGE('',*,*,#3789,.F.);
#5098=ORIENTED_EDGE('',*,*,#3439,.F.);
#5099=ORIENTED_EDGE('',*,*,#3789,.T.);
#5100=ORIENTED_EDGE('',*,*,#3790,.F.);
#5101=ORIENTED_EDGE('',*,*,#3791,.F.);
#5102=ORIENTED_EDGE('',*,*,#3440,.F.);
#5103=ORIENTED_EDGE('',*,*,#3791,.T.);
#5104=ORIENTED_EDGE('',*,*,#3792,.F.);
#5105=ORIENTED_EDGE('',*,*,#3723,.F.);
#5106=ORIENTED_EDGE('',*,*,#3792,.T.);
#5107=ORIENTED_EDGE('',*,*,#3790,.T.);
#5108=ORIENTED_EDGE('',*,*,#3788,.T.);
#5109=ORIENTED_EDGE('',*,*,#3786,.T.);
#5110=ORIENTED_EDGE('',*,*,#3784,.T.);
#5111=ORIENTED_EDGE('',*,*,#3782,.T.);
#5112=ORIENTED_EDGE('',*,*,#3780,.T.);
#5113=ORIENTED_EDGE('',*,*,#3778,.T.);
#5114=ORIENTED_EDGE('',*,*,#3776,.T.);
#5115=ORIENTED_EDGE('',*,*,#3774,.T.);
#5116=ORIENTED_EDGE('',*,*,#3772,.T.);
#5117=ORIENTED_EDGE('',*,*,#3770,.T.);
#5118=ORIENTED_EDGE('',*,*,#3768,.T.);
#5119=ORIENTED_EDGE('',*,*,#3766,.T.);
#5120=ORIENTED_EDGE('',*,*,#3764,.T.);
#5121=ORIENTED_EDGE('',*,*,#3762,.T.);
#5122=ORIENTED_EDGE('',*,*,#3760,.T.);
#5123=ORIENTED_EDGE('',*,*,#3758,.T.);
#5124=ORIENTED_EDGE('',*,*,#3756,.T.);
#5125=ORIENTED_EDGE('',*,*,#3754,.T.);
#5126=ORIENTED_EDGE('',*,*,#3752,.T.);
#5127=ORIENTED_EDGE('',*,*,#3750,.T.);
#5128=ORIENTED_EDGE('',*,*,#3748,.T.);
#5129=ORIENTED_EDGE('',*,*,#3746,.T.);
#5130=ORIENTED_EDGE('',*,*,#3744,.T.);
#5131=ORIENTED_EDGE('',*,*,#3742,.T.);
#5132=ORIENTED_EDGE('',*,*,#3740,.T.);
#5133=ORIENTED_EDGE('',*,*,#3738,.T.);
#5134=ORIENTED_EDGE('',*,*,#3736,.T.);
#5135=ORIENTED_EDGE('',*,*,#3734,.T.);
#5136=ORIENTED_EDGE('',*,*,#3732,.T.);
#5137=ORIENTED_EDGE('',*,*,#3730,.T.);
#5138=ORIENTED_EDGE('',*,*,#3728,.T.);
#5139=ORIENTED_EDGE('',*,*,#3726,.T.);
#5140=ORIENTED_EDGE('',*,*,#3724,.T.);
#5141=ORIENTED_EDGE('',*,*,#3441,.F.);
#5142=ORIENTED_EDGE('',*,*,#3793,.T.);
#5143=ORIENTED_EDGE('',*,*,#3794,.F.);
#5144=ORIENTED_EDGE('',*,*,#3795,.F.);
#5145=ORIENTED_EDGE('',*,*,#3442,.F.);
#5146=ORIENTED_EDGE('',*,*,#3795,.T.);
#5147=ORIENTED_EDGE('',*,*,#3796,.F.);
#5148=ORIENTED_EDGE('',*,*,#3797,.F.);
#5149=ORIENTED_EDGE('',*,*,#3443,.F.);
#5150=ORIENTED_EDGE('',*,*,#3797,.T.);
#5151=ORIENTED_EDGE('',*,*,#3798,.F.);
#5152=ORIENTED_EDGE('',*,*,#3799,.F.);
#5153=ORIENTED_EDGE('',*,*,#3444,.F.);
#5154=ORIENTED_EDGE('',*,*,#3799,.T.);
#5155=ORIENTED_EDGE('',*,*,#3800,.F.);
#5156=ORIENTED_EDGE('',*,*,#3801,.F.);
#5157=ORIENTED_EDGE('',*,*,#3445,.F.);
#5158=ORIENTED_EDGE('',*,*,#3801,.T.);
#5159=ORIENTED_EDGE('',*,*,#3802,.F.);
#5160=ORIENTED_EDGE('',*,*,#3803,.F.);
#5161=ORIENTED_EDGE('',*,*,#3446,.F.);
#5162=ORIENTED_EDGE('',*,*,#3803,.T.);
#5163=ORIENTED_EDGE('',*,*,#3804,.F.);
#5164=ORIENTED_EDGE('',*,*,#3805,.F.);
#5165=ORIENTED_EDGE('',*,*,#3447,.F.);
#5166=ORIENTED_EDGE('',*,*,#3805,.T.);
#5167=ORIENTED_EDGE('',*,*,#3806,.F.);
#5168=ORIENTED_EDGE('',*,*,#3807,.F.);
#5169=ORIENTED_EDGE('',*,*,#3448,.F.);
#5170=ORIENTED_EDGE('',*,*,#3807,.T.);
#5171=ORIENTED_EDGE('',*,*,#3808,.F.);
#5172=ORIENTED_EDGE('',*,*,#3809,.F.);
#5173=ORIENTED_EDGE('',*,*,#3449,.F.);
#5174=ORIENTED_EDGE('',*,*,#3809,.T.);
#5175=ORIENTED_EDGE('',*,*,#3810,.F.);
#5176=ORIENTED_EDGE('',*,*,#3793,.F.);
#5177=ORIENTED_EDGE('',*,*,#3810,.T.);
#5178=ORIENTED_EDGE('',*,*,#3808,.T.);
#5179=ORIENTED_EDGE('',*,*,#3806,.T.);
#5180=ORIENTED_EDGE('',*,*,#3804,.T.);
#5181=ORIENTED_EDGE('',*,*,#3802,.T.);
#5182=ORIENTED_EDGE('',*,*,#3800,.T.);
#5183=ORIENTED_EDGE('',*,*,#3798,.T.);
#5184=ORIENTED_EDGE('',*,*,#3796,.T.);
#5185=ORIENTED_EDGE('',*,*,#3794,.T.);
#5186=ORIENTED_EDGE('',*,*,#3450,.F.);
#5187=ORIENTED_EDGE('',*,*,#3811,.T.);
#5188=ORIENTED_EDGE('',*,*,#3812,.F.);
#5189=ORIENTED_EDGE('',*,*,#3813,.F.);
#5190=ORIENTED_EDGE('',*,*,#3451,.F.);
#5191=ORIENTED_EDGE('',*,*,#3813,.T.);
#5192=ORIENTED_EDGE('',*,*,#3814,.F.);
#5193=ORIENTED_EDGE('',*,*,#3815,.F.);
#5194=ORIENTED_EDGE('',*,*,#3452,.F.);
#5195=ORIENTED_EDGE('',*,*,#3815,.T.);
#5196=ORIENTED_EDGE('',*,*,#3816,.F.);
#5197=ORIENTED_EDGE('',*,*,#3817,.F.);
#5198=ORIENTED_EDGE('',*,*,#3453,.F.);
#5199=ORIENTED_EDGE('',*,*,#3817,.T.);
#5200=ORIENTED_EDGE('',*,*,#3818,.F.);
#5201=ORIENTED_EDGE('',*,*,#3811,.F.);
#5202=ORIENTED_EDGE('',*,*,#3818,.T.);
#5203=ORIENTED_EDGE('',*,*,#3816,.T.);
#5204=ORIENTED_EDGE('',*,*,#3814,.T.);
#5205=ORIENTED_EDGE('',*,*,#3812,.T.);
#5206=ORIENTED_EDGE('',*,*,#3819,.F.);
#5207=ORIENTED_EDGE('',*,*,#3820,.T.);
#5208=ORIENTED_EDGE('',*,*,#3821,.F.);
#5209=ORIENTED_EDGE('',*,*,#3822,.F.);
#5210=ORIENTED_EDGE('',*,*,#3823,.F.);
#5211=ORIENTED_EDGE('',*,*,#3822,.T.);
#5212=ORIENTED_EDGE('',*,*,#3824,.F.);
#5213=ORIENTED_EDGE('',*,*,#3825,.F.);
#5214=ORIENTED_EDGE('',*,*,#3826,.F.);
#5215=ORIENTED_EDGE('',*,*,#3825,.T.);
#5216=ORIENTED_EDGE('',*,*,#3827,.F.);
#5217=ORIENTED_EDGE('',*,*,#3828,.F.);
#5218=ORIENTED_EDGE('',*,*,#3829,.F.);
#5219=ORIENTED_EDGE('',*,*,#3828,.T.);
#5220=ORIENTED_EDGE('',*,*,#3830,.F.);
#5221=ORIENTED_EDGE('',*,*,#3831,.F.);
#5222=ORIENTED_EDGE('',*,*,#3832,.F.);
#5223=ORIENTED_EDGE('',*,*,#3831,.T.);
#5224=ORIENTED_EDGE('',*,*,#3833,.F.);
#5225=ORIENTED_EDGE('',*,*,#3820,.F.);
#5226=ORIENTED_EDGE('',*,*,#3477,.F.);
#5227=ORIENTED_EDGE('',*,*,#3834,.T.);
#5228=ORIENTED_EDGE('',*,*,#3835,.F.);
#5229=ORIENTED_EDGE('',*,*,#3836,.F.);
#5230=ORIENTED_EDGE('',*,*,#3478,.F.);
#5231=ORIENTED_EDGE('',*,*,#3836,.T.);
#5232=ORIENTED_EDGE('',*,*,#3837,.F.);
#5233=ORIENTED_EDGE('',*,*,#3838,.F.);
#5234=ORIENTED_EDGE('',*,*,#3479,.F.);
#5235=ORIENTED_EDGE('',*,*,#3838,.T.);
#5236=ORIENTED_EDGE('',*,*,#3839,.F.);
#5237=ORIENTED_EDGE('',*,*,#3840,.F.);
#5238=ORIENTED_EDGE('',*,*,#3480,.F.);
#5239=ORIENTED_EDGE('',*,*,#3840,.T.);
#5240=ORIENTED_EDGE('',*,*,#3841,.F.);
#5241=ORIENTED_EDGE('',*,*,#3842,.F.);
#5242=ORIENTED_EDGE('',*,*,#3481,.F.);
#5243=ORIENTED_EDGE('',*,*,#3842,.T.);
#5244=ORIENTED_EDGE('',*,*,#3843,.F.);
#5245=ORIENTED_EDGE('',*,*,#3844,.F.);
#5246=ORIENTED_EDGE('',*,*,#3482,.F.);
#5247=ORIENTED_EDGE('',*,*,#3844,.T.);
#5248=ORIENTED_EDGE('',*,*,#3845,.F.);
#5249=ORIENTED_EDGE('',*,*,#3846,.F.);
#5250=ORIENTED_EDGE('',*,*,#3483,.F.);
#5251=ORIENTED_EDGE('',*,*,#3846,.T.);
#5252=ORIENTED_EDGE('',*,*,#3847,.F.);
#5253=ORIENTED_EDGE('',*,*,#3848,.F.);
#5254=ORIENTED_EDGE('',*,*,#3484,.F.);
#5255=ORIENTED_EDGE('',*,*,#3848,.T.);
#5256=ORIENTED_EDGE('',*,*,#3849,.F.);
#5257=ORIENTED_EDGE('',*,*,#3834,.F.);
#5258=ORIENTED_EDGE('',*,*,#3849,.T.);
#5259=ORIENTED_EDGE('',*,*,#3847,.T.);
#5260=ORIENTED_EDGE('',*,*,#3845,.T.);
#5261=ORIENTED_EDGE('',*,*,#3843,.T.);
#5262=ORIENTED_EDGE('',*,*,#3841,.T.);
#5263=ORIENTED_EDGE('',*,*,#3839,.T.);
#5264=ORIENTED_EDGE('',*,*,#3837,.T.);
#5265=ORIENTED_EDGE('',*,*,#3835,.T.);
#5266=ORIENTED_EDGE('',*,*,#3833,.T.);
#5267=ORIENTED_EDGE('',*,*,#3830,.T.);
#5268=ORIENTED_EDGE('',*,*,#3827,.T.);
#5269=ORIENTED_EDGE('',*,*,#3824,.T.);
#5270=ORIENTED_EDGE('',*,*,#3821,.T.);
#5271=ORIENTED_EDGE('',*,*,#3661,.T.);
#5272=ORIENTED_EDGE('',*,*,#3665,.T.);
#5273=ORIENTED_EDGE('',*,*,#3668,.T.);
#5274=ORIENTED_EDGE('',*,*,#3671,.T.);
#5275=ORIENTED_EDGE('',*,*,#3674,.T.);
#5276=ORIENTED_EDGE('',*,*,#3677,.T.);
#5277=ORIENTED_EDGE('',*,*,#3680,.T.);
#5278=ORIENTED_EDGE('',*,*,#3683,.T.);
#5279=ORIENTED_EDGE('',*,*,#3850,.F.);
#5280=ORIENTED_EDGE('',*,*,#3851,.T.);
#5281=ORIENTED_EDGE('',*,*,#3852,.F.);
#5282=ORIENTED_EDGE('',*,*,#3853,.F.);
#5283=ORIENTED_EDGE('',*,*,#3854,.F.);
#5284=ORIENTED_EDGE('',*,*,#3853,.T.);
#5285=ORIENTED_EDGE('',*,*,#3855,.F.);
#5286=ORIENTED_EDGE('',*,*,#3851,.F.);
#5287=ORIENTED_EDGE('',*,*,#3454,.F.);
#5288=ORIENTED_EDGE('',*,*,#3856,.T.);
#5289=ORIENTED_EDGE('',*,*,#3857,.F.);
#5290=ORIENTED_EDGE('',*,*,#3858,.F.);
#5291=ORIENTED_EDGE('',*,*,#3455,.F.);
#5292=ORIENTED_EDGE('',*,*,#3858,.T.);
#5293=ORIENTED_EDGE('',*,*,#3859,.F.);
#5294=ORIENTED_EDGE('',*,*,#3856,.F.);
#5295=ORIENTED_EDGE('',*,*,#3859,.T.);
#5296=ORIENTED_EDGE('',*,*,#3857,.T.);
#5297=ORIENTED_EDGE('',*,*,#3855,.T.);
#5298=ORIENTED_EDGE('',*,*,#3852,.T.);
#5299=ORIENTED_EDGE('',*,*,#3819,.T.);
#5300=ORIENTED_EDGE('',*,*,#3823,.T.);
#5301=ORIENTED_EDGE('',*,*,#3826,.T.);
#5302=ORIENTED_EDGE('',*,*,#3829,.T.);
#5303=ORIENTED_EDGE('',*,*,#3832,.T.);
#5304=ORIENTED_EDGE('',*,*,#3860,.F.);
#5305=ORIENTED_EDGE('',*,*,#3861,.T.);
#5306=ORIENTED_EDGE('',*,*,#3862,.T.);
#5307=ORIENTED_EDGE('',*,*,#3861,.F.);
#5308=ORIENTED_EDGE('',*,*,#3862,.F.);
#5309=ORIENTED_EDGE('',*,*,#3863,.F.);
#5310=ORIENTED_EDGE('',*,*,#3864,.F.);
#5311=ORIENTED_EDGE('',*,*,#3865,.T.);
#5312=ORIENTED_EDGE('',*,*,#3866,.T.);
#5313=ORIENTED_EDGE('',*,*,#3865,.F.);
#5314=ORIENTED_EDGE('',*,*,#3866,.F.);
#5315=ORIENTED_EDGE('',*,*,#3867,.F.);
#5316=ORIENTED_EDGE('',*,*,#3868,.F.);
#5317=ORIENTED_EDGE('',*,*,#3869,.T.);
#5318=ORIENTED_EDGE('',*,*,#3870,.T.);
#5319=ORIENTED_EDGE('',*,*,#3869,.F.);
#5320=ORIENTED_EDGE('',*,*,#3870,.F.);
#5321=ORIENTED_EDGE('',*,*,#3871,.F.);
#5322=ORIENTED_EDGE('',*,*,#3872,.F.);
#5323=ORIENTED_EDGE('',*,*,#3873,.T.);
#5324=ORIENTED_EDGE('',*,*,#3874,.T.);
#5325=ORIENTED_EDGE('',*,*,#3873,.F.);
#5326=ORIENTED_EDGE('',*,*,#3874,.F.);
#5327=ORIENTED_EDGE('',*,*,#3875,.F.);
#5328=ORIENTED_EDGE('',*,*,#3876,.F.);
#5329=ORIENTED_EDGE('',*,*,#3877,.T.);
#5330=ORIENTED_EDGE('',*,*,#3878,.T.);
#5331=ORIENTED_EDGE('',*,*,#3877,.F.);
#5332=ORIENTED_EDGE('',*,*,#3878,.F.);
#5333=ORIENTED_EDGE('',*,*,#3879,.F.);
#5334=ORIENTED_EDGE('',*,*,#3880,.F.);
#5335=ORIENTED_EDGE('',*,*,#3881,.T.);
#5336=ORIENTED_EDGE('',*,*,#3882,.T.);
#5337=ORIENTED_EDGE('',*,*,#3881,.F.);
#5338=ORIENTED_EDGE('',*,*,#3882,.F.);
#5339=ORIENTED_EDGE('',*,*,#3883,.F.);
#5340=ORIENTED_EDGE('',*,*,#3884,.F.);
#5341=ORIENTED_EDGE('',*,*,#3885,.T.);
#5342=ORIENTED_EDGE('',*,*,#3886,.T.);
#5343=ORIENTED_EDGE('',*,*,#3887,.F.);
#5344=ORIENTED_EDGE('',*,*,#3888,.F.);
#5345=ORIENTED_EDGE('',*,*,#3889,.T.);
#5346=ORIENTED_EDGE('',*,*,#3890,.T.);
#5347=ORIENTED_EDGE('',*,*,#3885,.F.);
#5348=ORIENTED_EDGE('',*,*,#3891,.F.);
#5349=ORIENTED_EDGE('',*,*,#3892,.T.);
#5350=ORIENTED_EDGE('',*,*,#3893,.T.);
#5351=ORIENTED_EDGE('',*,*,#3889,.F.);
#5352=ORIENTED_EDGE('',*,*,#3894,.F.);
#5353=ORIENTED_EDGE('',*,*,#3887,.T.);
#5354=ORIENTED_EDGE('',*,*,#3895,.T.);
#5355=ORIENTED_EDGE('',*,*,#3892,.F.);
#5356=ORIENTED_EDGE('',*,*,#3895,.F.);
#5357=ORIENTED_EDGE('',*,*,#3886,.F.);
#5358=ORIENTED_EDGE('',*,*,#3890,.F.);
#5359=ORIENTED_EDGE('',*,*,#3893,.F.);
#5360=ORIENTED_EDGE('',*,*,#3896,.F.);
#5361=ORIENTED_EDGE('',*,*,#3897,.T.);
#5362=ORIENTED_EDGE('',*,*,#3898,.T.);
#5363=ORIENTED_EDGE('',*,*,#3897,.F.);
#5364=ORIENTED_EDGE('',*,*,#3898,.F.);
#5365=ORIENTED_EDGE('',*,*,#3899,.F.);
#5366=ORIENTED_EDGE('',*,*,#3900,.F.);
#5367=ORIENTED_EDGE('',*,*,#3901,.T.);
#5368=ORIENTED_EDGE('',*,*,#3902,.T.);
#5369=ORIENTED_EDGE('',*,*,#3901,.F.);
#5370=ORIENTED_EDGE('',*,*,#3902,.F.);
#5371=ORIENTED_EDGE('',*,*,#3903,.F.);
#5372=ORIENTED_EDGE('',*,*,#3904,.F.);
#5373=ORIENTED_EDGE('',*,*,#3905,.T.);
#5374=ORIENTED_EDGE('',*,*,#3906,.T.);
#5375=ORIENTED_EDGE('',*,*,#3905,.F.);
#5376=ORIENTED_EDGE('',*,*,#3906,.F.);
#5377=ORIENTED_EDGE('',*,*,#3907,.F.);
#5378=ORIENTED_EDGE('',*,*,#3908,.F.);
#5379=ORIENTED_EDGE('',*,*,#3909,.T.);
#5380=ORIENTED_EDGE('',*,*,#3910,.T.);
#5381=ORIENTED_EDGE('',*,*,#3909,.F.);
#5382=ORIENTED_EDGE('',*,*,#3910,.F.);
#5383=ORIENTED_EDGE('',*,*,#3911,.F.);
#5384=ORIENTED_EDGE('',*,*,#3456,.F.);
#5385=ORIENTED_EDGE('',*,*,#3912,.T.);
#5386=ORIENTED_EDGE('',*,*,#3913,.T.);
#5387=ORIENTED_EDGE('',*,*,#3912,.F.);
#5388=ORIENTED_EDGE('',*,*,#3913,.F.);
#5389=ORIENTED_EDGE('',*,*,#3914,.F.);
#5390=ORIENTED_EDGE('',*,*,#3457,.F.);
#5391=ORIENTED_EDGE('',*,*,#3915,.T.);
#5392=ORIENTED_EDGE('',*,*,#3916,.T.);
#5393=ORIENTED_EDGE('',*,*,#3915,.F.);
#5394=ORIENTED_EDGE('',*,*,#3916,.F.);
#5395=ORIENTED_EDGE('',*,*,#3917,.F.);
#5396=ORIENTED_EDGE('',*,*,#3458,.F.);
#5397=ORIENTED_EDGE('',*,*,#3918,.T.);
#5398=ORIENTED_EDGE('',*,*,#3919,.T.);
#5399=ORIENTED_EDGE('',*,*,#3918,.F.);
#5400=ORIENTED_EDGE('',*,*,#3919,.F.);
#5401=ORIENTED_EDGE('',*,*,#3920,.F.);
#5402=ORIENTED_EDGE('',*,*,#3459,.F.);
#5403=ORIENTED_EDGE('',*,*,#3921,.T.);
#5404=ORIENTED_EDGE('',*,*,#3922,.T.);
#5405=ORIENTED_EDGE('',*,*,#3921,.F.);
#5406=ORIENTED_EDGE('',*,*,#3922,.F.);
#5407=ORIENTED_EDGE('',*,*,#3923,.F.);
#5408=ORIENTED_EDGE('',*,*,#3460,.F.);
#5409=ORIENTED_EDGE('',*,*,#3924,.T.);
#5410=ORIENTED_EDGE('',*,*,#3925,.T.);
#5411=ORIENTED_EDGE('',*,*,#3924,.F.);
#5412=ORIENTED_EDGE('',*,*,#3925,.F.);
#5413=ORIENTED_EDGE('',*,*,#3926,.F.);
#5414=ORIENTED_EDGE('',*,*,#3461,.F.);
#5415=ORIENTED_EDGE('',*,*,#3927,.T.);
#5416=ORIENTED_EDGE('',*,*,#3928,.T.);
#5417=ORIENTED_EDGE('',*,*,#3927,.F.);
#5418=ORIENTED_EDGE('',*,*,#3928,.F.);
#5419=ORIENTED_EDGE('',*,*,#3929,.F.);
#5420=ORIENTED_EDGE('',*,*,#3462,.F.);
#5421=ORIENTED_EDGE('',*,*,#3930,.T.);
#5422=ORIENTED_EDGE('',*,*,#3931,.T.);
#5423=ORIENTED_EDGE('',*,*,#3930,.F.);
#5424=ORIENTED_EDGE('',*,*,#3931,.F.);
#5425=ORIENTED_EDGE('',*,*,#3932,.F.);
#5426=ORIENTED_EDGE('',*,*,#3463,.F.);
#5427=ORIENTED_EDGE('',*,*,#3933,.T.);
#5428=ORIENTED_EDGE('',*,*,#3934,.T.);
#5429=ORIENTED_EDGE('',*,*,#3933,.F.);
#5430=ORIENTED_EDGE('',*,*,#3934,.F.);
#5431=ORIENTED_EDGE('',*,*,#3935,.F.);
#5432=ORIENTED_EDGE('',*,*,#3464,.F.);
#5433=ORIENTED_EDGE('',*,*,#3936,.T.);
#5434=ORIENTED_EDGE('',*,*,#3937,.T.);
#5435=ORIENTED_EDGE('',*,*,#3936,.F.);
#5436=ORIENTED_EDGE('',*,*,#3937,.F.);
#5437=ORIENTED_EDGE('',*,*,#3938,.F.);
#5438=ORIENTED_EDGE('',*,*,#3465,.F.);
#5439=ORIENTED_EDGE('',*,*,#3939,.T.);
#5440=ORIENTED_EDGE('',*,*,#3940,.T.);
#5441=ORIENTED_EDGE('',*,*,#3939,.F.);
#5442=ORIENTED_EDGE('',*,*,#3940,.F.);
#5443=ORIENTED_EDGE('',*,*,#3941,.F.);
#5444=ORIENTED_EDGE('',*,*,#3466,.F.);
#5445=ORIENTED_EDGE('',*,*,#3942,.T.);
#5446=ORIENTED_EDGE('',*,*,#3943,.F.);
#5447=ORIENTED_EDGE('',*,*,#3942,.F.);
#5448=ORIENTED_EDGE('',*,*,#3850,.T.);
#5449=ORIENTED_EDGE('',*,*,#3854,.T.);
#5450=ORIENTED_EDGE('',*,*,#3476,.F.);
#5451=ORIENTED_EDGE('',*,*,#3944,.T.);
#5452=ORIENTED_EDGE('',*,*,#3945,.F.);
#5453=ORIENTED_EDGE('',*,*,#3944,.F.);
#5454=ORIENTED_EDGE('',*,*,#3467,.F.);
#5455=ORIENTED_EDGE('',*,*,#3946,.T.);
#5456=ORIENTED_EDGE('',*,*,#3947,.F.);
#5457=ORIENTED_EDGE('',*,*,#3946,.F.);
#5458=ORIENTED_EDGE('',*,*,#3473,.F.);
#5459=ORIENTED_EDGE('',*,*,#3948,.T.);
#5460=ORIENTED_EDGE('',*,*,#3949,.F.);
#5461=ORIENTED_EDGE('',*,*,#3950,.F.);
#5462=ORIENTED_EDGE('',*,*,#3472,.F.);
#5463=ORIENTED_EDGE('',*,*,#3951,.T.);
#5464=ORIENTED_EDGE('',*,*,#3952,.F.);
#5465=ORIENTED_EDGE('',*,*,#3948,.F.);
#5466=ORIENTED_EDGE('',*,*,#3474,.F.);
#5467=ORIENTED_EDGE('',*,*,#3950,.T.);
#5468=ORIENTED_EDGE('',*,*,#3953,.F.);
#5469=ORIENTED_EDGE('',*,*,#3954,.F.);
#5470=ORIENTED_EDGE('',*,*,#3475,.F.);
#5471=ORIENTED_EDGE('',*,*,#3954,.T.);
#5472=ORIENTED_EDGE('',*,*,#3955,.F.);
#5473=ORIENTED_EDGE('',*,*,#3951,.F.);
#5474=ORIENTED_EDGE('',*,*,#3955,.T.);
#5475=ORIENTED_EDGE('',*,*,#3953,.T.);
#5476=ORIENTED_EDGE('',*,*,#3949,.T.);
#5477=ORIENTED_EDGE('',*,*,#3952,.T.);
#5478=ORIENTED_EDGE('',*,*,#3920,.T.);
#5479=ORIENTED_EDGE('',*,*,#3956,.T.);
#5480=ORIENTED_EDGE('',*,*,#3879,.T.);
#5481=ORIENTED_EDGE('',*,*,#3956,.F.);
#5482=ORIENTED_EDGE('',*,*,#3468,.F.);
#5483=ORIENTED_EDGE('',*,*,#3957,.T.);
#5484=ORIENTED_EDGE('',*,*,#3958,.T.);
#5485=ORIENTED_EDGE('',*,*,#3957,.F.);
#5486=ORIENTED_EDGE('',*,*,#3932,.T.);
#5487=ORIENTED_EDGE('',*,*,#3959,.T.);
#5488=ORIENTED_EDGE('',*,*,#3867,.T.);
#5489=ORIENTED_EDGE('',*,*,#3959,.F.);
#5490=ORIENTED_EDGE('',*,*,#3935,.T.);
#5491=ORIENTED_EDGE('',*,*,#3960,.T.);
#5492=ORIENTED_EDGE('',*,*,#3907,.T.);
#5493=ORIENTED_EDGE('',*,*,#3960,.F.);
#5494=ORIENTED_EDGE('',*,*,#3469,.F.);
#5495=ORIENTED_EDGE('',*,*,#3961,.T.);
#5496=ORIENTED_EDGE('',*,*,#3962,.T.);
#5497=ORIENTED_EDGE('',*,*,#3961,.F.);
#5498=ORIENTED_EDGE('',*,*,#3914,.T.);
#5499=ORIENTED_EDGE('',*,*,#3963,.T.);
#5500=ORIENTED_EDGE('',*,*,#3911,.T.);
#5501=ORIENTED_EDGE('',*,*,#3963,.F.);
#5502=ORIENTED_EDGE('',*,*,#3929,.T.);
#5503=ORIENTED_EDGE('',*,*,#3964,.T.);
#5504=ORIENTED_EDGE('',*,*,#3883,.T.);
#5505=ORIENTED_EDGE('',*,*,#3964,.F.);
#5506=ORIENTED_EDGE('',*,*,#3923,.T.);
#5507=ORIENTED_EDGE('',*,*,#3965,.T.);
#5508=ORIENTED_EDGE('',*,*,#3903,.T.);
#5509=ORIENTED_EDGE('',*,*,#3965,.F.);
#5510=ORIENTED_EDGE('',*,*,#3470,.F.);
#5511=ORIENTED_EDGE('',*,*,#3966,.T.);
#5512=ORIENTED_EDGE('',*,*,#3967,.T.);
#5513=ORIENTED_EDGE('',*,*,#3966,.F.);
#5514=ORIENTED_EDGE('',*,*,#3941,.T.);
#5515=ORIENTED_EDGE('',*,*,#3968,.T.);
#5516=ORIENTED_EDGE('',*,*,#3871,.T.);
#5517=ORIENTED_EDGE('',*,*,#3968,.F.);
#5518=ORIENTED_EDGE('',*,*,#3926,.T.);
#5519=ORIENTED_EDGE('',*,*,#3969,.T.);
#5520=ORIENTED_EDGE('',*,*,#3863,.T.);
#5521=ORIENTED_EDGE('',*,*,#3969,.F.);
#5522=ORIENTED_EDGE('',*,*,#3917,.T.);
#5523=ORIENTED_EDGE('',*,*,#3970,.T.);
#5524=ORIENTED_EDGE('',*,*,#3875,.T.);
#5525=ORIENTED_EDGE('',*,*,#3970,.F.);
#5526=ORIENTED_EDGE('',*,*,#3938,.T.);
#5527=ORIENTED_EDGE('',*,*,#3971,.T.);
#5528=ORIENTED_EDGE('',*,*,#3899,.T.);
#5529=ORIENTED_EDGE('',*,*,#3971,.F.);
#5530=ORIENTED_EDGE('',*,*,#3471,.F.);
#5531=ORIENTED_EDGE('',*,*,#3972,.T.);
#5532=ORIENTED_EDGE('',*,*,#3973,.T.);
#5533=ORIENTED_EDGE('',*,*,#3972,.F.);
#5534=ORIENTED_EDGE('',*,*,#3974,.F.);
#5535=ORIENTED_EDGE('',*,*,#3975,.T.);
#5536=ORIENTED_EDGE('',*,*,#3344,.F.);
#5537=ORIENTED_EDGE('',*,*,#3976,.F.);
#5538=ORIENTED_EDGE('',*,*,#3977,.F.);
#5539=ORIENTED_EDGE('',*,*,#3976,.T.);
#5540=ORIENTED_EDGE('',*,*,#3343,.F.);
#5541=ORIENTED_EDGE('',*,*,#3978,.F.);
#5542=ORIENTED_EDGE('',*,*,#3979,.F.);
#5543=ORIENTED_EDGE('',*,*,#3978,.T.);
#5544=ORIENTED_EDGE('',*,*,#3346,.F.);
#5545=ORIENTED_EDGE('',*,*,#3980,.F.);
#5546=ORIENTED_EDGE('',*,*,#3981,.F.);
#5547=ORIENTED_EDGE('',*,*,#3980,.T.);
#5548=ORIENTED_EDGE('',*,*,#3345,.F.);
#5549=ORIENTED_EDGE('',*,*,#3975,.F.);
#5550=ORIENTED_EDGE('',*,*,#3981,.T.);
#5551=ORIENTED_EDGE('',*,*,#3974,.T.);
#5552=ORIENTED_EDGE('',*,*,#3977,.T.);
#5553=ORIENTED_EDGE('',*,*,#3979,.T.);
#5554=ORIENTED_EDGE('',*,*,#3860,.T.);
#5555=ORIENTED_EDGE('',*,*,#3864,.T.);
#5556=ORIENTED_EDGE('',*,*,#3868,.T.);
#5557=ORIENTED_EDGE('',*,*,#3872,.T.);
#5558=ORIENTED_EDGE('',*,*,#3876,.T.);
#5559=ORIENTED_EDGE('',*,*,#3880,.T.);
#5560=ORIENTED_EDGE('',*,*,#3884,.T.);
#5561=ORIENTED_EDGE('',*,*,#3894,.T.);
#5562=ORIENTED_EDGE('',*,*,#3891,.T.);
#5563=ORIENTED_EDGE('',*,*,#3888,.T.);
#5564=ORIENTED_EDGE('',*,*,#3896,.T.);
#5565=ORIENTED_EDGE('',*,*,#3900,.T.);
#5566=ORIENTED_EDGE('',*,*,#3904,.T.);
#5567=ORIENTED_EDGE('',*,*,#3908,.T.);
#5568=ORIENTED_EDGE('',*,*,#3943,.T.);
#5569=ORIENTED_EDGE('',*,*,#3945,.T.);
#5570=ORIENTED_EDGE('',*,*,#3947,.T.);
#5571=ORIENTED_EDGE('',*,*,#3973,.F.);
#5572=ORIENTED_EDGE('',*,*,#3967,.F.);
#5573=ORIENTED_EDGE('',*,*,#3962,.F.);
#5574=ORIENTED_EDGE('',*,*,#3958,.F.);
#5575=ORIENTED_EDGE('',*,*,#3982,.F.);
#5576=ORIENTED_EDGE('',*,*,#3983,.T.);
#5577=ORIENTED_EDGE('',*,*,#3984,.F.);
#5578=ORIENTED_EDGE('',*,*,#3985,.T.);
#5579=ORIENTED_EDGE('',*,*,#3986,.F.);
#5580=ORIENTED_EDGE('',*,*,#3987,.F.);
#5581=ORIENTED_EDGE('',*,*,#3988,.F.);
#5582=ORIENTED_EDGE('',*,*,#3983,.F.);
#5583=ORIENTED_EDGE('',*,*,#3989,.F.);
#5584=ORIENTED_EDGE('',*,*,#3990,.T.);
#5585=ORIENTED_EDGE('',*,*,#3991,.F.);
#5586=ORIENTED_EDGE('',*,*,#3987,.T.);
#5587=ORIENTED_EDGE('',*,*,#3992,.F.);
#5588=ORIENTED_EDGE('',*,*,#3985,.F.);
#5589=ORIENTED_EDGE('',*,*,#3993,.F.);
#5590=ORIENTED_EDGE('',*,*,#3990,.F.);
#5591=ORIENTED_EDGE('',*,*,#3994,.T.);
#5592=ORIENTED_EDGE('',*,*,#3995,.T.);
#5593=ORIENTED_EDGE('',*,*,#3996,.F.);
#5594=ORIENTED_EDGE('',*,*,#3997,.F.);
#5595=ORIENTED_EDGE('',*,*,#3998,.F.);
#5596=ORIENTED_EDGE('',*,*,#3999,.F.);
#5597=ORIENTED_EDGE('',*,*,#4000,.F.);
#5598=ORIENTED_EDGE('',*,*,#4001,.F.);
#5599=ORIENTED_EDGE('',*,*,#3993,.T.);
#5600=ORIENTED_EDGE('',*,*,#3984,.T.);
#5601=ORIENTED_EDGE('',*,*,#3988,.T.);
#5602=ORIENTED_EDGE('',*,*,#3991,.T.);
#5603=ORIENTED_EDGE('',*,*,#4002,.T.);
#5604=ORIENTED_EDGE('',*,*,#3997,.T.);
#5605=ORIENTED_EDGE('',*,*,#4003,.F.);
#5606=ORIENTED_EDGE('',*,*,#4004,.F.);
#5607=ORIENTED_EDGE('',*,*,#4003,.T.);
#5608=ORIENTED_EDGE('',*,*,#4005,.F.);
#5609=ORIENTED_EDGE('',*,*,#3999,.T.);
#5610=ORIENTED_EDGE('',*,*,#4006,.T.);
#5611=ORIENTED_EDGE('',*,*,#4000,.T.);
#5612=ORIENTED_EDGE('',*,*,#4005,.T.);
#5613=ORIENTED_EDGE('',*,*,#3996,.T.);
#5614=ORIENTED_EDGE('',*,*,#4007,.F.);
#5615=ORIENTED_EDGE('',*,*,#4001,.T.);
#5616=ORIENTED_EDGE('',*,*,#4007,.T.);
#5617=ORIENTED_EDGE('',*,*,#4008,.T.);
#5618=ORIENTED_EDGE('',*,*,#4009,.F.);
#5619=ORIENTED_EDGE('',*,*,#3998,.T.);
#5620=ORIENTED_EDGE('',*,*,#4009,.T.);
#5621=ORIENTED_EDGE('',*,*,#4010,.T.);
#5622=ORIENTED_EDGE('',*,*,#4006,.F.);
#5623=ORIENTED_EDGE('',*,*,#4011,.T.);
#5624=ORIENTED_EDGE('',*,*,#4004,.T.);
#5625=ORIENTED_EDGE('',*,*,#4010,.F.);
#5626=ORIENTED_EDGE('',*,*,#4012,.F.);
#5627=ORIENTED_EDGE('',*,*,#4013,.T.);
#5628=ORIENTED_EDGE('',*,*,#4012,.T.);
#5629=ORIENTED_EDGE('',*,*,#4008,.F.);
#5630=ORIENTED_EDGE('',*,*,#3995,.F.);
#5631=ORIENTED_EDGE('',*,*,#4002,.F.);
#5632=ORIENTED_EDGE('',*,*,#4011,.F.);
#5633=ORIENTED_EDGE('',*,*,#4013,.F.);
#5634=ORIENTED_EDGE('',*,*,#3994,.F.);
#5635=ORIENTED_EDGE('',*,*,#3986,.T.);
#5636=ORIENTED_EDGE('',*,*,#3982,.T.);
#5637=ORIENTED_EDGE('',*,*,#3992,.T.);
#5638=ORIENTED_EDGE('',*,*,#3989,.T.);
#5639=ORIENTED_EDGE('',*,*,#4014,.F.);
#5640=ORIENTED_EDGE('',*,*,#4015,.T.);
#5641=ORIENTED_EDGE('',*,*,#4016,.F.);
#5642=ORIENTED_EDGE('',*,*,#4017,.T.);
#5643=ORIENTED_EDGE('',*,*,#4018,.F.);
#5644=ORIENTED_EDGE('',*,*,#4019,.F.);
#5645=ORIENTED_EDGE('',*,*,#4020,.F.);
#5646=ORIENTED_EDGE('',*,*,#4015,.F.);
#5647=ORIENTED_EDGE('',*,*,#4021,.F.);
#5648=ORIENTED_EDGE('',*,*,#4022,.T.);
#5649=ORIENTED_EDGE('',*,*,#4023,.F.);
#5650=ORIENTED_EDGE('',*,*,#4019,.T.);
#5651=ORIENTED_EDGE('',*,*,#4024,.F.);
#5652=ORIENTED_EDGE('',*,*,#4017,.F.);
#5653=ORIENTED_EDGE('',*,*,#4025,.F.);
#5654=ORIENTED_EDGE('',*,*,#4022,.F.);
#5655=ORIENTED_EDGE('',*,*,#4026,.T.);
#5656=ORIENTED_EDGE('',*,*,#4027,.T.);
#5657=ORIENTED_EDGE('',*,*,#4028,.F.);
#5658=ORIENTED_EDGE('',*,*,#4029,.F.);
#5659=ORIENTED_EDGE('',*,*,#4030,.F.);
#5660=ORIENTED_EDGE('',*,*,#4031,.T.);
#5661=ORIENTED_EDGE('',*,*,#4032,.F.);
#5662=ORIENTED_EDGE('',*,*,#4028,.T.);
#5663=ORIENTED_EDGE('',*,*,#4033,.T.);
#5664=ORIENTED_EDGE('',*,*,#4034,.T.);
#5665=ORIENTED_EDGE('',*,*,#4035,.F.);
#5666=ORIENTED_EDGE('',*,*,#4036,.F.);
#5667=ORIENTED_EDGE('',*,*,#4037,.F.);
#5668=ORIENTED_EDGE('',*,*,#4033,.F.);
#5669=ORIENTED_EDGE('',*,*,#4038,.F.);
#5670=ORIENTED_EDGE('',*,*,#4026,.F.);
#5671=ORIENTED_EDGE('',*,*,#4018,.T.);
#5672=ORIENTED_EDGE('',*,*,#4014,.T.);
#5673=ORIENTED_EDGE('',*,*,#4024,.T.);
#5674=ORIENTED_EDGE('',*,*,#4021,.T.);
#5675=ORIENTED_EDGE('',*,*,#4039,.F.);
#5676=ORIENTED_EDGE('',*,*,#4027,.F.);
#5677=ORIENTED_EDGE('',*,*,#4038,.T.);
#5678=ORIENTED_EDGE('',*,*,#4036,.T.);
#5679=ORIENTED_EDGE('',*,*,#4040,.F.);
#5680=ORIENTED_EDGE('',*,*,#4034,.F.);
#5681=ORIENTED_EDGE('',*,*,#4037,.T.);
#5682=ORIENTED_EDGE('',*,*,#4029,.T.);
#5683=ORIENTED_EDGE('',*,*,#4041,.T.);
#5684=ORIENTED_EDGE('',*,*,#4040,.T.);
#5685=ORIENTED_EDGE('',*,*,#4032,.T.);
#5686=ORIENTED_EDGE('',*,*,#4042,.T.);
#5687=ORIENTED_EDGE('',*,*,#4043,.F.);
#5688=ORIENTED_EDGE('',*,*,#4035,.T.);
#5689=ORIENTED_EDGE('',*,*,#4041,.F.);
#5690=ORIENTED_EDGE('',*,*,#4044,.T.);
#5691=ORIENTED_EDGE('',*,*,#4045,.F.);
#5692=ORIENTED_EDGE('',*,*,#4044,.F.);
#5693=ORIENTED_EDGE('',*,*,#4042,.F.);
#5694=ORIENTED_EDGE('',*,*,#4031,.F.);
#5695=ORIENTED_EDGE('',*,*,#4025,.T.);
#5696=ORIENTED_EDGE('',*,*,#4016,.T.);
#5697=ORIENTED_EDGE('',*,*,#4020,.T.);
#5698=ORIENTED_EDGE('',*,*,#4023,.T.);
#5699=ORIENTED_EDGE('',*,*,#4043,.T.);
#5700=ORIENTED_EDGE('',*,*,#4045,.T.);
#5701=ORIENTED_EDGE('',*,*,#4030,.T.);
#5702=ORIENTED_EDGE('',*,*,#4039,.T.);
#5703=ORIENTED_EDGE('',*,*,#4046,.F.);
#5704=ORIENTED_EDGE('',*,*,#4047,.T.);
#5705=ORIENTED_EDGE('',*,*,#4048,.F.);
#5706=ORIENTED_EDGE('',*,*,#4049,.T.);
#5707=ORIENTED_EDGE('',*,*,#4050,.F.);
#5708=ORIENTED_EDGE('',*,*,#4051,.F.);
#5709=ORIENTED_EDGE('',*,*,#4052,.F.);
#5710=ORIENTED_EDGE('',*,*,#4047,.F.);
#5711=ORIENTED_EDGE('',*,*,#4053,.F.);
#5712=ORIENTED_EDGE('',*,*,#4054,.T.);
#5713=ORIENTED_EDGE('',*,*,#4055,.F.);
#5714=ORIENTED_EDGE('',*,*,#4051,.T.);
#5715=ORIENTED_EDGE('',*,*,#4056,.F.);
#5716=ORIENTED_EDGE('',*,*,#4049,.F.);
#5717=ORIENTED_EDGE('',*,*,#4057,.F.);
#5718=ORIENTED_EDGE('',*,*,#4054,.F.);
#5719=ORIENTED_EDGE('',*,*,#4058,.T.);
#5720=ORIENTED_EDGE('',*,*,#4059,.T.);
#5721=ORIENTED_EDGE('',*,*,#4060,.F.);
#5722=ORIENTED_EDGE('',*,*,#4061,.F.);
#5723=ORIENTED_EDGE('',*,*,#4062,.F.);
#5724=ORIENTED_EDGE('',*,*,#4063,.F.);
#5725=ORIENTED_EDGE('',*,*,#4064,.F.);
#5726=ORIENTED_EDGE('',*,*,#4065,.F.);
#5727=ORIENTED_EDGE('',*,*,#4057,.T.);
#5728=ORIENTED_EDGE('',*,*,#4048,.T.);
#5729=ORIENTED_EDGE('',*,*,#4052,.T.);
#5730=ORIENTED_EDGE('',*,*,#4055,.T.);
#5731=ORIENTED_EDGE('',*,*,#4066,.T.);
#5732=ORIENTED_EDGE('',*,*,#4061,.T.);
#5733=ORIENTED_EDGE('',*,*,#4067,.F.);
#5734=ORIENTED_EDGE('',*,*,#4068,.F.);
#5735=ORIENTED_EDGE('',*,*,#4067,.T.);
#5736=ORIENTED_EDGE('',*,*,#4069,.F.);
#5737=ORIENTED_EDGE('',*,*,#4063,.T.);
#5738=ORIENTED_EDGE('',*,*,#4070,.T.);
#5739=ORIENTED_EDGE('',*,*,#4064,.T.);
#5740=ORIENTED_EDGE('',*,*,#4069,.T.);
#5741=ORIENTED_EDGE('',*,*,#4060,.T.);
#5742=ORIENTED_EDGE('',*,*,#4071,.F.);
#5743=ORIENTED_EDGE('',*,*,#4065,.T.);
#5744=ORIENTED_EDGE('',*,*,#4071,.T.);
#5745=ORIENTED_EDGE('',*,*,#4072,.T.);
#5746=ORIENTED_EDGE('',*,*,#4073,.F.);
#5747=ORIENTED_EDGE('',*,*,#4062,.T.);
#5748=ORIENTED_EDGE('',*,*,#4073,.T.);
#5749=ORIENTED_EDGE('',*,*,#4074,.T.);
#5750=ORIENTED_EDGE('',*,*,#4070,.F.);
#5751=ORIENTED_EDGE('',*,*,#4075,.T.);
#5752=ORIENTED_EDGE('',*,*,#4068,.T.);
#5753=ORIENTED_EDGE('',*,*,#4074,.F.);
#5754=ORIENTED_EDGE('',*,*,#4076,.F.);
#5755=ORIENTED_EDGE('',*,*,#4077,.T.);
#5756=ORIENTED_EDGE('',*,*,#4076,.T.);
#5757=ORIENTED_EDGE('',*,*,#4072,.F.);
#5758=ORIENTED_EDGE('',*,*,#4059,.F.);
#5759=ORIENTED_EDGE('',*,*,#4066,.F.);
#5760=ORIENTED_EDGE('',*,*,#4075,.F.);
#5761=ORIENTED_EDGE('',*,*,#4077,.F.);
#5762=ORIENTED_EDGE('',*,*,#4058,.F.);
#5763=ORIENTED_EDGE('',*,*,#4050,.T.);
#5764=ORIENTED_EDGE('',*,*,#4046,.T.);
#5765=ORIENTED_EDGE('',*,*,#4056,.T.);
#5766=ORIENTED_EDGE('',*,*,#4053,.T.);
#5767=ORIENTED_EDGE('',*,*,#4078,.T.);
#5768=ORIENTED_EDGE('',*,*,#4079,.F.);
#5769=ORIENTED_EDGE('',*,*,#4078,.F.);
#5770=ORIENTED_EDGE('',*,*,#4080,.T.);
#5771=ORIENTED_EDGE('',*,*,#4081,.T.);
#5772=ORIENTED_EDGE('',*,*,#4080,.F.);
#5773=ORIENTED_EDGE('',*,*,#4081,.F.);
#5774=ORIENTED_EDGE('',*,*,#4082,.F.);
#5775=ORIENTED_EDGE('',*,*,#4083,.T.);
#5776=ORIENTED_EDGE('',*,*,#4079,.T.);
#5777=ORIENTED_EDGE('',*,*,#4083,.F.);
#5778=ORIENTED_EDGE('',*,*,#4084,.F.);
#5779=ORIENTED_EDGE('',*,*,#4082,.T.);
#5780=ORIENTED_EDGE('',*,*,#4085,.T.);
#5781=ORIENTED_EDGE('',*,*,#4085,.F.);
#5782=ORIENTED_EDGE('',*,*,#4084,.T.);
#5783=ORIENTED_EDGE('',*,*,#4086,.T.);
#5784=ORIENTED_EDGE('',*,*,#4087,.T.);
#5785=ORIENTED_EDGE('',*,*,#4088,.T.);
#5786=ORIENTED_EDGE('',*,*,#4089,.T.);
#5787=ORIENTED_EDGE('',*,*,#4087,.F.);
#5788=ORIENTED_EDGE('',*,*,#4090,.F.);
#5789=ORIENTED_EDGE('',*,*,#4091,.T.);
#5790=ORIENTED_EDGE('',*,*,#4088,.F.);
#5791=ORIENTED_EDGE('',*,*,#4089,.F.);
#5792=ORIENTED_EDGE('',*,*,#4091,.F.);
#5793=ORIENTED_EDGE('',*,*,#4086,.F.);
#5794=ORIENTED_EDGE('',*,*,#4090,.T.);
#5795=ORIENTED_EDGE('',*,*,#4092,.F.);
#5796=ORIENTED_EDGE('',*,*,#4093,.F.);
#5797=ORIENTED_EDGE('',*,*,#4094,.F.);
#5798=ORIENTED_EDGE('',*,*,#4095,.F.);
#5799=ORIENTED_EDGE('',*,*,#4094,.T.);
#5800=ORIENTED_EDGE('',*,*,#4096,.T.);
#5801=ORIENTED_EDGE('',*,*,#4097,.F.);
#5802=ORIENTED_EDGE('',*,*,#4098,.F.);
#5803=ORIENTED_EDGE('',*,*,#4099,.F.);
#5804=ORIENTED_EDGE('',*,*,#4100,.T.);
#5805=ORIENTED_EDGE('',*,*,#4101,.F.);
#5806=ORIENTED_EDGE('',*,*,#4102,.T.);
#5807=ORIENTED_EDGE('',*,*,#4093,.T.);
#5808=ORIENTED_EDGE('',*,*,#4103,.F.);
#5809=ORIENTED_EDGE('',*,*,#4104,.F.);
#5810=ORIENTED_EDGE('',*,*,#4096,.F.);
#5811=ORIENTED_EDGE('',*,*,#4105,.T.);
#5812=ORIENTED_EDGE('',*,*,#4106,.T.);
#5813=ORIENTED_EDGE('',*,*,#4107,.T.);
#5814=ORIENTED_EDGE('',*,*,#4108,.T.);
#5815=ORIENTED_EDGE('',*,*,#4109,.T.);
#5816=ORIENTED_EDGE('',*,*,#4106,.F.);
#5817=ORIENTED_EDGE('',*,*,#4110,.T.);
#5818=ORIENTED_EDGE('',*,*,#4111,.F.);
#5819=ORIENTED_EDGE('',*,*,#4112,.T.);
#5820=ORIENTED_EDGE('',*,*,#4108,.F.);
#5821=ORIENTED_EDGE('',*,*,#4099,.T.);
#5822=ORIENTED_EDGE('',*,*,#4113,.T.);
#5823=ORIENTED_EDGE('',*,*,#4114,.T.);
#5824=ORIENTED_EDGE('',*,*,#4113,.F.);
#5825=ORIENTED_EDGE('',*,*,#4115,.T.);
#5826=ORIENTED_EDGE('',*,*,#4111,.T.);
#5827=ORIENTED_EDGE('',*,*,#4107,.F.);
#5828=ORIENTED_EDGE('',*,*,#4116,.T.);
#5829=ORIENTED_EDGE('',*,*,#4117,.F.);
#5830=ORIENTED_EDGE('',*,*,#4100,.F.);
#5831=ORIENTED_EDGE('',*,*,#4105,.F.);
#5832=ORIENTED_EDGE('',*,*,#4112,.F.);
#5833=ORIENTED_EDGE('',*,*,#4114,.F.);
#5834=ORIENTED_EDGE('',*,*,#4110,.F.);
#5835=ORIENTED_EDGE('',*,*,#4101,.T.);
#5836=ORIENTED_EDGE('',*,*,#4117,.T.);
#5837=ORIENTED_EDGE('',*,*,#4118,.T.);
#5838=ORIENTED_EDGE('',*,*,#4119,.T.);
#5839=ORIENTED_EDGE('',*,*,#4120,.T.);
#5840=ORIENTED_EDGE('',*,*,#4121,.T.);
#5841=ORIENTED_EDGE('',*,*,#4097,.T.);
#5842=ORIENTED_EDGE('',*,*,#4104,.T.);
#5843=ORIENTED_EDGE('',*,*,#4115,.F.);
#5844=ORIENTED_EDGE('',*,*,#4098,.T.);
#5845=ORIENTED_EDGE('',*,*,#4121,.F.);
#5846=ORIENTED_EDGE('',*,*,#4122,.T.);
#5847=ORIENTED_EDGE('',*,*,#4092,.T.);
#5848=ORIENTED_EDGE('',*,*,#4123,.T.);
#5849=ORIENTED_EDGE('',*,*,#4118,.F.);
#5850=ORIENTED_EDGE('',*,*,#4116,.F.);
#5851=ORIENTED_EDGE('',*,*,#4109,.F.);
#5852=ORIENTED_EDGE('',*,*,#4122,.F.);
#5853=ORIENTED_EDGE('',*,*,#4120,.F.);
#5854=ORIENTED_EDGE('',*,*,#4103,.T.);
#5855=ORIENTED_EDGE('',*,*,#4095,.T.);
#5856=ORIENTED_EDGE('',*,*,#4102,.F.);
#5857=ORIENTED_EDGE('',*,*,#4119,.F.);
#5858=ORIENTED_EDGE('',*,*,#4123,.F.);
#5859=ORIENTED_EDGE('',*,*,#4124,.T.);
#5860=ORIENTED_EDGE('',*,*,#4125,.T.);
#5861=ORIENTED_EDGE('',*,*,#4126,.T.);
#5862=ORIENTED_EDGE('',*,*,#4127,.T.);
#5863=ORIENTED_EDGE('',*,*,#4125,.F.);
#5864=ORIENTED_EDGE('',*,*,#4128,.F.);
#5865=ORIENTED_EDGE('',*,*,#4129,.T.);
#5866=ORIENTED_EDGE('',*,*,#4126,.F.);
#5867=ORIENTED_EDGE('',*,*,#4127,.F.);
#5868=ORIENTED_EDGE('',*,*,#4129,.F.);
#5869=ORIENTED_EDGE('',*,*,#4124,.F.);
#5870=ORIENTED_EDGE('',*,*,#4128,.T.);
#5871=ORIENTED_EDGE('',*,*,#4130,.F.);
#5872=ORIENTED_EDGE('',*,*,#4131,.F.);
#5873=ORIENTED_EDGE('',*,*,#4132,.F.);
#5874=ORIENTED_EDGE('',*,*,#4133,.F.);
#5875=ORIENTED_EDGE('',*,*,#4132,.T.);
#5876=ORIENTED_EDGE('',*,*,#4134,.T.);
#5877=ORIENTED_EDGE('',*,*,#4135,.F.);
#5878=ORIENTED_EDGE('',*,*,#4136,.F.);
#5879=ORIENTED_EDGE('',*,*,#4137,.F.);
#5880=ORIENTED_EDGE('',*,*,#4138,.T.);
#5881=ORIENTED_EDGE('',*,*,#4139,.F.);
#5882=ORIENTED_EDGE('',*,*,#4140,.T.);
#5883=ORIENTED_EDGE('',*,*,#4131,.T.);
#5884=ORIENTED_EDGE('',*,*,#4141,.F.);
#5885=ORIENTED_EDGE('',*,*,#4142,.F.);
#5886=ORIENTED_EDGE('',*,*,#4134,.F.);
#5887=ORIENTED_EDGE('',*,*,#4143,.T.);
#5888=ORIENTED_EDGE('',*,*,#4144,.T.);
#5889=ORIENTED_EDGE('',*,*,#4145,.T.);
#5890=ORIENTED_EDGE('',*,*,#4146,.T.);
#5891=ORIENTED_EDGE('',*,*,#4147,.T.);
#5892=ORIENTED_EDGE('',*,*,#4144,.F.);
#5893=ORIENTED_EDGE('',*,*,#4148,.T.);
#5894=ORIENTED_EDGE('',*,*,#4149,.F.);
#5895=ORIENTED_EDGE('',*,*,#4150,.T.);
#5896=ORIENTED_EDGE('',*,*,#4146,.F.);
#5897=ORIENTED_EDGE('',*,*,#4137,.T.);
#5898=ORIENTED_EDGE('',*,*,#4151,.T.);
#5899=ORIENTED_EDGE('',*,*,#4152,.T.);
#5900=ORIENTED_EDGE('',*,*,#4151,.F.);
#5901=ORIENTED_EDGE('',*,*,#4153,.T.);
#5902=ORIENTED_EDGE('',*,*,#4149,.T.);
#5903=ORIENTED_EDGE('',*,*,#4145,.F.);
#5904=ORIENTED_EDGE('',*,*,#4154,.T.);
#5905=ORIENTED_EDGE('',*,*,#4155,.F.);
#5906=ORIENTED_EDGE('',*,*,#4138,.F.);
#5907=ORIENTED_EDGE('',*,*,#4143,.F.);
#5908=ORIENTED_EDGE('',*,*,#4150,.F.);
#5909=ORIENTED_EDGE('',*,*,#4152,.F.);
#5910=ORIENTED_EDGE('',*,*,#4148,.F.);
#5911=ORIENTED_EDGE('',*,*,#4139,.T.);
#5912=ORIENTED_EDGE('',*,*,#4155,.T.);
#5913=ORIENTED_EDGE('',*,*,#4156,.T.);
#5914=ORIENTED_EDGE('',*,*,#4157,.T.);
#5915=ORIENTED_EDGE('',*,*,#4158,.T.);
#5916=ORIENTED_EDGE('',*,*,#4159,.T.);
#5917=ORIENTED_EDGE('',*,*,#4135,.T.);
#5918=ORIENTED_EDGE('',*,*,#4142,.T.);
#5919=ORIENTED_EDGE('',*,*,#4153,.F.);
#5920=ORIENTED_EDGE('',*,*,#4136,.T.);
#5921=ORIENTED_EDGE('',*,*,#4159,.F.);
#5922=ORIENTED_EDGE('',*,*,#4160,.T.);
#5923=ORIENTED_EDGE('',*,*,#4130,.T.);
#5924=ORIENTED_EDGE('',*,*,#4161,.T.);
#5925=ORIENTED_EDGE('',*,*,#4156,.F.);
#5926=ORIENTED_EDGE('',*,*,#4154,.F.);
#5927=ORIENTED_EDGE('',*,*,#4147,.F.);
#5928=ORIENTED_EDGE('',*,*,#4160,.F.);
#5929=ORIENTED_EDGE('',*,*,#4158,.F.);
#5930=ORIENTED_EDGE('',*,*,#4141,.T.);
#5931=ORIENTED_EDGE('',*,*,#4133,.T.);
#5932=ORIENTED_EDGE('',*,*,#4140,.F.);
#5933=ORIENTED_EDGE('',*,*,#4157,.F.);
#5934=ORIENTED_EDGE('',*,*,#4161,.F.);
#5935=ORIENTED_EDGE('',*,*,#4162,.T.);
#5936=ORIENTED_EDGE('',*,*,#4163,.T.);
#5937=ORIENTED_EDGE('',*,*,#4164,.T.);
#5938=ORIENTED_EDGE('',*,*,#4165,.T.);
#5939=ORIENTED_EDGE('',*,*,#4163,.F.);
#5940=ORIENTED_EDGE('',*,*,#4166,.F.);
#5941=ORIENTED_EDGE('',*,*,#4167,.T.);
#5942=ORIENTED_EDGE('',*,*,#4164,.F.);
#5943=ORIENTED_EDGE('',*,*,#4165,.F.);
#5944=ORIENTED_EDGE('',*,*,#4167,.F.);
#5945=ORIENTED_EDGE('',*,*,#4162,.F.);
#5946=ORIENTED_EDGE('',*,*,#4166,.T.);
#5947=ORIENTED_EDGE('',*,*,#4168,.F.);
#5948=ORIENTED_EDGE('',*,*,#4169,.F.);
#5949=ORIENTED_EDGE('',*,*,#4170,.F.);
#5950=ORIENTED_EDGE('',*,*,#4171,.F.);
#5951=ORIENTED_EDGE('',*,*,#4170,.T.);
#5952=ORIENTED_EDGE('',*,*,#4172,.T.);
#5953=ORIENTED_EDGE('',*,*,#4173,.F.);
#5954=ORIENTED_EDGE('',*,*,#4174,.F.);
#5955=ORIENTED_EDGE('',*,*,#4175,.F.);
#5956=ORIENTED_EDGE('',*,*,#4176,.T.);
#5957=ORIENTED_EDGE('',*,*,#4177,.F.);
#5958=ORIENTED_EDGE('',*,*,#4178,.T.);
#5959=ORIENTED_EDGE('',*,*,#4169,.T.);
#5960=ORIENTED_EDGE('',*,*,#4179,.F.);
#5961=ORIENTED_EDGE('',*,*,#4180,.F.);
#5962=ORIENTED_EDGE('',*,*,#4172,.F.);
#5963=ORIENTED_EDGE('',*,*,#4181,.T.);
#5964=ORIENTED_EDGE('',*,*,#4182,.T.);
#5965=ORIENTED_EDGE('',*,*,#4183,.T.);
#5966=ORIENTED_EDGE('',*,*,#4184,.T.);
#5967=ORIENTED_EDGE('',*,*,#4185,.T.);
#5968=ORIENTED_EDGE('',*,*,#4182,.F.);
#5969=ORIENTED_EDGE('',*,*,#4186,.T.);
#5970=ORIENTED_EDGE('',*,*,#4187,.F.);
#5971=ORIENTED_EDGE('',*,*,#4188,.T.);
#5972=ORIENTED_EDGE('',*,*,#4184,.F.);
#5973=ORIENTED_EDGE('',*,*,#4175,.T.);
#5974=ORIENTED_EDGE('',*,*,#4189,.T.);
#5975=ORIENTED_EDGE('',*,*,#4190,.T.);
#5976=ORIENTED_EDGE('',*,*,#4189,.F.);
#5977=ORIENTED_EDGE('',*,*,#4191,.T.);
#5978=ORIENTED_EDGE('',*,*,#4187,.T.);
#5979=ORIENTED_EDGE('',*,*,#4183,.F.);
#5980=ORIENTED_EDGE('',*,*,#4192,.T.);
#5981=ORIENTED_EDGE('',*,*,#4193,.F.);
#5982=ORIENTED_EDGE('',*,*,#4176,.F.);
#5983=ORIENTED_EDGE('',*,*,#4181,.F.);
#5984=ORIENTED_EDGE('',*,*,#4188,.F.);
#5985=ORIENTED_EDGE('',*,*,#4190,.F.);
#5986=ORIENTED_EDGE('',*,*,#4186,.F.);
#5987=ORIENTED_EDGE('',*,*,#4177,.T.);
#5988=ORIENTED_EDGE('',*,*,#4193,.T.);
#5989=ORIENTED_EDGE('',*,*,#4194,.T.);
#5990=ORIENTED_EDGE('',*,*,#4195,.T.);
#5991=ORIENTED_EDGE('',*,*,#4196,.T.);
#5992=ORIENTED_EDGE('',*,*,#4197,.T.);
#5993=ORIENTED_EDGE('',*,*,#4173,.T.);
#5994=ORIENTED_EDGE('',*,*,#4180,.T.);
#5995=ORIENTED_EDGE('',*,*,#4191,.F.);
#5996=ORIENTED_EDGE('',*,*,#4174,.T.);
#5997=ORIENTED_EDGE('',*,*,#4197,.F.);
#5998=ORIENTED_EDGE('',*,*,#4198,.T.);
#5999=ORIENTED_EDGE('',*,*,#4168,.T.);
#6000=ORIENTED_EDGE('',*,*,#4199,.T.);
#6001=ORIENTED_EDGE('',*,*,#4194,.F.);
#6002=ORIENTED_EDGE('',*,*,#4192,.F.);
#6003=ORIENTED_EDGE('',*,*,#4185,.F.);
#6004=ORIENTED_EDGE('',*,*,#4198,.F.);
#6005=ORIENTED_EDGE('',*,*,#4196,.F.);
#6006=ORIENTED_EDGE('',*,*,#4179,.T.);
#6007=ORIENTED_EDGE('',*,*,#4171,.T.);
#6008=ORIENTED_EDGE('',*,*,#4178,.F.);
#6009=ORIENTED_EDGE('',*,*,#4195,.F.);
#6010=ORIENTED_EDGE('',*,*,#4199,.F.);
#6011=ORIENTED_EDGE('',*,*,#4200,.T.);
#6012=ORIENTED_EDGE('',*,*,#4201,.F.);
#6013=ORIENTED_EDGE('',*,*,#4202,.T.);
#6014=ORIENTED_EDGE('',*,*,#4203,.F.);
#6015=ORIENTED_EDGE('',*,*,#4200,.F.);
#6016=ORIENTED_EDGE('',*,*,#4204,.T.);
#6017=ORIENTED_EDGE('',*,*,#4205,.T.);
#6018=ORIENTED_EDGE('',*,*,#4206,.F.);
#6019=ORIENTED_EDGE('',*,*,#4207,.F.);
#6020=ORIENTED_EDGE('',*,*,#4208,.F.);
#6021=ORIENTED_EDGE('',*,*,#4209,.T.);
#6022=ORIENTED_EDGE('',*,*,#4210,.T.);
#6023=ORIENTED_EDGE('',*,*,#4211,.F.);
#6024=ORIENTED_EDGE('',*,*,#4212,.F.);
#6025=ORIENTED_EDGE('',*,*,#4207,.T.);
#6026=ORIENTED_EDGE('',*,*,#4213,.F.);
#6027=ORIENTED_EDGE('',*,*,#4214,.F.);
#6028=ORIENTED_EDGE('',*,*,#4215,.F.);
#6029=ORIENTED_EDGE('',*,*,#4214,.T.);
#6030=ORIENTED_EDGE('',*,*,#4216,.F.);
#6031=ORIENTED_EDGE('',*,*,#4202,.F.);
#6032=ORIENTED_EDGE('',*,*,#4206,.T.);
#6033=ORIENTED_EDGE('',*,*,#4217,.F.);
#6034=ORIENTED_EDGE('',*,*,#4208,.T.);
#6035=ORIENTED_EDGE('',*,*,#4212,.T.);
#6036=ORIENTED_EDGE('',*,*,#4215,.T.);
#6037=ORIENTED_EDGE('',*,*,#4201,.T.);
#6038=ORIENTED_EDGE('',*,*,#4203,.T.);
#6039=ORIENTED_EDGE('',*,*,#4216,.T.);
#6040=ORIENTED_EDGE('',*,*,#4213,.T.);
#6041=ORIENTED_EDGE('',*,*,#4211,.T.);
#6042=ORIENTED_EDGE('',*,*,#4218,.T.);
#6043=ORIENTED_EDGE('',*,*,#4204,.F.);
#6044=ORIENTED_EDGE('',*,*,#4219,.T.);
#6045=ORIENTED_EDGE('',*,*,#4220,.T.);
#6046=ORIENTED_EDGE('',*,*,#4221,.T.);
#6047=ORIENTED_EDGE('',*,*,#4222,.T.);
#6048=ORIENTED_EDGE('',*,*,#4220,.F.);
#6049=ORIENTED_EDGE('',*,*,#4223,.F.);
#6050=ORIENTED_EDGE('',*,*,#4224,.T.);
#6051=ORIENTED_EDGE('',*,*,#4221,.F.);
#6052=ORIENTED_EDGE('',*,*,#4222,.F.);
#6053=ORIENTED_EDGE('',*,*,#4224,.F.);
#6054=ORIENTED_EDGE('',*,*,#4225,.F.);
#6055=ORIENTED_EDGE('',*,*,#4226,.T.);
#6056=ORIENTED_EDGE('',*,*,#4227,.T.);
#6057=ORIENTED_EDGE('',*,*,#4228,.T.);
#6058=ORIENTED_EDGE('',*,*,#4229,.F.);
#6059=ORIENTED_EDGE('',*,*,#4230,.F.);
#6060=ORIENTED_EDGE('',*,*,#4228,.F.);
#6061=ORIENTED_EDGE('',*,*,#4219,.F.);
#6062=ORIENTED_EDGE('',*,*,#4231,.T.);
#6063=ORIENTED_EDGE('',*,*,#4226,.F.);
#6064=ORIENTED_EDGE('',*,*,#4227,.F.);
#6065=ORIENTED_EDGE('',*,*,#4231,.F.);
#6066=ORIENTED_EDGE('',*,*,#4232,.T.);
#6067=ORIENTED_EDGE('',*,*,#4233,.T.);
#6068=ORIENTED_EDGE('',*,*,#4229,.T.);
#6069=ORIENTED_EDGE('',*,*,#4230,.T.);
#6070=ORIENTED_EDGE('',*,*,#4233,.F.);
#6071=ORIENTED_EDGE('',*,*,#4232,.F.);
#6072=ORIENTED_EDGE('',*,*,#4209,.F.);
#6073=ORIENTED_EDGE('',*,*,#4217,.T.);
#6074=ORIENTED_EDGE('',*,*,#4205,.F.);
#6075=ORIENTED_EDGE('',*,*,#4218,.F.);
#6076=ORIENTED_EDGE('',*,*,#4210,.F.);
#6077=ORIENTED_EDGE('',*,*,#4234,.T.);
#6078=ORIENTED_EDGE('',*,*,#4235,.T.);
#6079=ORIENTED_EDGE('',*,*,#4236,.T.);
#6080=ORIENTED_EDGE('',*,*,#4234,.F.);
#6081=ORIENTED_EDGE('',*,*,#4235,.F.);
#6082=ORIENTED_EDGE('',*,*,#4236,.F.);
#6083=ORIENTED_EDGE('',*,*,#4237,.T.);
#6084=ORIENTED_EDGE('',*,*,#4225,.T.);
#6085=ORIENTED_EDGE('',*,*,#4223,.T.);
#6086=ORIENTED_EDGE('',*,*,#4237,.F.);
#6087=ORIENTED_EDGE('',*,*,#4238,.F.);
#6088=ORIENTED_EDGE('',*,*,#4239,.T.);
#6089=ORIENTED_EDGE('',*,*,#4240,.T.);
#6090=ORIENTED_EDGE('',*,*,#4241,.T.);
#6091=ORIENTED_EDGE('',*,*,#4242,.F.);
#6092=ORIENTED_EDGE('',*,*,#4243,.T.);
#6093=ORIENTED_EDGE('',*,*,#4244,.T.);
#6094=ORIENTED_EDGE('',*,*,#4245,.T.);
#6095=ORIENTED_EDGE('',*,*,#4246,.T.);
#6096=ORIENTED_EDGE('',*,*,#4239,.F.);
#6097=ORIENTED_EDGE('',*,*,#4247,.T.);
#6098=ORIENTED_EDGE('',*,*,#4248,.F.);
#6099=ORIENTED_EDGE('',*,*,#4249,.T.);
#6100=ORIENTED_EDGE('',*,*,#4245,.F.);
#6101=ORIENTED_EDGE('',*,*,#4250,.F.);
#6102=ORIENTED_EDGE('',*,*,#4251,.F.);
#6103=ORIENTED_EDGE('',*,*,#4243,.F.);
#6104=ORIENTED_EDGE('',*,*,#4238,.T.);
#6105=ORIENTED_EDGE('',*,*,#4244,.F.);
#6106=ORIENTED_EDGE('',*,*,#4251,.T.);
#6107=ORIENTED_EDGE('',*,*,#4252,.F.);
#6108=ORIENTED_EDGE('',*,*,#4247,.F.);
#6109=ORIENTED_EDGE('',*,*,#4242,.T.);
#6110=ORIENTED_EDGE('',*,*,#4253,.F.);
#6111=ORIENTED_EDGE('',*,*,#4248,.T.);
#6112=ORIENTED_EDGE('',*,*,#4252,.T.);
#6113=ORIENTED_EDGE('',*,*,#4250,.T.);
#6114=ORIENTED_EDGE('',*,*,#4254,.T.);
#6115=ORIENTED_EDGE('',*,*,#4255,.T.);
#6116=ORIENTED_EDGE('',*,*,#4256,.T.);
#6117=ORIENTED_EDGE('',*,*,#4257,.T.);
#6118=ORIENTED_EDGE('',*,*,#4255,.F.);
#6119=ORIENTED_EDGE('',*,*,#4258,.F.);
#6120=ORIENTED_EDGE('',*,*,#4259,.T.);
#6121=ORIENTED_EDGE('',*,*,#4256,.F.);
#6122=ORIENTED_EDGE('',*,*,#4257,.F.);
#6123=ORIENTED_EDGE('',*,*,#4259,.F.);
#6124=ORIENTED_EDGE('',*,*,#4260,.F.);
#6125=ORIENTED_EDGE('',*,*,#4261,.T.);
#6126=ORIENTED_EDGE('',*,*,#4262,.T.);
#6127=ORIENTED_EDGE('',*,*,#4263,.T.);
#6128=ORIENTED_EDGE('',*,*,#4264,.F.);
#6129=ORIENTED_EDGE('',*,*,#4265,.F.);
#6130=ORIENTED_EDGE('',*,*,#4263,.F.);
#6131=ORIENTED_EDGE('',*,*,#4254,.F.);
#6132=ORIENTED_EDGE('',*,*,#4266,.T.);
#6133=ORIENTED_EDGE('',*,*,#4261,.F.);
#6134=ORIENTED_EDGE('',*,*,#4262,.F.);
#6135=ORIENTED_EDGE('',*,*,#4266,.F.);
#6136=ORIENTED_EDGE('',*,*,#4267,.T.);
#6137=ORIENTED_EDGE('',*,*,#4268,.T.);
#6138=ORIENTED_EDGE('',*,*,#4264,.T.);
#6139=ORIENTED_EDGE('',*,*,#4265,.T.);
#6140=ORIENTED_EDGE('',*,*,#4268,.F.);
#6141=ORIENTED_EDGE('',*,*,#4267,.F.);
#6142=ORIENTED_EDGE('',*,*,#4240,.F.);
#6143=ORIENTED_EDGE('',*,*,#4246,.F.);
#6144=ORIENTED_EDGE('',*,*,#4249,.F.);
#6145=ORIENTED_EDGE('',*,*,#4253,.T.);
#6146=ORIENTED_EDGE('',*,*,#4241,.F.);
#6147=ORIENTED_EDGE('',*,*,#4269,.T.);
#6148=ORIENTED_EDGE('',*,*,#4270,.T.);
#6149=ORIENTED_EDGE('',*,*,#4271,.T.);
#6150=ORIENTED_EDGE('',*,*,#4269,.F.);
#6151=ORIENTED_EDGE('',*,*,#4270,.F.);
#6152=ORIENTED_EDGE('',*,*,#4271,.F.);
#6153=ORIENTED_EDGE('',*,*,#4272,.T.);
#6154=ORIENTED_EDGE('',*,*,#4260,.T.);
#6155=ORIENTED_EDGE('',*,*,#4258,.T.);
#6156=ORIENTED_EDGE('',*,*,#4272,.F.);
#6157=PLANE('',#6774);
#6158=PLANE('',#6778);
#6159=PLANE('',#6782);
#6160=PLANE('',#6783);
#6161=PLANE('',#6808);
#6162=PLANE('',#6809);
#6163=PLANE('',#6810);
#6164=PLANE('',#6811);
#6165=PLANE('',#6812);
#6166=PLANE('',#6813);
#6167=PLANE('',#6814);
#6168=PLANE('',#6815);
#6169=PLANE('',#6816);
#6170=PLANE('',#6817);
#6171=PLANE('',#6818);
#6172=PLANE('',#6819);
#6173=PLANE('',#6820);
#6174=PLANE('',#6821);
#6175=PLANE('',#6822);
#6176=PLANE('',#6823);
#6177=PLANE('',#6824);
#6178=PLANE('',#6825);
#6179=PLANE('',#6826);
#6180=PLANE('',#6827);
#6181=PLANE('',#6828);
#6182=PLANE('',#6829);
#6183=PLANE('',#6830);
#6184=PLANE('',#6831);
#6185=PLANE('',#6832);
#6186=PLANE('',#6833);
#6187=PLANE('',#6834);
#6188=PLANE('',#6835);
#6189=PLANE('',#6836);
#6190=PLANE('',#6837);
#6191=PLANE('',#6838);
#6192=PLANE('',#6839);
#6193=PLANE('',#6840);
#6194=PLANE('',#6841);
#6195=PLANE('',#6842);
#6196=PLANE('',#6843);
#6197=PLANE('',#6844);
#6198=PLANE('',#6845);
#6199=PLANE('',#6846);
#6200=PLANE('',#6847);
#6201=PLANE('',#6848);
#6202=PLANE('',#6849);
#6203=PLANE('',#6850);
#6204=PLANE('',#6851);
#6205=PLANE('',#6852);
#6206=PLANE('',#6853);
#6207=PLANE('',#6854);
#6208=PLANE('',#6855);
#6209=PLANE('',#6856);
#6210=PLANE('',#6857);
#6211=PLANE('',#6858);
#6212=PLANE('',#6859);
#6213=PLANE('',#6860);
#6214=PLANE('',#6861);
#6215=PLANE('',#6862);
#6216=PLANE('',#6863);
#6217=PLANE('',#6864);
#6218=PLANE('',#6865);
#6219=PLANE('',#6866);
#6220=PLANE('',#6867);
#6221=PLANE('',#6868);
#6222=PLANE('',#6869);
#6223=PLANE('',#6870);
#6224=PLANE('',#6871);
#6225=PLANE('',#6872);
#6226=PLANE('',#6873);
#6227=PLANE('',#6874);
#6228=PLANE('',#6875);
#6229=PLANE('',#6876);
#6230=PLANE('',#6880);
#6231=PLANE('',#6883);
#6232=PLANE('',#6884);
#6233=PLANE('',#6888);
#6234=PLANE('',#6893);
#6235=PLANE('',#6898);
#6236=PLANE('',#6903);
#6237=PLANE('',#6908);
#6238=PLANE('',#6913);
#6239=PLANE('',#6915);
#6240=PLANE('',#6916);
#6241=PLANE('',#6917);
#6242=PLANE('',#6918);
#6243=PLANE('',#6919);
#6244=PLANE('',#6923);
#6245=PLANE('',#6928);
#6246=PLANE('',#6933);
#6247=PLANE('',#6938);
#6248=PLANE('',#6942);
#6249=PLANE('',#6946);
#6250=PLANE('',#6950);
#6251=PLANE('',#6954);
#6252=PLANE('',#6958);
#6253=PLANE('',#6962);
#6254=PLANE('',#6966);
#6255=PLANE('',#6970);
#6256=PLANE('',#6974);
#6257=PLANE('',#6978);
#6258=PLANE('',#6982);
#6259=PLANE('',#6987);
#6260=PLANE('',#6988);
#6261=PLANE('',#6989);
#6262=PLANE('',#6990);
#6263=PLANE('',#6991);
#6264=PLANE('',#7010);
#6265=PLANE('',#7011);
#6266=PLANE('',#7012);
#6267=PLANE('',#7013);
#6268=PLANE('',#7014);
#6269=PLANE('',#7015);
#6270=PLANE('',#7016);
#6271=PLANE('',#7017);
#6272=PLANE('',#7018);
#6273=PLANE('',#7019);
#6274=PLANE('',#7020);
#6275=PLANE('',#7021);
#6276=PLANE('',#7022);
#6277=PLANE('',#7023);
#6278=PLANE('',#7024);
#6279=PLANE('',#7025);
#6280=PLANE('',#7026);
#6281=PLANE('',#7027);
#6282=PLANE('',#7028);
#6283=PLANE('',#7029);
#6284=PLANE('',#7030);
#6285=PLANE('',#7031);
#6286=PLANE('',#7032);
#6287=PLANE('',#7033);
#6288=PLANE('',#7034);
#6289=PLANE('',#7035);
#6290=PLANE('',#7036);
#6291=PLANE('',#7037);
#6292=PLANE('',#7038);
#6293=PLANE('',#7039);
#6294=PLANE('',#7040);
#6295=PLANE('',#7041);
#6296=PLANE('',#7042);
#6297=PLANE('',#7043);
#6298=PLANE('',#7044);
#6299=PLANE('',#7045);
#6300=PLANE('',#7046);
#6301=PLANE('',#7047);
#6302=PLANE('',#7048);
#6303=PLANE('',#7049);
#6304=PLANE('',#7050);
#6305=PLANE('',#7051);
#6306=PLANE('',#7052);
#6307=PLANE('',#7053);
#6308=PLANE('',#7054);
#6309=PLANE('',#7055);
#6310=PLANE('',#7056);
#6311=PLANE('',#7057);
#6312=PLANE('',#7062);
#6313=PLANE('',#7074);
#6314=PLANE('',#7075);
#6315=PLANE('',#7076);
#6316=PLANE('',#7079);
#6317=PLANE('',#7080);
#6318=PLANE('',#7081);
#6319=PLANE('',#7082);
#6320=PLANE('',#7083);
#6321=PLANE('',#7084);
#6322=PLANE('',#7085);
#6323=PLANE('',#7090);
#6324=PLANE('',#7091);
#6325=PLANE('',#7092);
#6326=PLANE('',#7099);
#6327=PLANE('',#7100);
#6328=PLANE('',#7101);
#6329=PLANE('',#7104);
#6330=PLANE('',#7105);
#6331=PLANE('',#7106);
#6332=PLANE('',#7107);
#6333=PLANE('',#7108);
#6334=PLANE('',#7109);
#6335=PLANE('',#7110);
#6336=PLANE('',#7115);
#6337=PLANE('',#7116);
#6338=PLANE('',#7117);
#6339=PLANE('',#7124);
#6340=PLANE('',#7125);
#6341=PLANE('',#7126);
#6342=PLANE('',#7129);
#6343=PLANE('',#7130);
#6344=PLANE('',#7131);
#6345=PLANE('',#7132);
#6346=PLANE('',#7133);
#6347=PLANE('',#7134);
#6348=PLANE('',#7135);
#6349=PLANE('',#7140);
#6350=PLANE('',#7141);
#6351=PLANE('',#7142);
#6352=PLANE('',#7143);
#6353=PLANE('',#7146);
#6354=PLANE('',#7149);
#6355=PLANE('',#7150);
#6356=PLANE('',#7151);
#6357=PLANE('',#7152);
#6358=PLANE('',#7170);
#6359=PLANE('',#7179);
#6360=PLANE('',#7180);
#6361=PLANE('',#7182);
#6362=PLANE('',#7183);
#6363=PLANE('',#7184);
#6364=PLANE('',#7202);
#6365=ADVANCED_FACE('',(#695),#6157,.T.);
#6366=ADVANCED_FACE('',(#696),#635,.F.);
#6367=ADVANCED_FACE('',(#697),#6158,.T.);
#6368=ADVANCED_FACE('',(#698),#636,.T.);
#6369=ADVANCED_FACE('',(#699,#357),#6159,.T.);
#6370=ADVANCED_FACE('',(#700,#358,#359,#360,#361,#362,#363,#364,#365,#366,
#367,#368,#369,#370,#371,#372,#373,#374,#375,#376,#377,#378,#379,#380,#381,
#382,#383,#384,#385,#386,#387),#6160,.T.);
#6371=ADVANCED_FACE('',(#701),#637,.F.);
#6372=ADVANCED_FACE('',(#702),#638,.T.);
#6373=ADVANCED_FACE('',(#703,#388),#6161,.T.);
#6374=ADVANCED_FACE('',(#704),#6162,.T.);
#6375=ADVANCED_FACE('',(#705),#6163,.T.);
#6376=ADVANCED_FACE('',(#706),#45,.T.);
#6377=ADVANCED_FACE('',(#707),#46,.T.);
#6378=ADVANCED_FACE('',(#708),#47,.T.);
#6379=ADVANCED_FACE('',(#709),#48,.T.);
#6380=ADVANCED_FACE('',(#710),#49,.T.);
#6381=ADVANCED_FACE('',(#711),#50,.T.);
#6382=ADVANCED_FACE('',(#712),#51,.T.);
#6383=ADVANCED_FACE('',(#713),#52,.T.);
#6384=ADVANCED_FACE('',(#714),#53,.T.);
#6385=ADVANCED_FACE('',(#715),#54,.T.);
#6386=ADVANCED_FACE('',(#716),#55,.T.);
#6387=ADVANCED_FACE('',(#717),#56,.T.);
#6388=ADVANCED_FACE('',(#718),#57,.T.);
#6389=ADVANCED_FACE('',(#719),#58,.T.);
#6390=ADVANCED_FACE('',(#720),#59,.T.);
#6391=ADVANCED_FACE('',(#721),#60,.T.);
#6392=ADVANCED_FACE('',(#722),#61,.T.);
#6393=ADVANCED_FACE('',(#723),#62,.T.);
#6394=ADVANCED_FACE('',(#724),#6164,.T.);
#6395=ADVANCED_FACE('',(#725),#63,.T.);
#6396=ADVANCED_FACE('',(#726),#64,.T.);
#6397=ADVANCED_FACE('',(#727),#65,.T.);
#6398=ADVANCED_FACE('',(#728),#66,.T.);
#6399=ADVANCED_FACE('',(#729),#67,.T.);
#6400=ADVANCED_FACE('',(#730),#68,.T.);
#6401=ADVANCED_FACE('',(#731),#69,.T.);
#6402=ADVANCED_FACE('',(#732),#70,.T.);
#6403=ADVANCED_FACE('',(#733),#71,.T.);
#6404=ADVANCED_FACE('',(#734),#72,.T.);
#6405=ADVANCED_FACE('',(#735),#73,.T.);
#6406=ADVANCED_FACE('',(#736),#74,.T.);
#6407=ADVANCED_FACE('',(#737),#75,.T.);
#6408=ADVANCED_FACE('',(#738),#76,.T.);
#6409=ADVANCED_FACE('',(#739),#77,.T.);
#6410=ADVANCED_FACE('',(#740),#6165,.T.);
#6411=ADVANCED_FACE('',(#741),#6166,.T.);
#6412=ADVANCED_FACE('',(#742),#6167,.T.);
#6413=ADVANCED_FACE('',(#743),#6168,.T.);
#6414=ADVANCED_FACE('',(#744),#6169,.T.);
#6415=ADVANCED_FACE('',(#745),#6170,.T.);
#6416=ADVANCED_FACE('',(#746),#6171,.T.);
#6417=ADVANCED_FACE('',(#747),#78,.T.);
#6418=ADVANCED_FACE('',(#748),#79,.T.);
#6419=ADVANCED_FACE('',(#749),#80,.T.);
#6420=ADVANCED_FACE('',(#750),#81,.T.);
#6421=ADVANCED_FACE('',(#751),#82,.T.);
#6422=ADVANCED_FACE('',(#752),#6172,.T.);
#6423=ADVANCED_FACE('',(#753),#6173,.T.);
#6424=ADVANCED_FACE('',(#754),#6174,.T.);
#6425=ADVANCED_FACE('',(#755),#6175,.T.);
#6426=ADVANCED_FACE('',(#756),#83,.T.);
#6427=ADVANCED_FACE('',(#757),#84,.T.);
#6428=ADVANCED_FACE('',(#758),#85,.T.);
#6429=ADVANCED_FACE('',(#759),#86,.T.);
#6430=ADVANCED_FACE('',(#760),#87,.T.);
#6431=ADVANCED_FACE('',(#761),#88,.T.);
#6432=ADVANCED_FACE('',(#762),#89,.T.);
#6433=ADVANCED_FACE('',(#763),#6176,.T.);
#6434=ADVANCED_FACE('',(#764),#6177,.T.);
#6435=ADVANCED_FACE('',(#765),#6178,.T.);
#6436=ADVANCED_FACE('',(#766),#90,.T.);
#6437=ADVANCED_FACE('',(#767),#91,.T.);
#6438=ADVANCED_FACE('',(#768),#92,.T.);
#6439=ADVANCED_FACE('',(#769),#93,.T.);
#6440=ADVANCED_FACE('',(#770),#6179,.T.);
#6441=ADVANCED_FACE('',(#771),#6180,.T.);
#6442=ADVANCED_FACE('',(#772),#6181,.T.);
#6443=ADVANCED_FACE('',(#773,#389),#6182,.T.);
#6444=ADVANCED_FACE('',(#774),#6183,.T.);
#6445=ADVANCED_FACE('',(#775),#6184,.T.);
#6446=ADVANCED_FACE('',(#776),#6185,.T.);
#6447=ADVANCED_FACE('',(#777),#6186,.T.);
#6448=ADVANCED_FACE('',(#778),#6187,.T.);
#6449=ADVANCED_FACE('',(#779),#6188,.T.);
#6450=ADVANCED_FACE('',(#780),#6189,.T.);
#6451=ADVANCED_FACE('',(#781),#94,.T.);
#6452=ADVANCED_FACE('',(#782),#95,.T.);
#6453=ADVANCED_FACE('',(#783),#96,.T.);
#6454=ADVANCED_FACE('',(#784),#97,.T.);
#6455=ADVANCED_FACE('',(#785),#98,.T.);
#6456=ADVANCED_FACE('',(#786),#6190,.T.);
#6457=ADVANCED_FACE('',(#787),#6191,.T.);
#6458=ADVANCED_FACE('',(#788),#6192,.T.);
#6459=ADVANCED_FACE('',(#789),#6193,.T.);
#6460=ADVANCED_FACE('',(#790),#99,.T.);
#6461=ADVANCED_FACE('',(#791),#100,.T.);
#6462=ADVANCED_FACE('',(#792),#101,.T.);
#6463=ADVANCED_FACE('',(#793),#102,.T.);
#6464=ADVANCED_FACE('',(#794),#103,.T.);
#6465=ADVANCED_FACE('',(#795),#104,.T.);
#6466=ADVANCED_FACE('',(#796),#105,.T.);
#6467=ADVANCED_FACE('',(#797),#6194,.T.);
#6468=ADVANCED_FACE('',(#798),#6195,.T.);
#6469=ADVANCED_FACE('',(#799),#6196,.T.);
#6470=ADVANCED_FACE('',(#800),#106,.T.);
#6471=ADVANCED_FACE('',(#801),#107,.T.);
#6472=ADVANCED_FACE('',(#802),#108,.T.);
#6473=ADVANCED_FACE('',(#803),#109,.T.);
#6474=ADVANCED_FACE('',(#804),#6197,.T.);
#6475=ADVANCED_FACE('',(#805),#6198,.T.);
#6476=ADVANCED_FACE('',(#806),#6199,.T.);
#6477=ADVANCED_FACE('',(#807,#390),#6200,.T.);
#6478=ADVANCED_FACE('',(#808),#6201,.T.);
#6479=ADVANCED_FACE('',(#809),#6202,.T.);
#6480=ADVANCED_FACE('',(#810),#110,.T.);
#6481=ADVANCED_FACE('',(#811),#111,.T.);
#6482=ADVANCED_FACE('',(#812),#112,.T.);
#6483=ADVANCED_FACE('',(#813),#113,.T.);
#6484=ADVANCED_FACE('',(#814),#114,.T.);
#6485=ADVANCED_FACE('',(#815),#115,.T.);
#6486=ADVANCED_FACE('',(#816),#116,.T.);
#6487=ADVANCED_FACE('',(#817),#117,.T.);
#6488=ADVANCED_FACE('',(#818),#118,.T.);
#6489=ADVANCED_FACE('',(#819),#119,.T.);
#6490=ADVANCED_FACE('',(#820),#120,.T.);
#6491=ADVANCED_FACE('',(#821),#121,.T.);
#6492=ADVANCED_FACE('',(#822),#122,.T.);
#6493=ADVANCED_FACE('',(#823),#123,.T.);
#6494=ADVANCED_FACE('',(#824),#124,.T.);
#6495=ADVANCED_FACE('',(#825),#125,.T.);
#6496=ADVANCED_FACE('',(#826),#126,.T.);
#6497=ADVANCED_FACE('',(#827),#127,.T.);
#6498=ADVANCED_FACE('',(#828),#6203,.T.);
#6499=ADVANCED_FACE('',(#829),#128,.T.);
#6500=ADVANCED_FACE('',(#830),#129,.T.);
#6501=ADVANCED_FACE('',(#831),#130,.T.);
#6502=ADVANCED_FACE('',(#832),#131,.T.);
#6503=ADVANCED_FACE('',(#833),#132,.T.);
#6504=ADVANCED_FACE('',(#834),#133,.T.);
#6505=ADVANCED_FACE('',(#835),#134,.T.);
#6506=ADVANCED_FACE('',(#836),#135,.T.);
#6507=ADVANCED_FACE('',(#837),#136,.T.);
#6508=ADVANCED_FACE('',(#838),#137,.T.);
#6509=ADVANCED_FACE('',(#839),#138,.T.);
#6510=ADVANCED_FACE('',(#840),#139,.T.);
#6511=ADVANCED_FACE('',(#841),#140,.T.);
#6512=ADVANCED_FACE('',(#842),#141,.T.);
#6513=ADVANCED_FACE('',(#843),#142,.T.);
#6514=ADVANCED_FACE('',(#844),#6204,.T.);
#6515=ADVANCED_FACE('',(#845),#6205,.T.);
#6516=ADVANCED_FACE('',(#846),#6206,.T.);
#6517=ADVANCED_FACE('',(#847),#143,.T.);
#6518=ADVANCED_FACE('',(#848),#144,.T.);
#6519=ADVANCED_FACE('',(#849),#6207,.T.);
#6520=ADVANCED_FACE('',(#850),#145,.T.);
#6521=ADVANCED_FACE('',(#851),#146,.T.);
#6522=ADVANCED_FACE('',(#852),#6208,.T.);
#6523=ADVANCED_FACE('',(#853),#6209,.T.);
#6524=ADVANCED_FACE('',(#854),#6210,.T.);
#6525=ADVANCED_FACE('',(#855),#6211,.T.);
#6526=ADVANCED_FACE('',(#856),#6212,.T.);
#6527=ADVANCED_FACE('',(#857),#6213,.T.);
#6528=ADVANCED_FACE('',(#858),#6214,.T.);
#6529=ADVANCED_FACE('',(#859),#6215,.T.);
#6530=ADVANCED_FACE('',(#860),#6216,.T.);
#6531=ADVANCED_FACE('',(#861),#6217,.T.);
#6532=ADVANCED_FACE('',(#862),#147,.T.);
#6533=ADVANCED_FACE('',(#863),#148,.T.);
#6534=ADVANCED_FACE('',(#864),#6218,.T.);
#6535=ADVANCED_FACE('',(#865),#6219,.T.);
#6536=ADVANCED_FACE('',(#866),#6220,.T.);
#6537=ADVANCED_FACE('',(#867),#6221,.T.);
#6538=ADVANCED_FACE('',(#868),#6222,.T.);
#6539=ADVANCED_FACE('',(#869),#6223,.T.);
#6540=ADVANCED_FACE('',(#870),#6224,.T.);
#6541=ADVANCED_FACE('',(#871),#6225,.T.);
#6542=ADVANCED_FACE('',(#872),#6226,.T.);
#6543=ADVANCED_FACE('',(#873,#391),#6227,.T.);
#6544=ADVANCED_FACE('',(#874),#6228,.T.);
#6545=ADVANCED_FACE('',(#875),#6229,.T.);
#6546=ADVANCED_FACE('',(#876),#639,.F.);
#6547=ADVANCED_FACE('',(#877),#6230,.T.);
#6548=ADVANCED_FACE('',(#878),#640,.T.);
#6549=ADVANCED_FACE('',(#879,#392),#6231,.T.);
#6550=ADVANCED_FACE('',(#880),#6232,.T.);
#6551=ADVANCED_FACE('',(#881),#641,.F.);
#6552=ADVANCED_FACE('',(#882,#393),#6233,.F.);
#6553=ADVANCED_FACE('',(#883),#642,.F.);
#6554=ADVANCED_FACE('',(#884,#394),#6234,.F.);
#6555=ADVANCED_FACE('',(#885),#643,.F.);
#6556=ADVANCED_FACE('',(#886,#395),#6235,.F.);
#6557=ADVANCED_FACE('',(#887),#644,.F.);
#6558=ADVANCED_FACE('',(#888,#396),#6236,.F.);
#6559=ADVANCED_FACE('',(#889),#645,.F.);
#6560=ADVANCED_FACE('',(#890,#397),#6237,.F.);
#6561=ADVANCED_FACE('',(#891),#646,.F.);
#6562=ADVANCED_FACE('',(#892,#398),#6238,.F.);
#6563=ADVANCED_FACE('',(#893),#6239,.F.);
#6564=ADVANCED_FACE('',(#894),#6240,.F.);
#6565=ADVANCED_FACE('',(#895),#6241,.F.);
#6566=ADVANCED_FACE('',(#896),#6242,.F.);
#6567=ADVANCED_FACE('',(#897),#6243,.F.);
#6568=ADVANCED_FACE('',(#898),#647,.F.);
#6569=ADVANCED_FACE('',(#899,#399),#6244,.F.);
#6570=ADVANCED_FACE('',(#900),#648,.F.);
#6571=ADVANCED_FACE('',(#901,#400),#6245,.F.);
#6572=ADVANCED_FACE('',(#902),#649,.F.);
#6573=ADVANCED_FACE('',(#903,#401),#6246,.F.);
#6574=ADVANCED_FACE('',(#904),#650,.F.);
#6575=ADVANCED_FACE('',(#905,#402),#6247,.F.);
#6576=ADVANCED_FACE('',(#906),#651,.F.);
#6577=ADVANCED_FACE('',(#907,#403),#6248,.T.);
#6578=ADVANCED_FACE('',(#908),#652,.F.);
#6579=ADVANCED_FACE('',(#909,#404),#6249,.T.);
#6580=ADVANCED_FACE('',(#910),#653,.F.);
#6581=ADVANCED_FACE('',(#911,#405),#6250,.T.);
#6582=ADVANCED_FACE('',(#912),#654,.F.);
#6583=ADVANCED_FACE('',(#913,#406),#6251,.T.);
#6584=ADVANCED_FACE('',(#914),#655,.F.);
#6585=ADVANCED_FACE('',(#915,#407),#6252,.T.);
#6586=ADVANCED_FACE('',(#916),#656,.F.);
#6587=ADVANCED_FACE('',(#917,#408),#6253,.T.);
#6588=ADVANCED_FACE('',(#918),#657,.F.);
#6589=ADVANCED_FACE('',(#919,#409),#6254,.T.);
#6590=ADVANCED_FACE('',(#920),#658,.F.);
#6591=ADVANCED_FACE('',(#921,#410),#6255,.T.);
#6592=ADVANCED_FACE('',(#922),#659,.F.);
#6593=ADVANCED_FACE('',(#923,#411),#6256,.T.);
#6594=ADVANCED_FACE('',(#924),#660,.F.);
#6595=ADVANCED_FACE('',(#925,#412),#6257,.T.);
#6596=ADVANCED_FACE('',(#926),#661,.F.);
#6597=ADVANCED_FACE('',(#927),#6258,.T.);
#6598=ADVANCED_FACE('',(#928),#662,.F.);
#6599=ADVANCED_FACE('',(#929),#663,.F.);
#6600=ADVANCED_FACE('',(#930),#6259,.T.);
#6601=ADVANCED_FACE('',(#931),#6260,.T.);
#6602=ADVANCED_FACE('',(#932),#6261,.T.);
#6603=ADVANCED_FACE('',(#933),#6262,.T.);
#6604=ADVANCED_FACE('',(#934),#6263,.T.);
#6605=ADVANCED_FACE('',(#935),#664,.F.);
#6606=ADVANCED_FACE('',(#936),#665,.F.);
#6607=ADVANCED_FACE('',(#937),#666,.F.);
#6608=ADVANCED_FACE('',(#938),#667,.F.);
#6609=ADVANCED_FACE('',(#939),#668,.F.);
#6610=ADVANCED_FACE('',(#940),#669,.F.);
#6611=ADVANCED_FACE('',(#941),#670,.F.);
#6612=ADVANCED_FACE('',(#942),#671,.F.);
#6613=ADVANCED_FACE('',(#943),#672,.F.);
#6614=ADVANCED_FACE('',(#944),#673,.F.);
#6615=ADVANCED_FACE('',(#945),#674,.F.);
#6616=ADVANCED_FACE('',(#946),#675,.F.);
#6617=ADVANCED_FACE('',(#947),#676,.F.);
#6618=ADVANCED_FACE('',(#948),#677,.F.);
#6619=ADVANCED_FACE('',(#949),#6264,.T.);
#6620=ADVANCED_FACE('',(#950),#6265,.T.);
#6621=ADVANCED_FACE('',(#951),#6266,.T.);
#6622=ADVANCED_FACE('',(#952),#6267,.T.);
#6623=ADVANCED_FACE('',(#953,#413,#414,#415,#416,#417,#418,#419,#420,#421,
#422,#423,#424,#425,#426,#427,#428,#429,#430),#6268,.F.);
#6624=ADVANCED_FACE('',(#954),#6269,.F.);
#6625=ADVANCED_FACE('',(#955),#6270,.F.);
#6626=ADVANCED_FACE('',(#956),#6271,.F.);
#6627=ADVANCED_FACE('',(#957),#6272,.F.);
#6628=ADVANCED_FACE('',(#958),#6273,.T.);
#6629=ADVANCED_FACE('',(#959,#431),#6274,.T.);
#6630=ADVANCED_FACE('',(#960),#6275,.T.);
#6631=ADVANCED_FACE('',(#961),#6276,.T.);
#6632=ADVANCED_FACE('',(#962),#6277,.T.);
#6633=ADVANCED_FACE('',(#963),#6278,.T.);
#6634=ADVANCED_FACE('',(#964),#6279,.T.);
#6635=ADVANCED_FACE('',(#965),#6280,.T.);
#6636=ADVANCED_FACE('',(#966),#6281,.T.);
#6637=ADVANCED_FACE('',(#967,#432),#6282,.F.);
#6638=ADVANCED_FACE('',(#968),#6283,.F.);
#6639=ADVANCED_FACE('',(#969),#6284,.F.);
#6640=ADVANCED_FACE('',(#970),#6285,.F.);
#6641=ADVANCED_FACE('',(#971),#6286,.F.);
#6642=ADVANCED_FACE('',(#972),#6287,.T.);
#6643=ADVANCED_FACE('',(#973),#6288,.T.);
#6644=ADVANCED_FACE('',(#974),#6289,.T.);
#6645=ADVANCED_FACE('',(#975,#433),#6290,.F.);
#6646=ADVANCED_FACE('',(#976),#6291,.T.);
#6647=ADVANCED_FACE('',(#977),#6292,.T.);
#6648=ADVANCED_FACE('',(#978),#6293,.T.);
#6649=ADVANCED_FACE('',(#979),#6294,.T.);
#6650=ADVANCED_FACE('',(#980,#434),#6295,.T.);
#6651=ADVANCED_FACE('',(#981),#6296,.T.);
#6652=ADVANCED_FACE('',(#982),#6297,.F.);
#6653=ADVANCED_FACE('',(#983),#6298,.F.);
#6654=ADVANCED_FACE('',(#984),#6299,.F.);
#6655=ADVANCED_FACE('',(#985),#6300,.F.);
#6656=ADVANCED_FACE('',(#986),#6301,.T.);
#6657=ADVANCED_FACE('',(#987,#435),#6302,.T.);
#6658=ADVANCED_FACE('',(#988),#6303,.T.);
#6659=ADVANCED_FACE('',(#989),#6304,.T.);
#6660=ADVANCED_FACE('',(#990),#6305,.T.);
#6661=ADVANCED_FACE('',(#991),#6306,.T.);
#6662=ADVANCED_FACE('',(#992),#6307,.T.);
#6663=ADVANCED_FACE('',(#993),#6308,.T.);
#6664=ADVANCED_FACE('',(#994),#6309,.T.);
#6665=ADVANCED_FACE('',(#995,#436),#6310,.F.);
#6666=ADVANCED_FACE('',(#996,#437),#6311,.T.);
#6667=ADVANCED_FACE('',(#997),#678,.T.);
#6668=ADVANCED_FACE('',(#998),#6312,.T.);
#6669=ADVANCED_FACE('',(#999),#679,.T.);
#6670=ADVANCED_FACE('',(#1000),#34,.T.);
#6671=ADVANCED_FACE('',(#1001),#29,.T.);
#6672=ADVANCED_FACE('',(#1002),#680,.T.);
#6673=ADVANCED_FACE('',(#1003),#6313,.T.);
#6674=ADVANCED_FACE('',(#1004,#438),#6314,.T.);
#6675=ADVANCED_FACE('',(#1005),#6315,.T.);
#6676=ADVANCED_FACE('',(#1006),#6316,.T.);
#6677=ADVANCED_FACE('',(#1007),#6317,.T.);
#6678=ADVANCED_FACE('',(#1008),#6318,.T.);
#6679=ADVANCED_FACE('',(#1009),#6319,.T.);
#6680=ADVANCED_FACE('',(#1010),#6320,.T.);
#6681=ADVANCED_FACE('',(#1011),#6321,.F.);
#6682=ADVANCED_FACE('',(#1012),#6322,.T.);
#6683=ADVANCED_FACE('',(#1013),#681,.F.);
#6684=ADVANCED_FACE('',(#1014),#682,.T.);
#6685=ADVANCED_FACE('',(#1015),#6323,.T.);
#6686=ADVANCED_FACE('',(#1016),#6324,.T.);
#6687=ADVANCED_FACE('',(#1017),#6325,.T.);
#6688=ADVANCED_FACE('',(#1018),#30,.T.);
#6689=ADVANCED_FACE('',(#1019),#683,.T.);
#6690=ADVANCED_FACE('',(#1020),#6326,.T.);
#6691=ADVANCED_FACE('',(#1021,#439),#6327,.T.);
#6692=ADVANCED_FACE('',(#1022),#6328,.T.);
#6693=ADVANCED_FACE('',(#1023),#6329,.T.);
#6694=ADVANCED_FACE('',(#1024),#6330,.T.);
#6695=ADVANCED_FACE('',(#1025),#6331,.T.);
#6696=ADVANCED_FACE('',(#1026),#6332,.T.);
#6697=ADVANCED_FACE('',(#1027),#6333,.T.);
#6698=ADVANCED_FACE('',(#1028),#6334,.F.);
#6699=ADVANCED_FACE('',(#1029),#6335,.T.);
#6700=ADVANCED_FACE('',(#1030),#684,.F.);
#6701=ADVANCED_FACE('',(#1031),#685,.T.);
#6702=ADVANCED_FACE('',(#1032),#6336,.T.);
#6703=ADVANCED_FACE('',(#1033),#6337,.T.);
#6704=ADVANCED_FACE('',(#1034),#6338,.T.);
#6705=ADVANCED_FACE('',(#1035),#31,.T.);
#6706=ADVANCED_FACE('',(#1036),#686,.T.);
#6707=ADVANCED_FACE('',(#1037),#6339,.T.);
#6708=ADVANCED_FACE('',(#1038,#440),#6340,.T.);
#6709=ADVANCED_FACE('',(#1039),#6341,.T.);
#6710=ADVANCED_FACE('',(#1040),#6342,.T.);
#6711=ADVANCED_FACE('',(#1041),#6343,.T.);
#6712=ADVANCED_FACE('',(#1042),#6344,.T.);
#6713=ADVANCED_FACE('',(#1043),#6345,.T.);
#6714=ADVANCED_FACE('',(#1044),#6346,.T.);
#6715=ADVANCED_FACE('',(#1045),#6347,.F.);
#6716=ADVANCED_FACE('',(#1046),#6348,.T.);
#6717=ADVANCED_FACE('',(#1047),#687,.F.);
#6718=ADVANCED_FACE('',(#1048),#688,.T.);
#6719=ADVANCED_FACE('',(#1049),#6349,.T.);
#6720=ADVANCED_FACE('',(#1050),#6350,.T.);
#6721=ADVANCED_FACE('',(#1051),#6351,.T.);
#6722=ADVANCED_FACE('',(#1052),#6352,.T.);
#6723=ADVANCED_FACE('',(#1053),#19,.F.);
#6724=ADVANCED_FACE('',(#1054),#6353,.T.);
#6725=ADVANCED_FACE('',(#1055),#6354,.T.);
#6726=ADVANCED_FACE('',(#1056),#6355,.T.);
#6727=ADVANCED_FACE('',(#1057),#6356,.T.);
#6728=ADVANCED_FACE('',(#1058),#6357,.T.);
#6729=ADVANCED_FACE('',(#1059),#13,.F.);
#6730=ADVANCED_FACE('',(#1060),#689,.T.);
#6731=ADVANCED_FACE('',(#1061),#14,.F.);
#6732=ADVANCED_FACE('',(#1062),#690,.T.);
#6733=ADVANCED_FACE('',(#1063),#32,.T.);
#6734=ADVANCED_FACE('',(#1064),#6358,.F.);
#6735=ADVANCED_FACE('',(#1065),#691,.T.);
#6736=ADVANCED_FACE('',(#1066),#15,.T.);
#6737=ADVANCED_FACE('',(#1067),#20,.F.);
#6738=ADVANCED_FACE('',(#1068),#6359,.T.);
#6739=ADVANCED_FACE('',(#1069),#6360,.T.);
#6740=ADVANCED_FACE('',(#1070),#6361,.T.);
#6741=ADVANCED_FACE('',(#1071),#6362,.T.);
#6742=ADVANCED_FACE('',(#1072),#6363,.T.);
#6743=ADVANCED_FACE('',(#1073),#16,.F.);
#6744=ADVANCED_FACE('',(#1074),#692,.T.);
#6745=ADVANCED_FACE('',(#1075),#17,.F.);
#6746=ADVANCED_FACE('',(#1076),#693,.T.);
#6747=ADVANCED_FACE('',(#1077),#33,.T.);
#6748=ADVANCED_FACE('',(#1078),#6364,.F.);
#6749=ADVANCED_FACE('',(#1079),#694,.T.);
#6750=ADVANCED_FACE('',(#1080),#18,.T.);
#6751=CLOSED_SHELL('',(#6365,#6366,#6367,#6368,#6369,#6370,#6371,#6372,
#6373,#6374,#6375,#6376,#6377,#6378,#6379,#6380,#6381,#6382,#6383,#6384,
#6385,#6386,#6387,#6388,#6389,#6390,#6391,#6392,#6393,#6394,#6395,#6396,
#6397,#6398,#6399,#6400,#6401,#6402,#6403,#6404,#6405,#6406,#6407,#6408,
#6409,#6410,#6411,#6412,#6413,#6414,#6415,#6416,#6417,#6418,#6419,#6420,
#6421,#6422,#6423,#6424,#6425,#6426,#6427,#6428,#6429,#6430,#6431,#6432,
#6433,#6434,#6435,#6436,#6437,#6438,#6439,#6440,#6441,#6442,#6443,#6444,
#6445,#6446,#6447,#6448,#6449,#6450,#6451,#6452,#6453,#6454,#6455,#6456,
#6457,#6458,#6459,#6460,#6461,#6462,#6463,#6464,#6465,#6466,#6467,#6468,
#6469,#6470,#6471,#6472,#6473,#6474,#6475,#6476,#6477,#6478,#6479,#6480,
#6481,#6482,#6483,#6484,#6485,#6486,#6487,#6488,#6489,#6490,#6491,#6492,
#6493,#6494,#6495,#6496,#6497,#6498,#6499,#6500,#6501,#6502,#6503,#6504,
#6505,#6506,#6507,#6508,#6509,#6510,#6511,#6512,#6513,#6514,#6515,#6516,
#6517,#6518,#6519,#6520,#6521,#6522,#6523,#6524,#6525,#6526,#6527,#6528,
#6529,#6530,#6531,#6532,#6533,#6534,#6535,#6536,#6537,#6538,#6539,#6540,
#6541,#6542,#6543,#6544,#6545,#6546,#6547,#6548,#6549,#6550,#6551,#6552,
#6553,#6554,#6555,#6556,#6557,#6558,#6559,#6560,#6561,#6562,#6563,#6564,
#6565,#6566,#6567,#6568,#6569,#6570,#6571,#6572,#6573,#6574,#6575,#6576,
#6577,#6578,#6579,#6580,#6581,#6582,#6583,#6584,#6585,#6586,#6587,#6588,
#6589,#6590,#6591,#6592,#6593,#6594,#6595,#6596,#6597,#6598,#6599,#6600,
#6601,#6602,#6603,#6604,#6605,#6606,#6607,#6608,#6609,#6610,#6611,#6612,
#6613,#6614,#6615,#6616,#6617,#6618,#6619,#6620,#6621,#6622,#6623));
#6752=CLOSED_SHELL('',(#6624,#6625,#6626,#6627,#6628,#6629,#6630,#6631,
#6632,#6633,#6634,#6635,#6636,#6637));
#6753=CLOSED_SHELL('',(#6638,#6639,#6640,#6641,#6642,#6643,#6644,#6645,
#6646,#6647,#6648,#6649,#6650,#6651));
#6754=CLOSED_SHELL('',(#6652,#6653,#6654,#6655,#6656,#6657,#6658,#6659,
#6660,#6661,#6662,#6663,#6664,#6665));
#6755=CLOSED_SHELL('',(#6666,#6667,#6668,#6669,#6670));
#6756=CLOSED_SHELL('',(#6671,#6672,#6673,#6674,#6675,#6676,#6677,#6678,
#6679,#6680,#6681,#6682,#6683,#6684,#6685,#6686,#6687));
#6757=CLOSED_SHELL('',(#6688,#6689,#6690,#6691,#6692,#6693,#6694,#6695,
#6696,#6697,#6698,#6699,#6700,#6701,#6702,#6703,#6704));
#6758=CLOSED_SHELL('',(#6705,#6706,#6707,#6708,#6709,#6710,#6711,#6712,
#6713,#6714,#6715,#6716,#6717,#6718,#6719,#6720,#6721));
#6759=CLOSED_SHELL('',(#6722,#6723,#6724,#6725,#6726,#6727,#6728,#6729,
#6730,#6731,#6732,#6733,#6734,#6735,#6736));
#6760=CLOSED_SHELL('',(#6737,#6738,#6739,#6740,#6741,#6742,#6743,#6744,
#6745,#6746,#6747,#6748,#6749,#6750));
#6761=DERIVED_UNIT_ELEMENT(#6763,1.);
#6762=DERIVED_UNIT_ELEMENT(#12398,-3.);
#6763=(
MASS_UNIT()
NAMED_UNIT(*)
SI_UNIT(.KILO.,.GRAM.)
);
#6764=DERIVED_UNIT((#6761,#6762));
#6765=MEASURE_REPRESENTATION_ITEM('density measure',
POSITIVE_RATIO_MEASURE(7850.),#6764);
#6766=PROPERTY_DEFINITION_REPRESENTATION(#6771,#6768);
#6767=PROPERTY_DEFINITION_REPRESENTATION(#6772,#6769);
#6768=REPRESENTATION('material name',(#6770),#12395);
#6769=REPRESENTATION('density',(#6765),#12395);
#6770=DESCRIPTIVE_REPRESENTATION_ITEM('Acciaio','Acciaio');
#6771=PROPERTY_DEFINITION('material property','material name',#12405);
#6772=PROPERTY_DEFINITION('material property','density of part',#12405);
#6773=AXIS2_PLACEMENT_3D('',#8658,#7208,#7209);
#6774=AXIS2_PLACEMENT_3D('',#8659,#7210,#7211);
#6775=AXIS2_PLACEMENT_3D('',#8668,#7216,#7217);
#6776=AXIS2_PLACEMENT_3D('',#8669,#7218,#7219);
#6777=AXIS2_PLACEMENT_3D('',#8670,#7220,#7221);
#6778=AXIS2_PLACEMENT_3D('',#8671,#7222,#7223);
#6779=AXIS2_PLACEMENT_3D('',#8680,#7228,#7229);
#6780=AXIS2_PLACEMENT_3D('',#8681,#7230,#7231);
#6781=AXIS2_PLACEMENT_3D('',#8682,#7232,#7233);
#6782=AXIS2_PLACEMENT_3D('',#8683,#7234,#7235);
#6783=AXIS2_PLACEMENT_3D('',#8684,#7236,#7237);
#6784=AXIS2_PLACEMENT_3D('',#8694,#7242,#7243);
#6785=AXIS2_PLACEMENT_3D('',#9234,#7270,#7271);
#6786=AXIS2_PLACEMENT_3D('',#9236,#7272,#7273);
#6787=AXIS2_PLACEMENT_3D('',#9238,#7274,#7275);
#6788=AXIS2_PLACEMENT_3D('',#9240,#7276,#7277);
#6789=AXIS2_PLACEMENT_3D('',#9242,#7278,#7279);
#6790=AXIS2_PLACEMENT_3D('',#9244,#7280,#7281);
#6791=AXIS2_PLACEMENT_3D('',#9246,#7282,#7283);
#6792=AXIS2_PLACEMENT_3D('',#9248,#7284,#7285);
#6793=AXIS2_PLACEMENT_3D('',#9250,#7286,#7287);
#6794=AXIS2_PLACEMENT_3D('',#9252,#7288,#7289);
#6795=AXIS2_PLACEMENT_3D('',#9254,#7290,#7291);
#6796=AXIS2_PLACEMENT_3D('',#9256,#7292,#7293);
#6797=AXIS2_PLACEMENT_3D('',#9258,#7294,#7295);
#6798=AXIS2_PLACEMENT_3D('',#9260,#7296,#7297);
#6799=AXIS2_PLACEMENT_3D('',#9262,#7298,#7299);
#6800=AXIS2_PLACEMENT_3D('',#9264,#7300,#7301);
#6801=AXIS2_PLACEMENT_3D('',#9266,#7302,#7303);
#6802=AXIS2_PLACEMENT_3D('',#9276,#7308,#7309);
#6803=AXIS2_PLACEMENT_3D('',#9383,#7330,#7331);
#6804=AXIS2_PLACEMENT_3D('',#9385,#7332,#7333);
#6805=AXIS2_PLACEMENT_3D('',#9388,#7335,#7336);
#6806=AXIS2_PLACEMENT_3D('',#9389,#7337,#7338);
#6807=AXIS2_PLACEMENT_3D('',#9391,#7339,#7340);
#6808=AXIS2_PLACEMENT_3D('',#9393,#7342,#7343);
#6809=AXIS2_PLACEMENT_3D('',#9394,#7344,#7345);
#6810=AXIS2_PLACEMENT_3D('',#9395,#7346,#7347);
#6811=AXIS2_PLACEMENT_3D('',#9707,#7369,#7370);
#6812=AXIS2_PLACEMENT_3D('',#9964,#7387,#7388);
#6813=AXIS2_PLACEMENT_3D('',#9965,#7389,#7390);
#6814=AXIS2_PLACEMENT_3D('',#9971,#7394,#7395);
#6815=AXIS2_PLACEMENT_3D('',#9975,#7398,#7399);
#6816=AXIS2_PLACEMENT_3D('',#9979,#7402,#7403);
#6817=AXIS2_PLACEMENT_3D('',#9981,#7405,#7406);
#6818=AXIS2_PLACEMENT_3D('',#9982,#7407,#7408);
#6819=AXIS2_PLACEMENT_3D('',#10106,#7418,#7419);
#6820=AXIS2_PLACEMENT_3D('',#10112,#7423,#7424);
#6821=AXIS2_PLACEMENT_3D('',#10115,#7427,#7428);
#6822=AXIS2_PLACEMENT_3D('',#10121,#7432,#7433);
#6823=AXIS2_PLACEMENT_3D('',#10244,#7443,#7444);
#6824=AXIS2_PLACEMENT_3D('',#10248,#7447,#7448);
#6825=AXIS2_PLACEMENT_3D('',#10252,#7451,#7452);
#6826=AXIS2_PLACEMENT_3D('',#10324,#7459,#7460);
#6827=AXIS2_PLACEMENT_3D('',#10328,#7463,#7464);
#6828=AXIS2_PLACEMENT_3D('',#10332,#7467,#7468);
#6829=AXIS2_PLACEMENT_3D('',#10334,#7470,#7471);
#6830=AXIS2_PLACEMENT_3D('',#10335,#7472,#7473);
#6831=AXIS2_PLACEMENT_3D('',#10336,#7474,#7475);
#6832=AXIS2_PLACEMENT_3D('',#10342,#7479,#7480);
#6833=AXIS2_PLACEMENT_3D('',#10346,#7483,#7484);
#6834=AXIS2_PLACEMENT_3D('',#10350,#7487,#7488);
#6835=AXIS2_PLACEMENT_3D('',#10352,#7490,#7491);
#6836=AXIS2_PLACEMENT_3D('',#10353,#7492,#7493);
#6837=AXIS2_PLACEMENT_3D('',#10477,#7503,#7504);
#6838=AXIS2_PLACEMENT_3D('',#10483,#7508,#7509);
#6839=AXIS2_PLACEMENT_3D('',#10486,#7512,#7513);
#6840=AXIS2_PLACEMENT_3D('',#10492,#7517,#7518);
#6841=AXIS2_PLACEMENT_3D('',#10615,#7528,#7529);
#6842=AXIS2_PLACEMENT_3D('',#10619,#7532,#7533);
#6843=AXIS2_PLACEMENT_3D('',#10623,#7536,#7537);
#6844=AXIS2_PLACEMENT_3D('',#10695,#7544,#7545);
#6845=AXIS2_PLACEMENT_3D('',#10699,#7548,#7549);
#6846=AXIS2_PLACEMENT_3D('',#10703,#7552,#7553);
#6847=AXIS2_PLACEMENT_3D('',#10705,#7555,#7556);
#6848=AXIS2_PLACEMENT_3D('',#10706,#7557,#7558);
#6849=AXIS2_PLACEMENT_3D('',#10707,#7559,#7560);
#6850=AXIS2_PLACEMENT_3D('',#11019,#7582,#7583);
#6851=AXIS2_PLACEMENT_3D('',#11276,#7600,#7601);
#6852=AXIS2_PLACEMENT_3D('',#11277,#7602,#7603);
#6853=AXIS2_PLACEMENT_3D('',#11283,#7607,#7608);
#6854=AXIS2_PLACEMENT_3D('',#11321,#7613,#7614);
#6855=AXIS2_PLACEMENT_3D('',#11359,#7619,#7620);
#6856=AXIS2_PLACEMENT_3D('',#11363,#7623,#7624);
#6857=AXIS2_PLACEMENT_3D('',#11365,#7626,#7627);
#6858=AXIS2_PLACEMENT_3D('',#11366,#7628,#7629);
#6859=AXIS2_PLACEMENT_3D('',#11372,#7633,#7634);
#6860=AXIS2_PLACEMENT_3D('',#11376,#7637,#7638);
#6861=AXIS2_PLACEMENT_3D('',#11380,#7641,#7642);
#6862=AXIS2_PLACEMENT_3D('',#11382,#7644,#7645);
#6863=AXIS2_PLACEMENT_3D('',#11383,#7646,#7647);
#6864=AXIS2_PLACEMENT_3D('',#11392,#7652,#7653);
#6865=AXIS2_PLACEMENT_3D('',#11444,#7659,#7660);
#6866=AXIS2_PLACEMENT_3D('',#11447,#7663,#7664);
#6867=AXIS2_PLACEMENT_3D('',#11453,#7668,#7669);
#6868=AXIS2_PLACEMENT_3D('',#11457,#7672,#7673);
#6869=AXIS2_PLACEMENT_3D('',#11461,#7676,#7677);
#6870=AXIS2_PLACEMENT_3D('',#11465,#7680,#7681);
#6871=AXIS2_PLACEMENT_3D('',#11469,#7684,#7685);
#6872=AXIS2_PLACEMENT_3D('',#11473,#7688,#7689);
#6873=AXIS2_PLACEMENT_3D('',#11477,#7692,#7693);
#6874=AXIS2_PLACEMENT_3D('',#11479,#7695,#7696);
#6875=AXIS2_PLACEMENT_3D('',#11480,#7697,#7698);
#6876=AXIS2_PLACEMENT_3D('',#11481,#7699,#7700);
#6877=AXIS2_PLACEMENT_3D('',#11490,#7705,#7706);
#6878=AXIS2_PLACEMENT_3D('',#11491,#7707,#7708);
#6879=AXIS2_PLACEMENT_3D('',#11492,#7709,#7710);
#6880=AXIS2_PLACEMENT_3D('',#11493,#7711,#7712);
#6881=AXIS2_PLACEMENT_3D('',#11499,#7716,#7717);
#6882=AXIS2_PLACEMENT_3D('',#11500,#7718,#7719);
#6883=AXIS2_PLACEMENT_3D('',#11501,#7720,#7721);
#6884=AXIS2_PLACEMENT_3D('',#11502,#7722,#7723);
#6885=AXIS2_PLACEMENT_3D('',#11503,#7724,#7725);
#6886=AXIS2_PLACEMENT_3D('',#11505,#7726,#7727);
#6887=AXIS2_PLACEMENT_3D('',#11508,#7729,#7730);
#6888=AXIS2_PLACEMENT_3D('',#11509,#7731,#7732);
#6889=AXIS2_PLACEMENT_3D('',#11511,#7733,#7734);
#6890=AXIS2_PLACEMENT_3D('',#11512,#7735,#7736);
#6891=AXIS2_PLACEMENT_3D('',#11514,#7737,#7738);
#6892=AXIS2_PLACEMENT_3D('',#11517,#7740,#7741);
#6893=AXIS2_PLACEMENT_3D('',#11518,#7742,#7743);
#6894=AXIS2_PLACEMENT_3D('',#11520,#7744,#7745);
#6895=AXIS2_PLACEMENT_3D('',#11521,#7746,#7747);
#6896=AXIS2_PLACEMENT_3D('',#11523,#7748,#7749);
#6897=AXIS2_PLACEMENT_3D('',#11526,#7751,#7752);
#6898=AXIS2_PLACEMENT_3D('',#11527,#7753,#7754);
#6899=AXIS2_PLACEMENT_3D('',#11529,#7755,#7756);
#6900=AXIS2_PLACEMENT_3D('',#11530,#7757,#7758);
#6901=AXIS2_PLACEMENT_3D('',#11532,#7759,#7760);
#6902=AXIS2_PLACEMENT_3D('',#11535,#7762,#7763);
#6903=AXIS2_PLACEMENT_3D('',#11536,#7764,#7765);
#6904=AXIS2_PLACEMENT_3D('',#11538,#7766,#7767);
#6905=AXIS2_PLACEMENT_3D('',#11539,#7768,#7769);
#6906=AXIS2_PLACEMENT_3D('',#11541,#7770,#7771);
#6907=AXIS2_PLACEMENT_3D('',#11544,#7773,#7774);
#6908=AXIS2_PLACEMENT_3D('',#11545,#7775,#7776);
#6909=AXIS2_PLACEMENT_3D('',#11547,#7777,#7778);
#6910=AXIS2_PLACEMENT_3D('',#11548,#7779,#7780);
#6911=AXIS2_PLACEMENT_3D('',#11550,#7781,#7782);
#6912=AXIS2_PLACEMENT_3D('',#11553,#7784,#7785);
#6913=AXIS2_PLACEMENT_3D('',#11554,#7786,#7787);
#6914=AXIS2_PLACEMENT_3D('',#11556,#7788,#7789);
#6915=AXIS2_PLACEMENT_3D('',#11557,#7790,#7791);
#6916=AXIS2_PLACEMENT_3D('',#11566,#7796,#7797);
#6917=AXIS2_PLACEMENT_3D('',#11572,#7801,#7802);
#6918=AXIS2_PLACEMENT_3D('',#11578,#7806,#7807);
#6919=AXIS2_PLACEMENT_3D('',#11581,#7810,#7811);
#6920=AXIS2_PLACEMENT_3D('',#11582,#7812,#7813);
#6921=AXIS2_PLACEMENT_3D('',#11584,#7814,#7815);
#6922=AXIS2_PLACEMENT_3D('',#11587,#7817,#7818);
#6923=AXIS2_PLACEMENT_3D('',#11588,#7819,#7820);
#6924=AXIS2_PLACEMENT_3D('',#11590,#7821,#7822);
#6925=AXIS2_PLACEMENT_3D('',#11591,#7823,#7824);
#6926=AXIS2_PLACEMENT_3D('',#11593,#7825,#7826);
#6927=AXIS2_PLACEMENT_3D('',#11596,#7828,#7829);
#6928=AXIS2_PLACEMENT_3D('',#11597,#7830,#7831);
#6929=AXIS2_PLACEMENT_3D('',#11599,#7832,#7833);
#6930=AXIS2_PLACEMENT_3D('',#11600,#7834,#7835);
#6931=AXIS2_PLACEMENT_3D('',#11602,#7836,#7837);
#6932=AXIS2_PLACEMENT_3D('',#11605,#7839,#7840);
#6933=AXIS2_PLACEMENT_3D('',#11606,#7841,#7842);
#6934=AXIS2_PLACEMENT_3D('',#11608,#7843,#7844);
#6935=AXIS2_PLACEMENT_3D('',#11609,#7845,#7846);
#6936=AXIS2_PLACEMENT_3D('',#11611,#7847,#7848);
#6937=AXIS2_PLACEMENT_3D('',#11614,#7850,#7851);
#6938=AXIS2_PLACEMENT_3D('',#11615,#7852,#7853);
#6939=AXIS2_PLACEMENT_3D('',#11617,#7854,#7855);
#6940=AXIS2_PLACEMENT_3D('',#11618,#7856,#7857);
#6941=AXIS2_PLACEMENT_3D('',#11621,#7859,#7860);
#6942=AXIS2_PLACEMENT_3D('',#11622,#7861,#7862);
#6943=AXIS2_PLACEMENT_3D('',#11624,#7863,#7864);
#6944=AXIS2_PLACEMENT_3D('',#11625,#7865,#7866);
#6945=AXIS2_PLACEMENT_3D('',#11628,#7868,#7869);
#6946=AXIS2_PLACEMENT_3D('',#11629,#7870,#7871);
#6947=AXIS2_PLACEMENT_3D('',#11631,#7872,#7873);
#6948=AXIS2_PLACEMENT_3D('',#11632,#7874,#7875);
#6949=AXIS2_PLACEMENT_3D('',#11635,#7877,#7878);
#6950=AXIS2_PLACEMENT_3D('',#11636,#7879,#7880);
#6951=AXIS2_PLACEMENT_3D('',#11638,#7881,#7882);
#6952=AXIS2_PLACEMENT_3D('',#11639,#7883,#7884);
#6953=AXIS2_PLACEMENT_3D('',#11642,#7886,#7887);
#6954=AXIS2_PLACEMENT_3D('',#11643,#7888,#7889);
#6955=AXIS2_PLACEMENT_3D('',#11645,#7890,#7891);
#6956=AXIS2_PLACEMENT_3D('',#11646,#7892,#7893);
#6957=AXIS2_PLACEMENT_3D('',#11649,#7895,#7896);
#6958=AXIS2_PLACEMENT_3D('',#11650,#7897,#7898);
#6959=AXIS2_PLACEMENT_3D('',#11652,#7899,#7900);
#6960=AXIS2_PLACEMENT_3D('',#11653,#7901,#7902);
#6961=AXIS2_PLACEMENT_3D('',#11656,#7904,#7905);
#6962=AXIS2_PLACEMENT_3D('',#11657,#7906,#7907);
#6963=AXIS2_PLACEMENT_3D('',#11659,#7908,#7909);
#6964=AXIS2_PLACEMENT_3D('',#11660,#7910,#7911);
#6965=AXIS2_PLACEMENT_3D('',#11663,#7913,#7914);
#6966=AXIS2_PLACEMENT_3D('',#11664,#7915,#7916);
#6967=AXIS2_PLACEMENT_3D('',#11666,#7917,#7918);
#6968=AXIS2_PLACEMENT_3D('',#11667,#7919,#7920);
#6969=AXIS2_PLACEMENT_3D('',#11670,#7922,#7923);
#6970=AXIS2_PLACEMENT_3D('',#11671,#7924,#7925);
#6971=AXIS2_PLACEMENT_3D('',#11673,#7926,#7927);
#6972=AXIS2_PLACEMENT_3D('',#11674,#7928,#7929);
#6973=AXIS2_PLACEMENT_3D('',#11677,#7931,#7932);
#6974=AXIS2_PLACEMENT_3D('',#11678,#7933,#7934);
#6975=AXIS2_PLACEMENT_3D('',#11680,#7935,#7936);
#6976=AXIS2_PLACEMENT_3D('',#11681,#7937,#7938);
#6977=AXIS2_PLACEMENT_3D('',#11684,#7940,#7941);
#6978=AXIS2_PLACEMENT_3D('',#11685,#7942,#7943);
#6979=AXIS2_PLACEMENT_3D('',#11687,#7944,#7945);
#6980=AXIS2_PLACEMENT_3D('',#11688,#7946,#7947);
#6981=AXIS2_PLACEMENT_3D('',#11691,#7949,#7950);
#6982=AXIS2_PLACEMENT_3D('',#11692,#7951,#7952);
#6983=AXIS2_PLACEMENT_3D('',#11693,#7953,#7954);
#6984=AXIS2_PLACEMENT_3D('',#11696,#7956,#7957);
#6985=AXIS2_PLACEMENT_3D('',#11697,#7958,#7959);
#6986=AXIS2_PLACEMENT_3D('',#11700,#7961,#7962);
#6987=AXIS2_PLACEMENT_3D('',#11701,#7963,#7964);
#6988=AXIS2_PLACEMENT_3D('',#11707,#7968,#7969);
#6989=AXIS2_PLACEMENT_3D('',#11711,#7972,#7973);
#6990=AXIS2_PLACEMENT_3D('',#11715,#7976,#7977);
#6991=AXIS2_PLACEMENT_3D('',#11717,#7979,#7980);
#6992=AXIS2_PLACEMENT_3D('',#11718,#7981,#7982);
#6993=AXIS2_PLACEMENT_3D('',#11720,#7984,#7985);
#6994=AXIS2_PLACEMENT_3D('',#11723,#7987,#7988);
#6995=AXIS2_PLACEMENT_3D('',#11724,#7989,#7990);
#6996=AXIS2_PLACEMENT_3D('',#11726,#7992,#7993);
#6997=AXIS2_PLACEMENT_3D('',#11728,#7995,#7996);
#6998=AXIS2_PLACEMENT_3D('',#11731,#7998,#7999);
#6999=AXIS2_PLACEMENT_3D('',#11732,#8000,#8001);
#7000=AXIS2_PLACEMENT_3D('',#11734,#8003,#8004);
#7001=AXIS2_PLACEMENT_3D('',#11736,#8006,#8007);
#7002=AXIS2_PLACEMENT_3D('',#11738,#8009,#8010);
#7003=AXIS2_PLACEMENT_3D('',#11741,#8012,#8013);
#7004=AXIS2_PLACEMENT_3D('',#11742,#8014,#8015);
#7005=AXIS2_PLACEMENT_3D('',#11744,#8017,#8018);
#7006=AXIS2_PLACEMENT_3D('',#11746,#8020,#8021);
#7007=AXIS2_PLACEMENT_3D('',#11748,#8023,#8024);
#7008=AXIS2_PLACEMENT_3D('',#11750,#8026,#8027);
#7009=AXIS2_PLACEMENT_3D('',#11753,#8029,#8030);
#7010=AXIS2_PLACEMENT_3D('',#11754,#8031,#8032);
#7011=AXIS2_PLACEMENT_3D('',#11760,#8036,#8037);
#7012=AXIS2_PLACEMENT_3D('',#11764,#8040,#8041);
#7013=AXIS2_PLACEMENT_3D('',#11768,#8044,#8045);
#7014=AXIS2_PLACEMENT_3D('',#11770,#8047,#8048);
#7015=AXIS2_PLACEMENT_3D('',#11771,#8049,#8050);
#7016=AXIS2_PLACEMENT_3D('',#11780,#8055,#8056);
#7017=AXIS2_PLACEMENT_3D('',#11786,#8060,#8061);
#7018=AXIS2_PLACEMENT_3D('',#11792,#8065,#8066);
#7019=AXIS2_PLACEMENT_3D('',#11795,#8069,#8070);
#7020=AXIS2_PLACEMENT_3D('',#11804,#8075,#8076);
#7021=AXIS2_PLACEMENT_3D('',#11813,#8081,#8082);
#7022=AXIS2_PLACEMENT_3D('',#11819,#8086,#8087);
#7023=AXIS2_PLACEMENT_3D('',#11822,#8090,#8091);
#7024=AXIS2_PLACEMENT_3D('',#11824,#8093,#8094);
#7025=AXIS2_PLACEMENT_3D('',#11828,#8097,#8098);
#7026=AXIS2_PLACEMENT_3D('',#11830,#8100,#8101);
#7027=AXIS2_PLACEMENT_3D('',#11834,#8104,#8105);
#7028=AXIS2_PLACEMENT_3D('',#11836,#8107,#8108);
#7029=AXIS2_PLACEMENT_3D('',#11837,#8109,#8110);
#7030=AXIS2_PLACEMENT_3D('',#11846,#8115,#8116);
#7031=AXIS2_PLACEMENT_3D('',#11852,#8120,#8121);
#7032=AXIS2_PLACEMENT_3D('',#11858,#8125,#8126);
#7033=AXIS2_PLACEMENT_3D('',#11861,#8129,#8130);
#7034=AXIS2_PLACEMENT_3D('',#11870,#8135,#8136);
#7035=AXIS2_PLACEMENT_3D('',#11876,#8140,#8141);
#7036=AXIS2_PLACEMENT_3D('',#11885,#8146,#8147);
#7037=AXIS2_PLACEMENT_3D('',#11888,#8150,#8151);
#7038=AXIS2_PLACEMENT_3D('',#11890,#8153,#8154);
#7039=AXIS2_PLACEMENT_3D('',#11892,#8156,#8157);
#7040=AXIS2_PLACEMENT_3D('',#11896,#8160,#8161);
#7041=AXIS2_PLACEMENT_3D('',#11900,#8164,#8165);
#7042=AXIS2_PLACEMENT_3D('',#11902,#8167,#8168);
#7043=AXIS2_PLACEMENT_3D('',#11903,#8169,#8170);
#7044=AXIS2_PLACEMENT_3D('',#11912,#8175,#8176);
#7045=AXIS2_PLACEMENT_3D('',#11918,#8180,#8181);
#7046=AXIS2_PLACEMENT_3D('',#11924,#8185,#8186);
#7047=AXIS2_PLACEMENT_3D('',#11927,#8189,#8190);
#7048=AXIS2_PLACEMENT_3D('',#11936,#8195,#8196);
#7049=AXIS2_PLACEMENT_3D('',#11945,#8201,#8202);
#7050=AXIS2_PLACEMENT_3D('',#11951,#8206,#8207);
#7051=AXIS2_PLACEMENT_3D('',#11954,#8210,#8211);
#7052=AXIS2_PLACEMENT_3D('',#11956,#8213,#8214);
#7053=AXIS2_PLACEMENT_3D('',#11960,#8217,#8218);
#7054=AXIS2_PLACEMENT_3D('',#11962,#8220,#8221);
#7055=AXIS2_PLACEMENT_3D('',#11966,#8224,#8225);
#7056=AXIS2_PLACEMENT_3D('',#11968,#8227,#8228);
#7057=AXIS2_PLACEMENT_3D('',#11969,#8229,#8230);
#7058=AXIS2_PLACEMENT_3D('',#11971,#8231,#8232);
#7059=AXIS2_PLACEMENT_3D('',#11973,#8233,#8234);
#7060=AXIS2_PLACEMENT_3D('',#11974,#8235,#8236);
#7061=AXIS2_PLACEMENT_3D('',#11977,#8238,#8239);
#7062=AXIS2_PLACEMENT_3D('',#11978,#8240,#8241);
#7063=AXIS2_PLACEMENT_3D('',#11979,#8242,#8243);
#7064=AXIS2_PLACEMENT_3D('',#11982,#8244,#8245);
#7065=AXIS2_PLACEMENT_3D('',#11984,#8247,#8248);
#7066=AXIS2_PLACEMENT_3D('',#11985,#8249,#8250);
#7067=AXIS2_PLACEMENT_3D('',#11987,#8251,#8252);
#7068=AXIS2_PLACEMENT_3D('',#11988,#8253,#8254);
#7069=AXIS2_PLACEMENT_3D('',#11990,#8255,#8256);
#7070=AXIS2_PLACEMENT_3D('',#11994,#8258,#8259);
#7071=AXIS2_PLACEMENT_3D('',#11995,#8260,#8261);
#7072=AXIS2_PLACEMENT_3D('',#11996,#8262,#8263);
#7073=AXIS2_PLACEMENT_3D('',#11998,#8264,#8265);
#7074=AXIS2_PLACEMENT_3D('',#12000,#8267,#8268);
#7075=AXIS2_PLACEMENT_3D('',#12001,#8269,#8270);
#7076=AXIS2_PLACEMENT_3D('',#12010,#8275,#8276);
#7077=AXIS2_PLACEMENT_3D('',#12014,#8278,#8279);
#7078=AXIS2_PLACEMENT_3D('',#12022,#8283,#8284);
#7079=AXIS2_PLACEMENT_3D('',#12024,#8286,#8287);
#7080=AXIS2_PLACEMENT_3D('',#12028,#8290,#8291);
#7081=AXIS2_PLACEMENT_3D('',#12036,#8296,#8297);
#7082=AXIS2_PLACEMENT_3D('',#12042,#8301,#8302);
#7083=AXIS2_PLACEMENT_3D('',#12046,#8305,#8306);
#7084=AXIS2_PLACEMENT_3D('',#12049,#8309,#8310);
#7085=AXIS2_PLACEMENT_3D('',#12053,#8313,#8314);
#7086=AXIS2_PLACEMENT_3D('',#12054,#8315,#8316);
#7087=AXIS2_PLACEMENT_3D('',#12056,#8317,#8318);
#7088=AXIS2_PLACEMENT_3D('',#12058,#8320,#8321);
#7089=AXIS2_PLACEMENT_3D('',#12060,#8322,#8323);
#7090=AXIS2_PLACEMENT_3D('',#12062,#8325,#8326);
#7091=AXIS2_PLACEMENT_3D('',#12064,#8328,#8329);
#7092=AXIS2_PLACEMENT_3D('',#12066,#8331,#8332);
#7093=AXIS2_PLACEMENT_3D('',#12067,#8333,#8334);
#7094=AXIS2_PLACEMENT_3D('',#12069,#8335,#8336);
#7095=AXIS2_PLACEMENT_3D('',#12073,#8338,#8339);
#7096=AXIS2_PLACEMENT_3D('',#12074,#8340,#8341);
#7097=AXIS2_PLACEMENT_3D('',#12075,#8342,#8343);
#7098=AXIS2_PLACEMENT_3D('',#12077,#8344,#8345);
#7099=AXIS2_PLACEMENT_3D('',#12079,#8347,#8348);
#7100=AXIS2_PLACEMENT_3D('',#12080,#8349,#8350);
#7101=AXIS2_PLACEMENT_3D('',#12089,#8355,#8356);
#7102=AXIS2_PLACEMENT_3D('',#12093,#8358,#8359);
#7103=AXIS2_PLACEMENT_3D('',#12101,#8363,#8364);
#7104=AXIS2_PLACEMENT_3D('',#12103,#8366,#8367);
#7105=AXIS2_PLACEMENT_3D('',#12107,#8370,#8371);
#7106=AXIS2_PLACEMENT_3D('',#12115,#8376,#8377);
#7107=AXIS2_PLACEMENT_3D('',#12121,#8381,#8382);
#7108=AXIS2_PLACEMENT_3D('',#12125,#8385,#8386);
#7109=AXIS2_PLACEMENT_3D('',#12128,#8389,#8390);
#7110=AXIS2_PLACEMENT_3D('',#12132,#8393,#8394);
#7111=AXIS2_PLACEMENT_3D('',#12133,#8395,#8396);
#7112=AXIS2_PLACEMENT_3D('',#12135,#8397,#8398);
#7113=AXIS2_PLACEMENT_3D('',#12137,#8400,#8401);
#7114=AXIS2_PLACEMENT_3D('',#12139,#8402,#8403);
#7115=AXIS2_PLACEMENT_3D('',#12141,#8405,#8406);
#7116=AXIS2_PLACEMENT_3D('',#12143,#8408,#8409);
#7117=AXIS2_PLACEMENT_3D('',#12145,#8411,#8412);
#7118=AXIS2_PLACEMENT_3D('',#12146,#8413,#8414);
#7119=AXIS2_PLACEMENT_3D('',#12148,#8415,#8416);
#7120=AXIS2_PLACEMENT_3D('',#12152,#8418,#8419);
#7121=AXIS2_PLACEMENT_3D('',#12153,#8420,#8421);
#7122=AXIS2_PLACEMENT_3D('',#12154,#8422,#8423);
#7123=AXIS2_PLACEMENT_3D('',#12156,#8424,#8425);
#7124=AXIS2_PLACEMENT_3D('',#12158,#8427,#8428);
#7125=AXIS2_PLACEMENT_3D('',#12159,#8429,#8430);
#7126=AXIS2_PLACEMENT_3D('',#12168,#8435,#8436);
#7127=AXIS2_PLACEMENT_3D('',#12172,#8438,#8439);
#7128=AXIS2_PLACEMENT_3D('',#12180,#8443,#8444);
#7129=AXIS2_PLACEMENT_3D('',#12182,#8446,#8447);
#7130=AXIS2_PLACEMENT_3D('',#12186,#8450,#8451);
#7131=AXIS2_PLACEMENT_3D('',#12194,#8456,#8457);
#7132=AXIS2_PLACEMENT_3D('',#12200,#8461,#8462);
#7133=AXIS2_PLACEMENT_3D('',#12204,#8465,#8466);
#7134=AXIS2_PLACEMENT_3D('',#12207,#8469,#8470);
#7135=AXIS2_PLACEMENT_3D('',#12211,#8473,#8474);
#7136=AXIS2_PLACEMENT_3D('',#12212,#8475,#8476);
#7137=AXIS2_PLACEMENT_3D('',#12214,#8477,#8478);
#7138=AXIS2_PLACEMENT_3D('',#12216,#8480,#8481);
#7139=AXIS2_PLACEMENT_3D('',#12218,#8482,#8483);
#7140=AXIS2_PLACEMENT_3D('',#12220,#8485,#8486);
#7141=AXIS2_PLACEMENT_3D('',#12222,#8488,#8489);
#7142=AXIS2_PLACEMENT_3D('',#12224,#8491,#8492);
#7143=AXIS2_PLACEMENT_3D('',#12225,#8493,#8494);
#7144=AXIS2_PLACEMENT_3D('',#12228,#8495,#8496);
#7145=AXIS2_PLACEMENT_3D('',#12247,#8501,#8502);
#7146=AXIS2_PLACEMENT_3D('',#12249,#8504,#8505);
#7147=AXIS2_PLACEMENT_3D('',#12256,#8508,#8509);
#7148=AXIS2_PLACEMENT_3D('',#12258,#8510,#8511);
#7149=AXIS2_PLACEMENT_3D('',#12260,#8513,#8514);
#7150=AXIS2_PLACEMENT_3D('',#12266,#8518,#8519);
#7151=AXIS2_PLACEMENT_3D('',#12269,#8522,#8523);
#7152=AXIS2_PLACEMENT_3D('',#12271,#8525,#8526);
#7153=AXIS2_PLACEMENT_3D('',#12273,#8528,#8529);
#7154=AXIS2_PLACEMENT_3D('',#12275,#8530,#8531);
#7155=AXIS2_PLACEMENT_3D('',#12277,#8532,#8533);
#7156=AXIS2_PLACEMENT_3D('',#12279,#8534,#8535);
#7157=AXIS2_PLACEMENT_3D('',#12280,#8536,#8537);
#7158=AXIS2_PLACEMENT_3D('',#12281,#8538,#8539);
#7159=AXIS2_PLACEMENT_3D('',#12284,#8540,#8541);
#7160=AXIS2_PLACEMENT_3D('',#12286,#8543,#8544);
#7161=AXIS2_PLACEMENT_3D('',#12287,#8545,#8546);
#7162=AXIS2_PLACEMENT_3D('',#12290,#8547,#8548);
#7163=AXIS2_PLACEMENT_3D('',#12291,#8549,#8550);
#7164=AXIS2_PLACEMENT_3D('',#12293,#8551,#8552);
#7165=AXIS2_PLACEMENT_3D('',#12295,#8553,#8554);
#7166=AXIS2_PLACEMENT_3D('',#12296,#8555,#8556);
#7167=AXIS2_PLACEMENT_3D('',#12297,#8557,#8558);
#7168=AXIS2_PLACEMENT_3D('',#12299,#8560,#8561);
#7169=AXIS2_PLACEMENT_3D('',#12301,#8562,#8563);
#7170=AXIS2_PLACEMENT_3D('',#12303,#8565,#8566);
#7171=AXIS2_PLACEMENT_3D('',#12304,#8567,#8568);
#7172=AXIS2_PLACEMENT_3D('',#12308,#8570,#8571);
#7173=AXIS2_PLACEMENT_3D('',#12309,#8572,#8573);
#7174=AXIS2_PLACEMENT_3D('',#12310,#8574,#8575);
#7175=AXIS2_PLACEMENT_3D('',#12311,#8576,#8577);
#7176=AXIS2_PLACEMENT_3D('',#12324,#8578,#8579);
#7177=AXIS2_PLACEMENT_3D('',#12328,#8581,#8582);
#7178=AXIS2_PLACEMENT_3D('',#12330,#8583,#8584);
#7179=AXIS2_PLACEMENT_3D('',#12332,#8586,#8587);
#7180=AXIS2_PLACEMENT_3D('',#12340,#8592,#8593);
#7181=AXIS2_PLACEMENT_3D('',#12345,#8596,#8597);
#7182=AXIS2_PLACEMENT_3D('',#12346,#8598,#8599);
#7183=AXIS2_PLACEMENT_3D('',#12350,#8602,#8603);
#7184=AXIS2_PLACEMENT_3D('',#12352,#8605,#8606);
#7185=AXIS2_PLACEMENT_3D('',#12354,#8608,#8609);
#7186=AXIS2_PLACEMENT_3D('',#12356,#8610,#8611);
#7187=AXIS2_PLACEMENT_3D('',#12358,#8612,#8613);
#7188=AXIS2_PLACEMENT_3D('',#12360,#8614,#8615);
#7189=AXIS2_PLACEMENT_3D('',#12361,#8616,#8617);
#7190=AXIS2_PLACEMENT_3D('',#12362,#8618,#8619);
#7191=AXIS2_PLACEMENT_3D('',#12365,#8620,#8621);
#7192=AXIS2_PLACEMENT_3D('',#12367,#8623,#8624);
#7193=AXIS2_PLACEMENT_3D('',#12368,#8625,#8626);
#7194=AXIS2_PLACEMENT_3D('',#12371,#8627,#8628);
#7195=AXIS2_PLACEMENT_3D('',#12372,#8629,#8630);
#7196=AXIS2_PLACEMENT_3D('',#12374,#8631,#8632);
#7197=AXIS2_PLACEMENT_3D('',#12376,#8633,#8634);
#7198=AXIS2_PLACEMENT_3D('',#12377,#8635,#8636);
#7199=AXIS2_PLACEMENT_3D('',#12378,#8637,#8638);
#7200=AXIS2_PLACEMENT_3D('',#12380,#8640,#8641);
#7201=AXIS2_PLACEMENT_3D('',#12382,#8642,#8643);
#7202=AXIS2_PLACEMENT_3D('',#12384,#8645,#8646);
#7203=AXIS2_PLACEMENT_3D('',#12385,#8647,#8648);
#7204=AXIS2_PLACEMENT_3D('',#12389,#8650,#8651);
#7205=AXIS2_PLACEMENT_3D('',#12390,#8652,#8653);
#7206=AXIS2_PLACEMENT_3D('',#12391,#8654,#8655);
#7207=AXIS2_PLACEMENT_3D('',#12392,#8656,#8657);
#7208=DIRECTION('axis',(0.,0.,1.));
#7209=DIRECTION('refdir',(1.,0.,0.));
#7210=DIRECTION('center_axis',(2.60098608565937E-16,1.,0.));
#7211=DIRECTION('ref_axis',(-1.,2.60098608565937E-16,0.));
#7212=DIRECTION('',(1.,-2.60098608565937E-16,0.));
#7213=DIRECTION('',(0.,0.,1.));
#7214=DIRECTION('',(-1.,2.60098608565937E-16,0.));
#7215=DIRECTION('',(0.,0.,1.));
#7216=DIRECTION('center_axis',(0.,0.,1.));
#7217=DIRECTION('ref_axis',(0.768407143481764,0.639961297147098,0.));
#7218=DIRECTION('center_axis',(0.,0.,1.));
#7219=DIRECTION('ref_axis',(0.768407143481764,0.639961297147098,0.));
#7220=DIRECTION('center_axis',(0.,0.,-1.));
#7221=DIRECTION('ref_axis',(0.768407143481764,0.639961297147098,0.));
#7222=DIRECTION('center_axis',(0.,-1.,0.));
#7223=DIRECTION('ref_axis',(1.,0.,0.));
#7224=DIRECTION('',(-1.,0.,0.));
#7225=DIRECTION('',(0.,0.,1.));
#7226=DIRECTION('',(1.,0.,0.));
#7227=DIRECTION('',(0.,0.,1.));
#7228=DIRECTION('center_axis',(0.,0.,1.));
#7229=DIRECTION('ref_axis',(0.877217068824475,0.480093963889358,0.));
#7230=DIRECTION('center_axis',(0.,0.,-1.));
#7231=DIRECTION('ref_axis',(0.877217068824475,0.480093963889358,0.));
#7232=DIRECTION('center_axis',(0.,0.,1.));
#7233=DIRECTION('ref_axis',(0.877217068824475,0.480093963889358,0.));
#7234=DIRECTION('center_axis',(0.,0.,1.));
#7235=DIRECTION('ref_axis',(-1.,0.,0.));
#7236=DIRECTION('center_axis',(0.,0.,1.));
#7237=DIRECTION('ref_axis',(1.,0.,0.));
#7238=DIRECTION('',(1.,0.,0.));
#7239=DIRECTION('',(0.,1.,0.));
#7240=DIRECTION('',(-1.,-7.37689717358908E-17,0.));
#7241=DIRECTION('',(1.16253719856037E-16,-1.,0.));
#7242=DIRECTION('center_axis',(0.,0.,-1.));
#7243=DIRECTION('ref_axis',(-1.,0.,0.));
#7244=DIRECTION('',(0.996199719882969,0.087098324352965,0.));
#7245=DIRECTION('',(-0.997179237054005,-0.0750571061818421,0.));
#7246=DIRECTION('',(0.,1.,0.));
#7247=DIRECTION('',(1.,0.,0.));
#7248=DIRECTION('',(0.,-1.,0.));
#7249=DIRECTION('',(-1.,0.,0.));
#7250=DIRECTION('',(-1.,0.,0.));
#7251=DIRECTION('',(0.,1.,0.));
#7252=DIRECTION('',(0.842616505528229,0.538514089519852,0.));
#7253=DIRECTION('',(0.,-1.,0.));
#7254=DIRECTION('',(-0.843775091761622,-0.536696929861414,0.));
#7255=DIRECTION('',(0.,-1.,0.));
#7256=DIRECTION('',(1.,0.,0.));
#7257=DIRECTION('',(0.,-1.,0.));
#7258=DIRECTION('',(0.996199645643859,0.087099173469384,0.));
#7259=DIRECTION('',(-0.997179269728466,-0.0750566720805269,0.));
#7260=DIRECTION('',(-1.,0.,0.));
#7261=DIRECTION('',(0.,1.,0.));
#7262=DIRECTION('',(0.,1.,0.));
#7263=DIRECTION('',(1.,0.,0.));
#7264=DIRECTION('',(0.,-1.,0.));
#7265=DIRECTION('',(0.,1.,0.));
#7266=DIRECTION('',(1.,0.,0.));
#7267=DIRECTION('',(0.,-1.,0.));
#7268=DIRECTION('',(-1.,0.,0.));
#7269=DIRECTION('',(0.999896634955693,-0.0143777398878292,0.));
#7270=DIRECTION('center_axis',(0.,0.,-1.));
#7271=DIRECTION('ref_axis',(-0.884029061377807,-0.467431940114787,0.));
#7272=DIRECTION('center_axis',(0.,0.,-1.));
#7273=DIRECTION('ref_axis',(1.,0.,0.));
#7274=DIRECTION('center_axis',(0.,0.,-1.));
#7275=DIRECTION('ref_axis',(1.,0.,0.));
#7276=DIRECTION('center_axis',(0.,0.,-1.));
#7277=DIRECTION('ref_axis',(1.,0.,0.));
#7278=DIRECTION('center_axis',(0.,0.,-1.));
#7279=DIRECTION('ref_axis',(1.,0.,0.));
#7280=DIRECTION('center_axis',(0.,0.,-1.));
#7281=DIRECTION('ref_axis',(1.,0.,0.));
#7282=DIRECTION('center_axis',(0.,0.,-1.));
#7283=DIRECTION('ref_axis',(1.,0.,0.));
#7284=DIRECTION('center_axis',(0.,0.,-1.));
#7285=DIRECTION('ref_axis',(1.,0.,0.));
#7286=DIRECTION('center_axis',(0.,0.,-1.));
#7287=DIRECTION('ref_axis',(1.,0.,0.));
#7288=DIRECTION('center_axis',(0.,0.,-1.));
#7289=DIRECTION('ref_axis',(1.,0.,0.));
#7290=DIRECTION('center_axis',(0.,0.,-1.));
#7291=DIRECTION('ref_axis',(1.,0.,0.));
#7292=DIRECTION('center_axis',(0.,0.,-1.));
#7293=DIRECTION('ref_axis',(0.,1.,0.));
#7294=DIRECTION('center_axis',(0.,0.,-1.));
#7295=DIRECTION('ref_axis',(0.,1.,0.));
#7296=DIRECTION('center_axis',(0.,0.,-1.));
#7297=DIRECTION('ref_axis',(1.,0.,0.));
#7298=DIRECTION('center_axis',(0.,0.,-1.));
#7299=DIRECTION('ref_axis',(1.,0.,0.));
#7300=DIRECTION('center_axis',(0.,0.,-1.));
#7301=DIRECTION('ref_axis',(1.,0.,0.));
#7302=DIRECTION('center_axis',(0.,0.,-1.));
#7303=DIRECTION('ref_axis',(1.,0.,0.));
#7304=DIRECTION('',(0.,-1.,0.));
#7305=DIRECTION('',(-1.,0.,0.));
#7306=DIRECTION('',(0.,1.,0.));
#7307=DIRECTION('',(1.,0.,0.));
#7308=DIRECTION('center_axis',(0.,0.,-1.));
#7309=DIRECTION('ref_axis',(0.,1.,0.));
#7310=DIRECTION('',(0.358509679875593,0.93352600897645,0.));
#7311=DIRECTION('',(1.,0.,0.));
#7312=DIRECTION('',(0.378780316579377,-0.925486613502338,0.));
#7313=DIRECTION('',(-1.,0.,0.));
#7314=DIRECTION('',(-0.359401529578064,0.933183015563907,0.));
#7315=DIRECTION('',(-1.,0.,0.));
#7316=DIRECTION('',(-0.340892797662457,-0.940102175564903,0.));
#7317=DIRECTION('',(-1.,0.,0.));
#7318=DIRECTION('',(-1.,0.,0.));
#7319=DIRECTION('',(0.,1.,0.));
#7320=DIRECTION('',(1.,0.,0.));
#7321=DIRECTION('',(0.,-1.,0.));
#7322=DIRECTION('',(0.,1.,0.));
#7323=DIRECTION('',(1.,0.,0.));
#7324=DIRECTION('',(0.538514148625765,-0.842616467753787,0.));
#7325=DIRECTION('',(-1.,0.,0.));
#7326=DIRECTION('',(-0.536696499597873,0.843775365437621,0.));
#7327=DIRECTION('',(-1.,0.,0.));
#7328=DIRECTION('',(0.,-1.,0.));
#7329=DIRECTION('',(-1.,0.,0.));
#7330=DIRECTION('center_axis',(0.,0.,1.));
#7331=DIRECTION('ref_axis',(-1.,0.,0.));
#7332=DIRECTION('center_axis',(0.,0.,-1.));
#7333=DIRECTION('ref_axis',(-1.,0.,0.));
#7334=DIRECTION('',(0.,0.,-1.));
#7335=DIRECTION('center_axis',(0.,0.,1.));
#7336=DIRECTION('ref_axis',(-1.,0.,0.));
#7337=DIRECTION('center_axis',(0.,0.,1.));
#7338=DIRECTION('ref_axis',(-1.,0.,0.));
#7339=DIRECTION('center_axis',(0.,0.,1.));
#7340=DIRECTION('ref_axis',(-1.,0.,0.));
#7341=DIRECTION('',(0.,0.,-1.));
#7342=DIRECTION('center_axis',(0.,0.,1.));
#7343=DIRECTION('ref_axis',(-1.,0.,0.));
#7344=DIRECTION('center_axis',(0.,0.,1.));
#7345=DIRECTION('ref_axis',(1.,0.,0.));
#7346=DIRECTION('center_axis',(-0.087098324352965,0.996199719882969,0.));
#7347=DIRECTION('ref_axis',(-0.996199719882969,-0.087098324352965,0.));
#7348=DIRECTION('',(0.,0.,1.));
#7349=DIRECTION('',(-0.996199719882969,-0.087098324352965,0.));
#7350=DIRECTION('',(0.,0.,1.));
#7351=DIRECTION('',(0.,0.,1.));
#7352=DIRECTION('',(0.,0.,1.));
#7353=DIRECTION('',(0.,0.,1.));
#7354=DIRECTION('',(0.,0.,1.));
#7355=DIRECTION('',(0.,0.,1.));
#7356=DIRECTION('',(0.,0.,1.));
#7357=DIRECTION('',(0.,0.,1.));
#7358=DIRECTION('',(0.,0.,1.));
#7359=DIRECTION('',(0.,0.,1.));
#7360=DIRECTION('',(0.,0.,1.));
#7361=DIRECTION('',(0.,0.,1.));
#7362=DIRECTION('',(0.,0.,1.));
#7363=DIRECTION('',(0.,0.,1.));
#7364=DIRECTION('',(0.,0.,1.));
#7365=DIRECTION('',(0.,0.,1.));
#7366=DIRECTION('',(0.,0.,1.));
#7367=DIRECTION('',(0.,0.,1.));
#7368=DIRECTION('',(0.,0.,1.));
#7369=DIRECTION('center_axis',(0.0750571061818421,-0.997179237054005,0.));
#7370=DIRECTION('ref_axis',(0.997179237054005,0.0750571061818421,0.));
#7371=DIRECTION('',(0.997179237054005,0.0750571061818421,0.));
#7372=DIRECTION('',(0.,0.,1.));
#7373=DIRECTION('',(0.,0.,1.));
#7374=DIRECTION('',(0.,0.,1.));
#7375=DIRECTION('',(0.,0.,1.));
#7376=DIRECTION('',(0.,0.,1.));
#7377=DIRECTION('',(0.,0.,1.));
#7378=DIRECTION('',(0.,0.,1.));
#7379=DIRECTION('',(0.,0.,1.));
#7380=DIRECTION('',(0.,0.,1.));
#7381=DIRECTION('',(0.,0.,1.));
#7382=DIRECTION('',(0.,0.,1.));
#7383=DIRECTION('',(0.,0.,1.));
#7384=DIRECTION('',(0.,0.,1.));
#7385=DIRECTION('',(0.,0.,1.));
#7386=DIRECTION('',(0.,0.,1.));
#7387=DIRECTION('center_axis',(0.,0.,1.));
#7388=DIRECTION('ref_axis',(-1.,0.,0.));
#7389=DIRECTION('center_axis',(-1.,0.,0.));
#7390=DIRECTION('ref_axis',(0.,-1.,0.));
#7391=DIRECTION('',(0.,0.,1.));
#7392=DIRECTION('',(0.,-1.,0.));
#7393=DIRECTION('',(0.,0.,1.));
#7394=DIRECTION('center_axis',(0.,1.,0.));
#7395=DIRECTION('ref_axis',(-1.,0.,0.));
#7396=DIRECTION('',(-1.,0.,0.));
#7397=DIRECTION('',(0.,0.,1.));
#7398=DIRECTION('center_axis',(1.,0.,0.));
#7399=DIRECTION('ref_axis',(0.,1.,0.));
#7400=DIRECTION('',(0.,1.,0.));
#7401=DIRECTION('',(0.,0.,1.));
#7402=DIRECTION('center_axis',(0.,-1.,0.));
#7403=DIRECTION('ref_axis',(1.,0.,0.));
#7404=DIRECTION('',(1.,0.,0.));
#7405=DIRECTION('center_axis',(0.,0.,1.));
#7406=DIRECTION('ref_axis',(1.,0.,0.));
#7407=DIRECTION('center_axis',(0.,1.,0.));
#7408=DIRECTION('ref_axis',(-1.,0.,0.));
#7409=DIRECTION('',(1.,0.,0.));
#7410=DIRECTION('',(0.,0.,1.));
#7411=DIRECTION('',(-1.,0.,0.));
#7412=DIRECTION('',(0.,0.,1.));
#7413=DIRECTION('',(0.,0.,1.));
#7414=DIRECTION('',(0.,0.,1.));
#7415=DIRECTION('',(0.,0.,1.));
#7416=DIRECTION('',(0.,0.,1.));
#7417=DIRECTION('',(0.,0.,1.));
#7418=DIRECTION('center_axis',(0.,-1.,0.));
#7419=DIRECTION('ref_axis',(1.,0.,0.));
#7420=DIRECTION('',(-1.,0.,0.));
#7421=DIRECTION('',(1.,0.,0.));
#7422=DIRECTION('',(0.,0.,1.));
#7423=DIRECTION('center_axis',(1.,0.,0.));
#7424=DIRECTION('ref_axis',(0.,1.,0.));
#7425=DIRECTION('',(0.,-1.,0.));
#7426=DIRECTION('',(0.,1.,0.));
#7427=DIRECTION('center_axis',(-1.,0.,0.));
#7428=DIRECTION('ref_axis',(0.,-1.,0.));
#7429=DIRECTION('',(0.,0.,1.));
#7430=DIRECTION('',(0.,-1.,0.));
#7431=DIRECTION('',(0.,0.,1.));
#7432=DIRECTION('center_axis',(0.,1.,0.));
#7433=DIRECTION('ref_axis',(-1.,0.,0.));
#7434=DIRECTION('',(-1.,0.,0.));
#7435=DIRECTION('',(0.,0.,1.));
#7436=DIRECTION('',(0.,0.,1.));
#7437=DIRECTION('',(0.,0.,1.));
#7438=DIRECTION('',(0.,0.,1.));
#7439=DIRECTION('',(0.,0.,1.));
#7440=DIRECTION('',(0.,0.,1.));
#7441=DIRECTION('',(0.,0.,1.));
#7442=DIRECTION('',(0.,0.,1.));
#7443=DIRECTION('center_axis',(0.842616467753787,0.538514148625765,0.));
#7444=DIRECTION('ref_axis',(-0.538514148625765,0.842616467753787,0.));
#7445=DIRECTION('',(-0.538514148625764,0.842616467753787,0.));
#7446=DIRECTION('',(0.,0.,1.));
#7447=DIRECTION('center_axis',(0.,-1.,0.));
#7448=DIRECTION('ref_axis',(1.,0.,0.));
#7449=DIRECTION('',(1.,0.,0.));
#7450=DIRECTION('',(0.,0.,1.));
#7451=DIRECTION('center_axis',(-0.843775365437621,-0.536696499597873,0.));
#7452=DIRECTION('ref_axis',(0.536696499597873,-0.843775365437621,0.));
#7453=DIRECTION('',(0.536696499597873,-0.843775365437621,0.));
#7454=DIRECTION('',(0.,0.,1.));
#7455=DIRECTION('',(0.,0.,1.));
#7456=DIRECTION('',(0.,0.,1.));
#7457=DIRECTION('',(0.,0.,1.));
#7458=DIRECTION('',(0.,0.,1.));
#7459=DIRECTION('center_axis',(0.,-1.,0.));
#7460=DIRECTION('ref_axis',(1.,0.,0.));
#7461=DIRECTION('',(1.,0.,0.));
#7462=DIRECTION('',(0.,0.,1.));
#7463=DIRECTION('center_axis',(1.,0.,0.));
#7464=DIRECTION('ref_axis',(0.,1.,0.));
#7465=DIRECTION('',(0.,1.,0.));
#7466=DIRECTION('',(0.,0.,1.));
#7467=DIRECTION('center_axis',(0.,-1.,0.));
#7468=DIRECTION('ref_axis',(1.,0.,0.));
#7469=DIRECTION('',(1.,0.,0.));
#7470=DIRECTION('center_axis',(0.,0.,1.));
#7471=DIRECTION('ref_axis',(-1.,0.,0.));
#7472=DIRECTION('center_axis',(0.,0.,1.));
#7473=DIRECTION('ref_axis',(1.,0.,0.));
#7474=DIRECTION('center_axis',(0.,-1.,0.));
#7475=DIRECTION('ref_axis',(1.,0.,0.));
#7476=DIRECTION('',(0.,0.,1.));
#7477=DIRECTION('',(1.,0.,0.));
#7478=DIRECTION('',(0.,0.,1.));
#7479=DIRECTION('center_axis',(-1.,0.,0.));
#7480=DIRECTION('ref_axis',(0.,-1.,0.));
#7481=DIRECTION('',(0.,-1.,0.));
#7482=DIRECTION('',(0.,0.,1.));
#7483=DIRECTION('center_axis',(0.,1.,0.));
#7484=DIRECTION('ref_axis',(-1.,0.,0.));
#7485=DIRECTION('',(-1.,0.,0.));
#7486=DIRECTION('',(0.,0.,1.));
#7487=DIRECTION('center_axis',(1.,0.,0.));
#7488=DIRECTION('ref_axis',(0.,1.,0.));
#7489=DIRECTION('',(0.,1.,0.));
#7490=DIRECTION('center_axis',(0.,0.,1.));
#7491=DIRECTION('ref_axis',(1.,0.,0.));
#7492=DIRECTION('center_axis',(-1.,0.,0.));
#7493=DIRECTION('ref_axis',(0.,-1.,0.));
#7494=DIRECTION('',(0.,1.,0.));
#7495=DIRECTION('',(0.,0.,1.));
#7496=DIRECTION('',(0.,-1.,0.));
#7497=DIRECTION('',(0.,0.,1.));
#7498=DIRECTION('',(0.,0.,1.));
#7499=DIRECTION('',(0.,0.,1.));
#7500=DIRECTION('',(0.,0.,1.));
#7501=DIRECTION('',(0.,0.,1.));
#7502=DIRECTION('',(0.,0.,1.));
#7503=DIRECTION('center_axis',(1.,0.,0.));
#7504=DIRECTION('ref_axis',(0.,1.,0.));
#7505=DIRECTION('',(0.,-1.,0.));
#7506=DIRECTION('',(0.,1.,0.));
#7507=DIRECTION('',(0.,0.,1.));
#7508=DIRECTION('center_axis',(0.,1.,0.));
#7509=DIRECTION('ref_axis',(-1.,0.,0.));
#7510=DIRECTION('',(1.,0.,0.));
#7511=DIRECTION('',(-1.,0.,0.));
#7512=DIRECTION('center_axis',(0.,-1.,0.));
#7513=DIRECTION('ref_axis',(1.,0.,0.));
#7514=DIRECTION('',(0.,0.,1.));
#7515=DIRECTION('',(1.,0.,0.));
#7516=DIRECTION('',(0.,0.,1.));
#7517=DIRECTION('center_axis',(-1.,0.,0.));
#7518=DIRECTION('ref_axis',(0.,-1.,0.));
#7519=DIRECTION('',(0.,-1.,0.));
#7520=DIRECTION('',(0.,0.,1.));
#7521=DIRECTION('',(0.,0.,1.));
#7522=DIRECTION('',(0.,0.,1.));
#7523=DIRECTION('',(0.,0.,1.));
#7524=DIRECTION('',(0.,0.,1.));
#7525=DIRECTION('',(0.,0.,1.));
#7526=DIRECTION('',(0.,0.,1.));
#7527=DIRECTION('',(0.,0.,1.));
#7528=DIRECTION('center_axis',(-0.538514089519852,0.842616505528229,0.));
#7529=DIRECTION('ref_axis',(-0.842616505528229,-0.538514089519852,0.));
#7530=DIRECTION('',(-0.842616505528229,-0.538514089519852,0.));
#7531=DIRECTION('',(0.,0.,1.));
#7532=DIRECTION('center_axis',(1.,0.,0.));
#7533=DIRECTION('ref_axis',(0.,1.,0.));
#7534=DIRECTION('',(0.,1.,0.));
#7535=DIRECTION('',(0.,0.,1.));
#7536=DIRECTION('center_axis',(0.536696929861414,-0.843775091761621,0.));
#7537=DIRECTION('ref_axis',(0.843775091761622,0.536696929861414,0.));
#7538=DIRECTION('',(0.843775091761622,0.536696929861414,0.));
#7539=DIRECTION('',(0.,0.,1.));
#7540=DIRECTION('',(0.,0.,1.));
#7541=DIRECTION('',(0.,0.,1.));
#7542=DIRECTION('',(0.,0.,1.));
#7543=DIRECTION('',(0.,0.,1.));
#7544=DIRECTION('center_axis',(1.,0.,0.));
#7545=DIRECTION('ref_axis',(0.,1.,0.));
#7546=DIRECTION('',(0.,1.,0.));
#7547=DIRECTION('',(0.,0.,1.));
#7548=DIRECTION('center_axis',(0.,1.,0.));
#7549=DIRECTION('ref_axis',(-1.,0.,0.));
#7550=DIRECTION('',(-1.,0.,0.));
#7551=DIRECTION('',(0.,0.,1.));
#7552=DIRECTION('center_axis',(1.,0.,0.));
#7553=DIRECTION('ref_axis',(0.,1.,0.));
#7554=DIRECTION('',(0.,1.,0.));
#7555=DIRECTION('center_axis',(0.,0.,1.));
#7556=DIRECTION('ref_axis',(-1.,0.,0.));
#7557=DIRECTION('center_axis',(0.,0.,1.));
#7558=DIRECTION('ref_axis',(1.,0.,0.));
#7559=DIRECTION('center_axis',(-0.087099173469384,0.996199645643859,0.));
#7560=DIRECTION('ref_axis',(-0.996199645643859,-0.087099173469384,0.));
#7561=DIRECTION('',(0.,0.,1.));
#7562=DIRECTION('',(-0.996199645643859,-0.087099173469384,0.));
#7563=DIRECTION('',(0.,0.,1.));
#7564=DIRECTION('',(0.,0.,1.));
#7565=DIRECTION('',(0.,0.,1.));
#7566=DIRECTION('',(0.,0.,1.));
#7567=DIRECTION('',(0.,0.,1.));
#7568=DIRECTION('',(0.,0.,1.));
#7569=DIRECTION('',(0.,0.,1.));
#7570=DIRECTION('',(0.,0.,1.));
#7571=DIRECTION('',(0.,0.,1.));
#7572=DIRECTION('',(0.,0.,1.));
#7573=DIRECTION('',(0.,0.,1.));
#7574=DIRECTION('',(0.,0.,1.));
#7575=DIRECTION('',(0.,0.,1.));
#7576=DIRECTION('',(0.,0.,1.));
#7577=DIRECTION('',(0.,0.,1.));
#7578=DIRECTION('',(0.,0.,1.));
#7579=DIRECTION('',(0.,0.,1.));
#7580=DIRECTION('',(0.,0.,1.));
#7581=DIRECTION('',(0.,0.,1.));
#7582=DIRECTION('center_axis',(0.0750566720805269,-0.997179269728466,0.));
#7583=DIRECTION('ref_axis',(0.997179269728466,0.0750566720805269,0.));
#7584=DIRECTION('',(0.997179269728466,0.0750566720805269,0.));
#7585=DIRECTION('',(0.,0.,1.));
#7586=DIRECTION('',(0.,0.,1.));
#7587=DIRECTION('',(0.,0.,1.));
#7588=DIRECTION('',(0.,0.,1.));
#7589=DIRECTION('',(0.,0.,1.));
#7590=DIRECTION('',(0.,0.,1.));
#7591=DIRECTION('',(0.,0.,1.));
#7592=DIRECTION('',(0.,0.,1.));
#7593=DIRECTION('',(0.,0.,1.));
#7594=DIRECTION('',(0.,0.,1.));
#7595=DIRECTION('',(0.,0.,1.));
#7596=DIRECTION('',(0.,0.,1.));
#7597=DIRECTION('',(0.,0.,1.));
#7598=DIRECTION('',(0.,0.,1.));
#7599=DIRECTION('',(0.,0.,1.));
#7600=DIRECTION('center_axis',(0.,0.,1.));
#7601=DIRECTION('ref_axis',(-1.,0.,0.));
#7602=DIRECTION('center_axis',(0.,-1.,0.));
#7603=DIRECTION('ref_axis',(1.,0.,0.));
#7604=DIRECTION('',(0.,0.,1.));
#7605=DIRECTION('',(1.,0.,0.));
#7606=DIRECTION('',(0.,0.,1.));
#7607=DIRECTION('center_axis',(-1.,0.,0.));
#7608=DIRECTION('ref_axis',(0.,-1.,0.));
#7609=DIRECTION('',(0.,-1.,0.));
#7610=DIRECTION('',(0.,0.,1.));
#7611=DIRECTION('',(0.,0.,1.));
#7612=DIRECTION('',(0.,0.,1.));
#7613=DIRECTION('center_axis',(-1.,0.,0.));
#7614=DIRECTION('ref_axis',(0.,-1.,0.));
#7615=DIRECTION('',(0.,-1.,0.));
#7616=DIRECTION('',(0.,0.,1.));
#7617=DIRECTION('',(0.,0.,1.));
#7618=DIRECTION('',(0.,0.,1.));
#7619=DIRECTION('center_axis',(0.,1.,0.));
#7620=DIRECTION('ref_axis',(-1.,0.,0.));
#7621=DIRECTION('',(-1.,0.,0.));
#7622=DIRECTION('',(0.,0.,1.));
#7623=DIRECTION('center_axis',(1.,0.,0.));
#7624=DIRECTION('ref_axis',(0.,1.,0.));
#7625=DIRECTION('',(0.,1.,0.));
#7626=DIRECTION('center_axis',(0.,0.,1.));
#7627=DIRECTION('ref_axis',(-1.,0.,0.));
#7628=DIRECTION('center_axis',(-1.,0.,0.));
#7629=DIRECTION('ref_axis',(0.,-1.,0.));
#7630=DIRECTION('',(0.,0.,1.));
#7631=DIRECTION('',(0.,-1.,0.));
#7632=DIRECTION('',(0.,0.,1.));
#7633=DIRECTION('center_axis',(0.,1.,0.));
#7634=DIRECTION('ref_axis',(-1.,0.,0.));
#7635=DIRECTION('',(-1.,0.,0.));
#7636=DIRECTION('',(0.,0.,1.));
#7637=DIRECTION('center_axis',(1.,0.,0.));
#7638=DIRECTION('ref_axis',(0.,1.,0.));
#7639=DIRECTION('',(0.,1.,0.));
#7640=DIRECTION('',(0.,0.,1.));
#7641=DIRECTION('center_axis',(0.,-1.,0.));
#7642=DIRECTION('ref_axis',(1.,0.,0.));
#7643=DIRECTION('',(1.,0.,0.));
#7644=DIRECTION('center_axis',(0.,0.,1.));
#7645=DIRECTION('ref_axis',(1.,0.,0.));
#7646=DIRECTION('center_axis',(0.,1.,0.));
#7647=DIRECTION('ref_axis',(-1.,0.,0.));
#7648=DIRECTION('',(1.,0.,0.));
#7649=DIRECTION('',(0.,0.,1.));
#7650=DIRECTION('',(-1.,0.,0.));
#7651=DIRECTION('',(0.,0.,1.));
#7652=DIRECTION('center_axis',(-0.935759598387605,-0.352638588395354,0.));
#7653=DIRECTION('ref_axis',(0.352638588395354,-0.935759598387605,0.));
#7654=DIRECTION('',(-0.352638588395354,0.935759598387605,0.));
#7655=DIRECTION('',(0.352638588395354,-0.935759598387605,0.));
#7656=DIRECTION('',(0.,0.,1.));
#7657=DIRECTION('',(0.,0.,1.));
#7658=DIRECTION('',(0.,0.,1.));
#7659=DIRECTION('center_axis',(0.936508075835917,-0.350646009379986,0.));
#7660=DIRECTION('ref_axis',(0.350646009379986,0.936508075835917,0.));
#7661=DIRECTION('',(-0.350646009379986,-0.936508075835917,0.));
#7662=DIRECTION('',(0.350646009379986,0.936508075835917,0.));
#7663=DIRECTION('center_axis',(-0.93352600897645,0.358509679875593,0.));
#7664=DIRECTION('ref_axis',(-0.358509679875593,-0.93352600897645,0.));
#7665=DIRECTION('',(0.,0.,1.));
#7666=DIRECTION('',(-0.358509679875593,-0.93352600897645,0.));
#7667=DIRECTION('',(0.,0.,1.));
#7668=DIRECTION('center_axis',(0.,1.,0.));
#7669=DIRECTION('ref_axis',(-1.,0.,0.));
#7670=DIRECTION('',(-1.,0.,0.));
#7671=DIRECTION('',(0.,0.,1.));
#7672=DIRECTION('center_axis',(0.925486613502338,0.378780316579378,0.));
#7673=DIRECTION('ref_axis',(-0.378780316579377,0.925486613502338,0.));
#7674=DIRECTION('',(-0.378780316579377,0.925486613502338,0.));
#7675=DIRECTION('',(0.,0.,1.));
#7676=DIRECTION('center_axis',(0.,-1.,0.));
#7677=DIRECTION('ref_axis',(1.,0.,0.));
#7678=DIRECTION('',(1.,0.,0.));
#7679=DIRECTION('',(0.,0.,1.));
#7680=DIRECTION('center_axis',(-0.933183015563908,-0.359401529578064,0.));
#7681=DIRECTION('ref_axis',(0.359401529578064,-0.933183015563907,0.));
#7682=DIRECTION('',(0.359401529578064,-0.933183015563907,0.));
#7683=DIRECTION('',(0.,0.,1.));
#7684=DIRECTION('center_axis',(0.,-1.,0.));
#7685=DIRECTION('ref_axis',(1.,0.,0.));
#7686=DIRECTION('',(1.,0.,0.));
#7687=DIRECTION('',(0.,0.,1.));
#7688=DIRECTION('center_axis',(0.940102175564903,-0.340892797662457,0.));
#7689=DIRECTION('ref_axis',(0.340892797662457,0.940102175564903,0.));
#7690=DIRECTION('',(0.340892797662457,0.940102175564903,0.));
#7691=DIRECTION('',(0.,0.,1.));
#7692=DIRECTION('center_axis',(0.,-1.,0.));
#7693=DIRECTION('ref_axis',(1.,0.,0.));
#7694=DIRECTION('',(1.,0.,0.));
#7695=DIRECTION('center_axis',(0.,0.,1.));
#7696=DIRECTION('ref_axis',(-1.,0.,0.));
#7697=DIRECTION('center_axis',(0.,0.,1.));
#7698=DIRECTION('ref_axis',(1.,0.,0.));
#7699=DIRECTION('center_axis',(-0.0143777398878292,-0.999896634955693,0.));
#7700=DIRECTION('ref_axis',(0.999896634955693,-0.0143777398878292,0.));
#7701=DIRECTION('',(-0.999896634955693,0.0143777398878292,0.));
#7702=DIRECTION('',(0.,0.,1.));
#7703=DIRECTION('',(0.999896634955693,-0.0143777398878292,0.));
#7704=DIRECTION('',(0.,0.,1.));
#7705=DIRECTION('center_axis',(0.,0.,1.));
#7706=DIRECTION('ref_axis',(-0.77752891411199,-0.628847189482334,0.));
#7707=DIRECTION('center_axis',(0.,0.,1.));
#7708=DIRECTION('ref_axis',(-0.77752891411199,-0.628847189482334,0.));
#7709=DIRECTION('center_axis',(0.,0.,-1.));
#7710=DIRECTION('ref_axis',(-0.77752891411199,-0.628847189482334,0.));
#7711=DIRECTION('center_axis',(0.0143777398878292,0.999896634955693,0.));
#7712=DIRECTION('ref_axis',(-0.999896634955693,0.0143777398878292,0.));
#7713=DIRECTION('',(0.,0.,1.));
#7714=DIRECTION('',(-0.999896634955693,0.0143777398878292,0.));
#7715=DIRECTION('',(0.,0.,1.));
#7716=DIRECTION('center_axis',(0.,0.,1.));
#7717=DIRECTION('ref_axis',(-0.884029061377807,-0.467431940114787,0.));
#7718=DIRECTION('center_axis',(0.,0.,1.));
#7719=DIRECTION('ref_axis',(-0.884029061377807,-0.467431940114787,0.));
#7720=DIRECTION('center_axis',(0.,0.,1.));
#7721=DIRECTION('ref_axis',(-1.,0.,0.));
#7722=DIRECTION('center_axis',(0.,0.,1.));
#7723=DIRECTION('ref_axis',(1.,0.,0.));
#7724=DIRECTION('center_axis',(0.,0.,1.));
#7725=DIRECTION('ref_axis',(1.,0.,0.));
#7726=DIRECTION('center_axis',(0.,0.,1.));
#7727=DIRECTION('ref_axis',(1.,0.,0.));
#7728=DIRECTION('',(0.,0.,1.));
#7729=DIRECTION('center_axis',(0.,0.,1.));
#7730=DIRECTION('ref_axis',(1.,0.,0.));
#7731=DIRECTION('center_axis',(0.,0.,1.));
#7732=DIRECTION('ref_axis',(1.,0.,0.));
#7733=DIRECTION('center_axis',(0.,0.,-1.));
#7734=DIRECTION('ref_axis',(1.,0.,0.));
#7735=DIRECTION('center_axis',(0.,0.,1.));
#7736=DIRECTION('ref_axis',(1.,0.,0.));
#7737=DIRECTION('center_axis',(0.,0.,1.));
#7738=DIRECTION('ref_axis',(1.,0.,0.));
#7739=DIRECTION('',(0.,0.,1.));
#7740=DIRECTION('center_axis',(0.,0.,1.));
#7741=DIRECTION('ref_axis',(1.,0.,0.));
#7742=DIRECTION('center_axis',(0.,0.,1.));
#7743=DIRECTION('ref_axis',(1.,0.,0.));
#7744=DIRECTION('center_axis',(0.,0.,-1.));
#7745=DIRECTION('ref_axis',(1.,0.,0.));
#7746=DIRECTION('center_axis',(0.,0.,1.));
#7747=DIRECTION('ref_axis',(1.,0.,0.));
#7748=DIRECTION('center_axis',(0.,0.,1.));
#7749=DIRECTION('ref_axis',(1.,0.,0.));
#7750=DIRECTION('',(0.,0.,1.));
#7751=DIRECTION('center_axis',(0.,0.,1.));
#7752=DIRECTION('ref_axis',(1.,0.,0.));
#7753=DIRECTION('center_axis',(0.,0.,1.));
#7754=DIRECTION('ref_axis',(1.,0.,0.));
#7755=DIRECTION('center_axis',(0.,0.,-1.));
#7756=DIRECTION('ref_axis',(1.,0.,0.));
#7757=DIRECTION('center_axis',(0.,0.,1.));
#7758=DIRECTION('ref_axis',(1.,0.,0.));
#7759=DIRECTION('center_axis',(0.,0.,1.));
#7760=DIRECTION('ref_axis',(1.,0.,0.));
#7761=DIRECTION('',(0.,0.,1.));
#7762=DIRECTION('center_axis',(0.,0.,1.));
#7763=DIRECTION('ref_axis',(1.,0.,0.));
#7764=DIRECTION('center_axis',(0.,0.,1.));
#7765=DIRECTION('ref_axis',(1.,0.,0.));
#7766=DIRECTION('center_axis',(0.,0.,-1.));
#7767=DIRECTION('ref_axis',(1.,0.,0.));
#7768=DIRECTION('center_axis',(0.,0.,1.));
#7769=DIRECTION('ref_axis',(1.,0.,0.));
#7770=DIRECTION('center_axis',(0.,0.,1.));
#7771=DIRECTION('ref_axis',(1.,0.,0.));
#7772=DIRECTION('',(0.,0.,1.));
#7773=DIRECTION('center_axis',(0.,0.,1.));
#7774=DIRECTION('ref_axis',(1.,0.,0.));
#7775=DIRECTION('center_axis',(0.,0.,1.));
#7776=DIRECTION('ref_axis',(1.,0.,0.));
#7777=DIRECTION('center_axis',(0.,0.,-1.));
#7778=DIRECTION('ref_axis',(1.,0.,0.));
#7779=DIRECTION('center_axis',(0.,0.,1.));
#7780=DIRECTION('ref_axis',(1.,0.,0.));
#7781=DIRECTION('center_axis',(0.,0.,1.));
#7782=DIRECTION('ref_axis',(1.,0.,0.));
#7783=DIRECTION('',(0.,0.,1.));
#7784=DIRECTION('center_axis',(0.,0.,1.));
#7785=DIRECTION('ref_axis',(1.,0.,0.));
#7786=DIRECTION('center_axis',(0.,0.,1.));
#7787=DIRECTION('ref_axis',(1.,0.,0.));
#7788=DIRECTION('center_axis',(0.,0.,-1.));
#7789=DIRECTION('ref_axis',(1.,0.,0.));
#7790=DIRECTION('center_axis',(1.,0.,0.));
#7791=DIRECTION('ref_axis',(0.,1.,0.));
#7792=DIRECTION('',(0.,1.,0.));
#7793=DIRECTION('',(0.,0.,1.));
#7794=DIRECTION('',(0.,1.,0.));
#7795=DIRECTION('',(0.,0.,1.));
#7796=DIRECTION('center_axis',(0.,-1.,0.));
#7797=DIRECTION('ref_axis',(1.,0.,0.));
#7798=DIRECTION('',(1.,0.,0.));
#7799=DIRECTION('',(0.,0.,1.));
#7800=DIRECTION('',(1.,0.,0.));
#7801=DIRECTION('center_axis',(-1.,0.,0.));
#7802=DIRECTION('ref_axis',(0.,-1.,0.));
#7803=DIRECTION('',(0.,-1.,0.));
#7804=DIRECTION('',(0.,0.,1.));
#7805=DIRECTION('',(0.,-1.,0.));
#7806=DIRECTION('center_axis',(0.,1.,0.));
#7807=DIRECTION('ref_axis',(-1.,0.,0.));
#7808=DIRECTION('',(-1.,0.,0.));
#7809=DIRECTION('',(-1.,0.,0.));
#7810=DIRECTION('center_axis',(0.,0.,1.));
#7811=DIRECTION('ref_axis',(1.,0.,0.));
#7812=DIRECTION('center_axis',(0.,0.,1.));
#7813=DIRECTION('ref_axis',(1.,0.,0.));
#7814=DIRECTION('center_axis',(0.,0.,1.));
#7815=DIRECTION('ref_axis',(1.,0.,0.));
#7816=DIRECTION('',(0.,0.,1.));
#7817=DIRECTION('center_axis',(0.,0.,1.));
#7818=DIRECTION('ref_axis',(1.,0.,0.));
#7819=DIRECTION('center_axis',(0.,0.,1.));
#7820=DIRECTION('ref_axis',(1.,0.,0.));
#7821=DIRECTION('center_axis',(0.,0.,-1.));
#7822=DIRECTION('ref_axis',(1.,0.,0.));
#7823=DIRECTION('center_axis',(0.,0.,1.));
#7824=DIRECTION('ref_axis',(1.,0.,0.));
#7825=DIRECTION('center_axis',(0.,0.,1.));
#7826=DIRECTION('ref_axis',(1.,0.,0.));
#7827=DIRECTION('',(0.,0.,1.));
#7828=DIRECTION('center_axis',(0.,0.,1.));
#7829=DIRECTION('ref_axis',(1.,0.,0.));
#7830=DIRECTION('center_axis',(0.,0.,1.));
#7831=DIRECTION('ref_axis',(1.,0.,0.));
#7832=DIRECTION('center_axis',(0.,0.,-1.));
#7833=DIRECTION('ref_axis',(1.,0.,0.));
#7834=DIRECTION('center_axis',(0.,0.,1.));
#7835=DIRECTION('ref_axis',(1.,0.,0.));
#7836=DIRECTION('center_axis',(0.,0.,1.));
#7837=DIRECTION('ref_axis',(1.,0.,0.));
#7838=DIRECTION('',(0.,0.,1.));
#7839=DIRECTION('center_axis',(0.,0.,1.));
#7840=DIRECTION('ref_axis',(1.,0.,0.));
#7841=DIRECTION('center_axis',(0.,0.,1.));
#7842=DIRECTION('ref_axis',(1.,0.,0.));
#7843=DIRECTION('center_axis',(0.,0.,-1.));
#7844=DIRECTION('ref_axis',(1.,0.,0.));
#7845=DIRECTION('center_axis',(0.,0.,1.));
#7846=DIRECTION('ref_axis',(1.,0.,0.));
#7847=DIRECTION('center_axis',(0.,0.,1.));
#7848=DIRECTION('ref_axis',(1.,0.,0.));
#7849=DIRECTION('',(0.,0.,1.));
#7850=DIRECTION('center_axis',(0.,0.,1.));
#7851=DIRECTION('ref_axis',(1.,0.,0.));
#7852=DIRECTION('center_axis',(0.,0.,1.));
#7853=DIRECTION('ref_axis',(1.,0.,0.));
#7854=DIRECTION('center_axis',(0.,0.,-1.));
#7855=DIRECTION('ref_axis',(1.,0.,0.));
#7856=DIRECTION('center_axis',(0.,0.,-1.));
#7857=DIRECTION('ref_axis',(1.,0.,0.));
#7858=DIRECTION('',(0.,0.,-1.));
#7859=DIRECTION('center_axis',(0.,0.,-1.));
#7860=DIRECTION('ref_axis',(1.,0.,0.));
#7861=DIRECTION('center_axis',(0.,0.,1.));
#7862=DIRECTION('ref_axis',(1.,0.,0.));
#7863=DIRECTION('center_axis',(0.,0.,1.));
#7864=DIRECTION('ref_axis',(1.,0.,0.));
#7865=DIRECTION('center_axis',(0.,0.,-1.));
#7866=DIRECTION('ref_axis',(1.,0.,0.));
#7867=DIRECTION('',(0.,0.,-1.));
#7868=DIRECTION('center_axis',(0.,0.,-1.));
#7869=DIRECTION('ref_axis',(1.,0.,0.));
#7870=DIRECTION('center_axis',(0.,0.,1.));
#7871=DIRECTION('ref_axis',(1.,0.,0.));
#7872=DIRECTION('center_axis',(0.,0.,1.));
#7873=DIRECTION('ref_axis',(1.,0.,0.));
#7874=DIRECTION('center_axis',(0.,0.,-1.));
#7875=DIRECTION('ref_axis',(1.,0.,0.));
#7876=DIRECTION('',(0.,0.,-1.));
#7877=DIRECTION('center_axis',(0.,0.,-1.));
#7878=DIRECTION('ref_axis',(1.,0.,0.));
#7879=DIRECTION('center_axis',(0.,0.,1.));
#7880=DIRECTION('ref_axis',(1.,0.,0.));
#7881=DIRECTION('center_axis',(0.,0.,1.));
#7882=DIRECTION('ref_axis',(1.,0.,0.));
#7883=DIRECTION('center_axis',(0.,0.,-1.));
#7884=DIRECTION('ref_axis',(1.,0.,0.));
#7885=DIRECTION('',(0.,0.,-1.));
#7886=DIRECTION('center_axis',(0.,0.,-1.));
#7887=DIRECTION('ref_axis',(1.,0.,0.));
#7888=DIRECTION('center_axis',(0.,0.,1.));
#7889=DIRECTION('ref_axis',(1.,0.,0.));
#7890=DIRECTION('center_axis',(0.,0.,1.));
#7891=DIRECTION('ref_axis',(1.,0.,0.));
#7892=DIRECTION('center_axis',(0.,0.,-1.));
#7893=DIRECTION('ref_axis',(1.,0.,0.));
#7894=DIRECTION('',(0.,0.,-1.));
#7895=DIRECTION('center_axis',(0.,0.,-1.));
#7896=DIRECTION('ref_axis',(1.,0.,0.));
#7897=DIRECTION('center_axis',(0.,0.,1.));
#7898=DIRECTION('ref_axis',(1.,0.,0.));
#7899=DIRECTION('center_axis',(0.,0.,1.));
#7900=DIRECTION('ref_axis',(1.,0.,0.));
#7901=DIRECTION('center_axis',(0.,0.,-1.));
#7902=DIRECTION('ref_axis',(1.,0.,0.));
#7903=DIRECTION('',(0.,0.,-1.));
#7904=DIRECTION('center_axis',(0.,0.,-1.));
#7905=DIRECTION('ref_axis',(1.,0.,0.));
#7906=DIRECTION('center_axis',(0.,0.,1.));
#7907=DIRECTION('ref_axis',(1.,0.,0.));
#7908=DIRECTION('center_axis',(0.,0.,1.));
#7909=DIRECTION('ref_axis',(1.,0.,0.));
#7910=DIRECTION('center_axis',(0.,0.,-1.));
#7911=DIRECTION('ref_axis',(1.,0.,0.));
#7912=DIRECTION('',(0.,0.,-1.));
#7913=DIRECTION('center_axis',(0.,0.,-1.));
#7914=DIRECTION('ref_axis',(1.,0.,0.));
#7915=DIRECTION('center_axis',(0.,0.,1.));
#7916=DIRECTION('ref_axis',(1.,0.,0.));
#7917=DIRECTION('center_axis',(0.,0.,1.));
#7918=DIRECTION('ref_axis',(1.,0.,0.));
#7919=DIRECTION('center_axis',(0.,0.,-1.));
#7920=DIRECTION('ref_axis',(1.,0.,0.));
#7921=DIRECTION('',(0.,0.,-1.));
#7922=DIRECTION('center_axis',(0.,0.,-1.));
#7923=DIRECTION('ref_axis',(1.,0.,0.));
#7924=DIRECTION('center_axis',(0.,0.,1.));
#7925=DIRECTION('ref_axis',(1.,0.,0.));
#7926=DIRECTION('center_axis',(0.,0.,1.));
#7927=DIRECTION('ref_axis',(1.,0.,0.));
#7928=DIRECTION('center_axis',(0.,0.,-1.));
#7929=DIRECTION('ref_axis',(1.,0.,0.));
#7930=DIRECTION('',(0.,0.,-1.));
#7931=DIRECTION('center_axis',(0.,0.,-1.));
#7932=DIRECTION('ref_axis',(1.,0.,0.));
#7933=DIRECTION('center_axis',(0.,0.,1.));
#7934=DIRECTION('ref_axis',(1.,0.,0.));
#7935=DIRECTION('center_axis',(0.,0.,1.));
#7936=DIRECTION('ref_axis',(1.,0.,0.));
#7937=DIRECTION('center_axis',(0.,0.,-1.));
#7938=DIRECTION('ref_axis',(1.,0.,0.));
#7939=DIRECTION('',(0.,0.,-1.));
#7940=DIRECTION('center_axis',(0.,0.,-1.));
#7941=DIRECTION('ref_axis',(1.,0.,0.));
#7942=DIRECTION('center_axis',(0.,0.,1.));
#7943=DIRECTION('ref_axis',(1.,0.,0.));
#7944=DIRECTION('center_axis',(0.,0.,1.));
#7945=DIRECTION('ref_axis',(1.,0.,0.));
#7946=DIRECTION('center_axis',(0.,0.,-1.));
#7947=DIRECTION('ref_axis',(0.,1.,0.));
#7948=DIRECTION('',(0.,0.,-1.));
#7949=DIRECTION('center_axis',(0.,0.,1.));
#7950=DIRECTION('ref_axis',(0.,1.,0.));
#7951=DIRECTION('center_axis',(0.,0.,1.));
#7952=DIRECTION('ref_axis',(1.,0.,0.));
#7953=DIRECTION('center_axis',(0.,0.,-1.));
#7954=DIRECTION('ref_axis',(0.,1.,0.));
#7955=DIRECTION('',(0.,0.,-1.));
#7956=DIRECTION('center_axis',(0.,0.,1.));
#7957=DIRECTION('ref_axis',(0.,1.,0.));
#7958=DIRECTION('center_axis',(0.,0.,-1.));
#7959=DIRECTION('ref_axis',(0.,1.,0.));
#7960=DIRECTION('',(0.,0.,-1.));
#7961=DIRECTION('center_axis',(0.,0.,1.));
#7962=DIRECTION('ref_axis',(0.,1.,0.));
#7963=DIRECTION('center_axis',(0.,-1.,0.));
#7964=DIRECTION('ref_axis',(1.,0.,0.));
#7965=DIRECTION('',(0.,0.,1.));
#7966=DIRECTION('',(1.,0.,0.));
#7967=DIRECTION('',(0.,0.,1.));
#7968=DIRECTION('center_axis',(1.,0.,0.));
#7969=DIRECTION('ref_axis',(0.,1.,0.));
#7970=DIRECTION('',(0.,0.,1.));
#7971=DIRECTION('',(0.,1.,0.));
#7972=DIRECTION('center_axis',(-1.,0.,0.));
#7973=DIRECTION('ref_axis',(0.,-1.,0.));
#7974=DIRECTION('',(0.,-1.,0.));
#7975=DIRECTION('',(0.,0.,1.));
#7976=DIRECTION('center_axis',(0.,1.,0.));
#7977=DIRECTION('ref_axis',(-1.,0.,0.));
#7978=DIRECTION('',(-1.,0.,0.));
#7979=DIRECTION('center_axis',(0.,0.,1.));
#7980=DIRECTION('ref_axis',(1.,0.,0.));
#7981=DIRECTION('center_axis',(0.,0.,1.));
#7982=DIRECTION('ref_axis',(1.,0.,0.));
#7983=DIRECTION('',(0.,0.,-1.));
#7984=DIRECTION('center_axis',(0.,0.,1.));
#7985=DIRECTION('ref_axis',(1.,0.,0.));
#7986=DIRECTION('',(0.,0.,-1.));
#7987=DIRECTION('center_axis',(0.,0.,-1.));
#7988=DIRECTION('ref_axis',(1.,0.,0.));
#7989=DIRECTION('center_axis',(0.,0.,1.));
#7990=DIRECTION('ref_axis',(1.,0.,0.));
#7991=DIRECTION('',(0.,0.,-1.));
#7992=DIRECTION('center_axis',(0.,0.,1.));
#7993=DIRECTION('ref_axis',(1.,0.,0.));
#7994=DIRECTION('',(0.,0.,-1.));
#7995=DIRECTION('center_axis',(0.,0.,1.));
#7996=DIRECTION('ref_axis',(1.,0.,0.));
#7997=DIRECTION('',(0.,0.,-1.));
#7998=DIRECTION('center_axis',(0.,0.,-1.));
#7999=DIRECTION('ref_axis',(1.,0.,0.));
#8000=DIRECTION('center_axis',(0.,0.,1.));
#8001=DIRECTION('ref_axis',(1.,0.,0.));
#8002=DIRECTION('',(0.,0.,-1.));
#8003=DIRECTION('center_axis',(0.,0.,1.));
#8004=DIRECTION('ref_axis',(1.,0.,0.));
#8005=DIRECTION('',(0.,0.,-1.));
#8006=DIRECTION('center_axis',(0.,0.,1.));
#8007=DIRECTION('ref_axis',(1.,0.,0.));
#8008=DIRECTION('',(0.,0.,-1.));
#8009=DIRECTION('center_axis',(0.,0.,1.));
#8010=DIRECTION('ref_axis',(1.,0.,0.));
#8011=DIRECTION('',(0.,0.,-1.));
#8012=DIRECTION('center_axis',(0.,0.,-1.));
#8013=DIRECTION('ref_axis',(1.,0.,0.));
#8014=DIRECTION('center_axis',(0.,0.,1.));
#8015=DIRECTION('ref_axis',(1.,0.,0.));
#8016=DIRECTION('',(0.,0.,-1.));
#8017=DIRECTION('center_axis',(0.,0.,1.));
#8018=DIRECTION('ref_axis',(1.,0.,0.));
#8019=DIRECTION('',(0.,0.,-1.));
#8020=DIRECTION('center_axis',(0.,0.,1.));
#8021=DIRECTION('ref_axis',(1.,0.,0.));
#8022=DIRECTION('',(0.,0.,-1.));
#8023=DIRECTION('center_axis',(0.,0.,1.));
#8024=DIRECTION('ref_axis',(1.,0.,0.));
#8025=DIRECTION('',(0.,0.,-1.));
#8026=DIRECTION('center_axis',(0.,0.,1.));
#8027=DIRECTION('ref_axis',(1.,0.,0.));
#8028=DIRECTION('',(0.,0.,-1.));
#8029=DIRECTION('center_axis',(0.,0.,-1.));
#8030=DIRECTION('ref_axis',(1.,0.,0.));
#8031=DIRECTION('center_axis',(1.,0.,0.));
#8032=DIRECTION('ref_axis',(0.,1.,0.));
#8033=DIRECTION('',(0.,-1.,0.));
#8034=DIRECTION('',(0.,0.,1.));
#8035=DIRECTION('',(0.,0.,1.));
#8036=DIRECTION('center_axis',(0.,-1.,0.));
#8037=DIRECTION('ref_axis',(1.,0.,0.));
#8038=DIRECTION('',(-1.,0.,0.));
#8039=DIRECTION('',(0.,0.,1.));
#8040=DIRECTION('center_axis',(-1.,-1.16253719856037E-16,0.));
#8041=DIRECTION('ref_axis',(1.16253719856037E-16,-1.,0.));
#8042=DIRECTION('',(-1.16253719856037E-16,1.,0.));
#8043=DIRECTION('',(0.,0.,1.));
#8044=DIRECTION('center_axis',(-7.37689717358908E-17,1.,0.));
#8045=DIRECTION('ref_axis',(-1.,-7.37689717358908E-17,0.));
#8046=DIRECTION('',(1.,7.37689717358908E-17,0.));
#8047=DIRECTION('center_axis',(0.,0.,1.));
#8048=DIRECTION('ref_axis',(1.,0.,0.));
#8049=DIRECTION('center_axis',(0.,1.,0.));
#8050=DIRECTION('ref_axis',(-1.,0.,0.));
#8051=DIRECTION('',(-1.,0.,0.));
#8052=DIRECTION('',(0.,0.,1.));
#8053=DIRECTION('',(1.,0.,0.));
#8054=DIRECTION('',(0.,0.,-1.));
#8055=DIRECTION('center_axis',(1.,0.,0.));
#8056=DIRECTION('ref_axis',(0.,1.,0.));
#8057=DIRECTION('',(0.,1.,0.));
#8058=DIRECTION('',(0.,0.,-1.));
#8059=DIRECTION('',(0.,-1.,0.));
#8060=DIRECTION('center_axis',(0.,-1.,0.));
#8061=DIRECTION('ref_axis',(1.,0.,0.));
#8062=DIRECTION('',(1.,0.,0.));
#8063=DIRECTION('',(0.,0.,1.));
#8064=DIRECTION('',(-1.,0.,0.));
#8065=DIRECTION('center_axis',(-1.,0.,0.));
#8066=DIRECTION('ref_axis',(0.,-1.,0.));
#8067=DIRECTION('',(0.,-1.,0.));
#8068=DIRECTION('',(0.,1.,0.));
#8069=DIRECTION('center_axis',(0.,-1.,0.));
#8070=DIRECTION('ref_axis',(1.,0.,0.));
#8071=DIRECTION('',(1.,0.,0.));
#8072=DIRECTION('',(0.,0.,1.));
#8073=DIRECTION('',(1.,0.,0.));
#8074=DIRECTION('',(0.,0.,1.));
#8075=DIRECTION('center_axis',(0.,0.,1.));
#8076=DIRECTION('ref_axis',(1.,0.,0.));
#8077=DIRECTION('',(1.,0.,0.));
#8078=DIRECTION('',(0.,1.,0.));
#8079=DIRECTION('',(-1.,0.,0.));
#8080=DIRECTION('',(0.,-1.,0.));
#8081=DIRECTION('center_axis',(-1.,0.,0.));
#8082=DIRECTION('ref_axis',(0.,-1.,0.));
#8083=DIRECTION('',(0.,-1.,0.));
#8084=DIRECTION('',(0.,-1.,0.));
#8085=DIRECTION('',(0.,0.,1.));
#8086=DIRECTION('center_axis',(-0.707106781186548,0.,0.707106781186548));
#8087=DIRECTION('ref_axis',(0.707106781186548,0.,0.707106781186548));
#8088=DIRECTION('',(-0.577350269189626,-0.577350269189626,-0.577350269189626));
#8089=DIRECTION('',(-0.577350269189626,0.577350269189626,-0.577350269189626));
#8090=DIRECTION('center_axis',(0.,-0.707106781186548,0.707106781186548));
#8091=DIRECTION('ref_axis',(1.,0.,0.));
#8092=DIRECTION('',(0.577350269189626,-0.577350269189626,-0.577350269189626));
#8093=DIRECTION('center_axis',(0.707106781186548,0.,0.707106781186548));
#8094=DIRECTION('ref_axis',(0.707106781186548,0.,-0.707106781186548));
#8095=DIRECTION('',(0.,1.,0.));
#8096=DIRECTION('',(0.577350269189626,0.577350269189626,-0.577350269189626));
#8097=DIRECTION('center_axis',(0.,0.707106781186548,0.707106781186548));
#8098=DIRECTION('ref_axis',(1.,0.,0.));
#8099=DIRECTION('',(-1.,0.,0.));
#8100=DIRECTION('center_axis',(0.,1.,0.));
#8101=DIRECTION('ref_axis',(-1.,0.,0.));
#8102=DIRECTION('',(-1.,0.,0.));
#8103=DIRECTION('',(0.,0.,1.));
#8104=DIRECTION('center_axis',(1.,0.,0.));
#8105=DIRECTION('ref_axis',(0.,1.,0.));
#8106=DIRECTION('',(0.,1.,0.));
#8107=DIRECTION('center_axis',(0.,0.,1.));
#8108=DIRECTION('ref_axis',(1.,0.,0.));
#8109=DIRECTION('center_axis',(0.,1.,0.));
#8110=DIRECTION('ref_axis',(-1.,0.,0.));
#8111=DIRECTION('',(-1.,0.,0.));
#8112=DIRECTION('',(0.,0.,1.));
#8113=DIRECTION('',(1.,0.,0.));
#8114=DIRECTION('',(0.,0.,-1.));
#8115=DIRECTION('center_axis',(1.,0.,0.));
#8116=DIRECTION('ref_axis',(0.,1.,0.));
#8117=DIRECTION('',(0.,1.,0.));
#8118=DIRECTION('',(0.,0.,-1.));
#8119=DIRECTION('',(0.,-1.,0.));
#8120=DIRECTION('center_axis',(0.,-1.,0.));
#8121=DIRECTION('ref_axis',(1.,0.,0.));
#8122=DIRECTION('',(1.,0.,0.));
#8123=DIRECTION('',(0.,0.,1.));
#8124=DIRECTION('',(-1.,0.,0.));
#8125=DIRECTION('center_axis',(-1.,0.,0.));
#8126=DIRECTION('ref_axis',(0.,-1.,0.));
#8127=DIRECTION('',(0.,-1.,0.));
#8128=DIRECTION('',(0.,1.,0.));
#8129=DIRECTION('center_axis',(0.,-1.,0.));
#8130=DIRECTION('ref_axis',(1.,0.,0.));
#8131=DIRECTION('',(1.,0.,0.));
#8132=DIRECTION('',(0.,0.,-1.));
#8133=DIRECTION('',(1.,0.,0.));
#8134=DIRECTION('',(0.,0.,1.));
#8135=DIRECTION('center_axis',(0.,-0.707106781186548,0.707106781186548));
#8136=DIRECTION('ref_axis',(1.,0.,0.));
#8137=DIRECTION('',(0.577350269189625,-0.577350269189626,-0.577350269189626));
#8138=DIRECTION('',(-1.,0.,0.));
#8139=DIRECTION('',(0.577350269189625,0.577350269189626,0.577350269189626));
#8140=DIRECTION('center_axis',(0.,1.,0.));
#8141=DIRECTION('ref_axis',(-1.,0.,0.));
#8142=DIRECTION('',(-1.,0.,0.));
#8143=DIRECTION('',(0.,0.,-1.));
#8144=DIRECTION('',(-1.,0.,0.));
#8145=DIRECTION('',(0.,0.,1.));
#8146=DIRECTION('center_axis',(0.,0.,1.));
#8147=DIRECTION('ref_axis',(1.,0.,0.));
#8148=DIRECTION('',(0.,1.,0.));
#8149=DIRECTION('',(0.,-1.,0.));
#8150=DIRECTION('center_axis',(1.,0.,0.));
#8151=DIRECTION('ref_axis',(0.,1.,0.));
#8152=DIRECTION('',(0.,1.,0.));
#8153=DIRECTION('center_axis',(-1.,0.,0.));
#8154=DIRECTION('ref_axis',(0.,-1.,0.));
#8155=DIRECTION('',(0.,-1.,0.));
#8156=DIRECTION('center_axis',(-0.707106781186548,0.,0.707106781186547));
#8157=DIRECTION('ref_axis',(0.707106781186547,0.,0.707106781186548));
#8158=DIRECTION('',(-0.577350269189625,0.577350269189626,-0.577350269189626));
#8159=DIRECTION('',(0.,1.,0.));
#8160=DIRECTION('center_axis',(0.,0.707106781186548,0.707106781186548));
#8161=DIRECTION('ref_axis',(1.,0.,0.));
#8162=DIRECTION('',(-0.577350269189625,-0.577350269189626,0.577350269189626));
#8163=DIRECTION('',(1.,0.,0.));
#8164=DIRECTION('center_axis',(0.,0.,1.));
#8165=DIRECTION('ref_axis',(1.,0.,0.));
#8166=DIRECTION('',(0.,-1.,0.));
#8167=DIRECTION('center_axis',(0.707106781186548,0.,0.707106781186547));
#8168=DIRECTION('ref_axis',(0.707106781186547,0.,-0.707106781186548));
#8169=DIRECTION('center_axis',(0.,1.,0.));
#8170=DIRECTION('ref_axis',(-1.,0.,0.));
#8171=DIRECTION('',(-1.,0.,0.));
#8172=DIRECTION('',(0.,0.,1.));
#8173=DIRECTION('',(1.,0.,0.));
#8174=DIRECTION('',(0.,0.,-1.));
#8175=DIRECTION('center_axis',(1.,0.,0.));
#8176=DIRECTION('ref_axis',(0.,1.,0.));
#8177=DIRECTION('',(0.,1.,0.));
#8178=DIRECTION('',(0.,0.,-1.));
#8179=DIRECTION('',(0.,-1.,0.));
#8180=DIRECTION('center_axis',(0.,-1.,0.));
#8181=DIRECTION('ref_axis',(1.,0.,0.));
#8182=DIRECTION('',(1.,0.,0.));
#8183=DIRECTION('',(0.,0.,1.));
#8184=DIRECTION('',(-1.,0.,0.));
#8185=DIRECTION('center_axis',(-1.,0.,0.));
#8186=DIRECTION('ref_axis',(0.,-1.,0.));
#8187=DIRECTION('',(0.,-1.,0.));
#8188=DIRECTION('',(0.,1.,0.));
#8189=DIRECTION('center_axis',(0.,-1.,0.));
#8190=DIRECTION('ref_axis',(1.,0.,0.));
#8191=DIRECTION('',(1.,0.,0.));
#8192=DIRECTION('',(0.,0.,1.));
#8193=DIRECTION('',(1.,0.,0.));
#8194=DIRECTION('',(0.,0.,1.));
#8195=DIRECTION('center_axis',(0.,0.,1.));
#8196=DIRECTION('ref_axis',(1.,0.,0.));
#8197=DIRECTION('',(1.,0.,0.));
#8198=DIRECTION('',(0.,1.,0.));
#8199=DIRECTION('',(-1.,0.,0.));
#8200=DIRECTION('',(0.,-1.,0.));
#8201=DIRECTION('center_axis',(-1.,0.,0.));
#8202=DIRECTION('ref_axis',(0.,-1.,0.));
#8203=DIRECTION('',(0.,-1.,0.));
#8204=DIRECTION('',(0.,-1.,0.));
#8205=DIRECTION('',(0.,0.,1.));
#8206=DIRECTION('center_axis',(-0.707106781186548,0.,0.707106781186548));
#8207=DIRECTION('ref_axis',(0.707106781186548,0.,0.707106781186548));
#8208=DIRECTION('',(-0.577350269189626,-0.577350269189626,-0.577350269189626));
#8209=DIRECTION('',(-0.577350269189626,0.577350269189626,-0.577350269189626));
#8210=DIRECTION('center_axis',(0.,-0.707106781186548,0.707106781186548));
#8211=DIRECTION('ref_axis',(1.,0.,0.));
#8212=DIRECTION('',(0.577350269189626,-0.577350269189626,-0.577350269189626));
#8213=DIRECTION('center_axis',(0.707106781186548,0.,0.707106781186548));
#8214=DIRECTION('ref_axis',(0.707106781186548,0.,-0.707106781186548));
#8215=DIRECTION('',(0.,1.,0.));
#8216=DIRECTION('',(0.577350269189626,0.577350269189626,-0.577350269189626));
#8217=DIRECTION('center_axis',(0.,0.707106781186548,0.707106781186548));
#8218=DIRECTION('ref_axis',(1.,0.,0.));
#8219=DIRECTION('',(-1.,0.,0.));
#8220=DIRECTION('center_axis',(0.,1.,0.));
#8221=DIRECTION('ref_axis',(-1.,0.,0.));
#8222=DIRECTION('',(-1.,0.,0.));
#8223=DIRECTION('',(0.,0.,1.));
#8224=DIRECTION('center_axis',(1.,0.,0.));
#8225=DIRECTION('ref_axis',(0.,1.,0.));
#8226=DIRECTION('',(0.,1.,0.));
#8227=DIRECTION('center_axis',(0.,0.,1.));
#8228=DIRECTION('ref_axis',(1.,0.,0.));
#8229=DIRECTION('center_axis',(0.,1.,-2.36619557896306E-31));
#8230=DIRECTION('ref_axis',(0.,2.36619557896306E-31,1.));
#8231=DIRECTION('center_axis',(0.,-1.,2.36619557896306E-31));
#8232=DIRECTION('ref_axis',(2.08661014428248E-15,0.,-1.));
#8233=DIRECTION('center_axis',(0.,1.,-2.36619557896306E-31));
#8234=DIRECTION('ref_axis',(1.,0.,0.));
#8235=DIRECTION('center_axis',(0.,1.,-2.36619557896306E-31));
#8236=DIRECTION('ref_axis',(2.08661014428248E-15,0.,-1.));
#8237=DIRECTION('',(0.,-1.,2.36619557896306E-31));
#8238=DIRECTION('center_axis',(0.,1.,-2.36619557896306E-31));
#8239=DIRECTION('ref_axis',(2.08661014428248E-15,0.,-1.));
#8240=DIRECTION('center_axis',(0.,-1.,2.36619557896306E-31));
#8241=DIRECTION('ref_axis',(0.,-2.36619557896306E-31,-1.));
#8242=DIRECTION('center_axis',(0.,1.,-2.36619557896306E-31));
#8243=DIRECTION('ref_axis',(2.08661014428249E-15,0.,-1.));
#8244=DIRECTION('center_axis',(0.,1.,-2.36619557896306E-31));
#8245=DIRECTION('ref_axis',(2.0391851472707E-15,0.,-1.));
#8246=DIRECTION('',(0.,-1.,2.36619557896306E-31));
#8247=DIRECTION('center_axis',(0.,1.,-2.36619557896306E-31));
#8248=DIRECTION('ref_axis',(2.0391851472707E-15,0.,-1.));
#8249=DIRECTION('center_axis',(0.,-1.,0.));
#8250=DIRECTION('ref_axis',(-1.92589708353343E-15,0.,1.));
#8251=DIRECTION('center_axis',(1.,0.,2.04803577725017E-15));
#8252=DIRECTION('ref_axis',(2.04803577725017E-15,0.,-1.));
#8253=DIRECTION('center_axis',(0.,0.,1.));
#8254=DIRECTION('ref_axis',(-1.,0.,0.));
#8255=DIRECTION('center_axis',(0.,0.,1.));
#8256=DIRECTION('ref_axis',(-1.,0.,0.));
#8257=DIRECTION('',(0.371390676354104,-4.54822403030224E-17,0.928476690885259));
#8258=DIRECTION('center_axis',(0.,0.,-1.));
#8259=DIRECTION('ref_axis',(-1.,0.,0.));
#8260=DIRECTION('center_axis',(0.,0.,-1.));
#8261=DIRECTION('ref_axis',(-1.,0.,0.));
#8262=DIRECTION('center_axis',(0.,0.,1.));
#8263=DIRECTION('ref_axis',(1.,0.,0.));
#8264=DIRECTION('center_axis',(0.,0.,1.));
#8265=DIRECTION('ref_axis',(1.,0.,0.));
#8266=DIRECTION('',(0.,0.,-1.));
#8267=DIRECTION('center_axis',(0.,0.,-1.));
#8268=DIRECTION('ref_axis',(-1.,0.,0.));
#8269=DIRECTION('center_axis',(0.,0.,1.));
#8270=DIRECTION('ref_axis',(1.,0.,0.));
#8271=DIRECTION('',(0.,-1.,0.));
#8272=DIRECTION('',(-1.,0.,0.));
#8273=DIRECTION('',(0.,1.,0.));
#8274=DIRECTION('',(1.,0.,0.));
#8275=DIRECTION('center_axis',(1.,0.,0.));
#8276=DIRECTION('ref_axis',(0.,1.,0.));
#8277=DIRECTION('',(0.,0.,1.));
#8278=DIRECTION('center_axis',(-1.,0.,0.));
#8279=DIRECTION('ref_axis',(0.,0.707106781186548,0.707106781186548));
#8280=DIRECTION('',(0.,1.,0.));
#8281=DIRECTION('',(0.,0.,1.));
#8282=DIRECTION('',(0.,1.,0.));
#8283=DIRECTION('center_axis',(1.,0.,0.));
#8284=DIRECTION('ref_axis',(0.,0.707106781186548,0.707106781186548));
#8285=DIRECTION('',(0.,0.,-1.));
#8286=DIRECTION('center_axis',(0.,1.,0.));
#8287=DIRECTION('ref_axis',(-1.,0.,0.));
#8288=DIRECTION('',(0.,0.,-1.));
#8289=DIRECTION('',(-1.,0.,0.));
#8290=DIRECTION('center_axis',(0.,-0.707106781186545,-0.70710678118655));
#8291=DIRECTION('ref_axis',(-1.,0.,0.));
#8292=DIRECTION('',(-1.,0.,0.));
#8293=DIRECTION('',(-0.577350269189624,0.577350269189629,-0.577350269189624));
#8294=DIRECTION('',(1.,0.,0.));
#8295=DIRECTION('',(-0.57735026918963,-0.577350269189617,0.57735026918963));
#8296=DIRECTION('center_axis',(-0.70710678118655,-0.707106781186545,0.));
#8297=DIRECTION('ref_axis',(0.,0.,1.));
#8298=DIRECTION('',(0.,0.,-1.));
#8299=DIRECTION('',(0.,0.,1.));
#8300=DIRECTION('',(0.577350269189627,-0.577350269189623,-0.577350269189627));
#8301=DIRECTION('center_axis',(0.707106781186541,-0.707106781186554,0.));
#8302=DIRECTION('ref_axis',(0.,0.,-1.));
#8303=DIRECTION('',(0.,0.,-1.));
#8304=DIRECTION('',(-0.57735026918963,-0.577350269189617,-0.57735026918963));
#8305=DIRECTION('center_axis',(0.,-0.70710678118655,0.707106781186545));
#8306=DIRECTION('ref_axis',(1.,0.,0.));
#8307=DIRECTION('',(1.,0.,0.));
#8308=DIRECTION('',(-1.,0.,0.));
#8309=DIRECTION('center_axis',(0.,0.,1.));
#8310=DIRECTION('ref_axis',(0.,-1.,0.));
#8311=DIRECTION('',(0.,1.,0.));
#8312=DIRECTION('',(-1.,0.,0.));
#8313=DIRECTION('center_axis',(0.,-1.,0.));
#8314=DIRECTION('ref_axis',(0.,0.,-1.));
#8315=DIRECTION('center_axis',(-1.,0.,0.));
#8316=DIRECTION('ref_axis',(0.,0.707106781186548,0.707106781186548));
#8317=DIRECTION('center_axis',(-1.,0.,0.));
#8318=DIRECTION('ref_axis',(0.,0.707106781186548,0.707106781186548));
#8319=DIRECTION('',(1.,0.,0.));
#8320=DIRECTION('center_axis',(-1.,0.,0.));
#8321=DIRECTION('ref_axis',(0.,0.707106781186548,0.707106781186548));
#8322=DIRECTION('center_axis',(1.,0.,0.));
#8323=DIRECTION('ref_axis',(0.,0.707106781186548,0.707106781186548));
#8324=DIRECTION('',(1.,0.,0.));
#8325=DIRECTION('center_axis',(0.,0.,1.));
#8326=DIRECTION('ref_axis',(1.,0.,0.));
#8327=DIRECTION('',(0.,-1.,0.));
#8328=DIRECTION('center_axis',(-1.,0.,0.));
#8329=DIRECTION('ref_axis',(0.,-1.,0.));
#8330=DIRECTION('',(0.,0.,1.));
#8331=DIRECTION('center_axis',(0.,-1.,0.));
#8332=DIRECTION('ref_axis',(1.,0.,0.));
#8333=DIRECTION('center_axis',(0.,0.,1.));
#8334=DIRECTION('ref_axis',(-1.,0.,0.));
#8335=DIRECTION('center_axis',(0.,0.,1.));
#8336=DIRECTION('ref_axis',(-1.,0.,0.));
#8337=DIRECTION('',(0.371390676354104,-4.54822403030224E-17,0.928476690885259));
#8338=DIRECTION('center_axis',(0.,0.,-1.));
#8339=DIRECTION('ref_axis',(-1.,0.,0.));
#8340=DIRECTION('center_axis',(0.,0.,-1.));
#8341=DIRECTION('ref_axis',(-1.,0.,0.));
#8342=DIRECTION('center_axis',(0.,0.,1.));
#8343=DIRECTION('ref_axis',(1.,0.,0.));
#8344=DIRECTION('center_axis',(0.,0.,1.));
#8345=DIRECTION('ref_axis',(1.,0.,0.));
#8346=DIRECTION('',(0.,0.,-1.));
#8347=DIRECTION('center_axis',(0.,0.,-1.));
#8348=DIRECTION('ref_axis',(-1.,0.,0.));
#8349=DIRECTION('center_axis',(0.,0.,1.));
#8350=DIRECTION('ref_axis',(1.,0.,0.));
#8351=DIRECTION('',(0.,-1.,0.));
#8352=DIRECTION('',(-1.,0.,0.));
#8353=DIRECTION('',(0.,1.,0.));
#8354=DIRECTION('',(1.,0.,0.));
#8355=DIRECTION('center_axis',(1.,0.,0.));
#8356=DIRECTION('ref_axis',(0.,1.,0.));
#8357=DIRECTION('',(0.,0.,1.));
#8358=DIRECTION('center_axis',(-1.,0.,0.));
#8359=DIRECTION('ref_axis',(0.,0.707106781186548,0.707106781186548));
#8360=DIRECTION('',(0.,1.,0.));
#8361=DIRECTION('',(0.,0.,1.));
#8362=DIRECTION('',(0.,1.,0.));
#8363=DIRECTION('center_axis',(1.,0.,0.));
#8364=DIRECTION('ref_axis',(0.,0.707106781186548,0.707106781186548));
#8365=DIRECTION('',(0.,0.,-1.));
#8366=DIRECTION('center_axis',(0.,1.,0.));
#8367=DIRECTION('ref_axis',(-1.,0.,0.));
#8368=DIRECTION('',(0.,0.,-1.));
#8369=DIRECTION('',(-1.,0.,0.));
#8370=DIRECTION('center_axis',(0.,-0.707106781186545,-0.70710678118655));
#8371=DIRECTION('ref_axis',(-1.,0.,0.));
#8372=DIRECTION('',(-1.,0.,0.));
#8373=DIRECTION('',(-0.577350269189624,0.577350269189629,-0.577350269189625));
#8374=DIRECTION('',(1.,0.,0.));
#8375=DIRECTION('',(-0.57735026918963,-0.577350269189617,0.57735026918963));
#8376=DIRECTION('center_axis',(-0.70710678118655,-0.707106781186545,0.));
#8377=DIRECTION('ref_axis',(0.,0.,1.));
#8378=DIRECTION('',(0.,0.,-1.));
#8379=DIRECTION('',(0.,0.,1.));
#8380=DIRECTION('',(0.577350269189627,-0.577350269189623,-0.577350269189627));
#8381=DIRECTION('center_axis',(0.70710678118654,-0.707106781186555,0.));
#8382=DIRECTION('ref_axis',(0.,0.,-1.));
#8383=DIRECTION('',(0.,0.,-1.));
#8384=DIRECTION('',(-0.57735026918963,-0.577350269189617,-0.57735026918963));
#8385=DIRECTION('center_axis',(0.,-0.70710678118655,0.707106781186545));
#8386=DIRECTION('ref_axis',(1.,0.,0.));
#8387=DIRECTION('',(1.,0.,0.));
#8388=DIRECTION('',(-1.,0.,0.));
#8389=DIRECTION('center_axis',(0.,0.,1.));
#8390=DIRECTION('ref_axis',(0.,-1.,0.));
#8391=DIRECTION('',(0.,1.,0.));
#8392=DIRECTION('',(-1.,0.,0.));
#8393=DIRECTION('center_axis',(0.,-1.,0.));
#8394=DIRECTION('ref_axis',(0.,0.,-1.));
#8395=DIRECTION('center_axis',(-1.,0.,0.));
#8396=DIRECTION('ref_axis',(0.,0.707106781186548,0.707106781186548));
#8397=DIRECTION('center_axis',(-1.,0.,0.));
#8398=DIRECTION('ref_axis',(0.,0.707106781186548,0.707106781186548));
#8399=DIRECTION('',(1.,0.,0.));
#8400=DIRECTION('center_axis',(-1.,0.,0.));
#8401=DIRECTION('ref_axis',(0.,0.707106781186548,0.707106781186548));
#8402=DIRECTION('center_axis',(1.,0.,0.));
#8403=DIRECTION('ref_axis',(0.,0.707106781186548,0.707106781186548));
#8404=DIRECTION('',(1.,0.,0.));
#8405=DIRECTION('center_axis',(0.,0.,1.));
#8406=DIRECTION('ref_axis',(1.,0.,0.));
#8407=DIRECTION('',(0.,-1.,0.));
#8408=DIRECTION('center_axis',(-1.,0.,0.));
#8409=DIRECTION('ref_axis',(0.,-1.,0.));
#8410=DIRECTION('',(0.,0.,1.));
#8411=DIRECTION('center_axis',(0.,-1.,0.));
#8412=DIRECTION('ref_axis',(1.,0.,0.));
#8413=DIRECTION('center_axis',(0.,0.,1.));
#8414=DIRECTION('ref_axis',(-1.,0.,0.));
#8415=DIRECTION('center_axis',(0.,0.,1.));
#8416=DIRECTION('ref_axis',(-1.,0.,0.));
#8417=DIRECTION('',(0.371390676354104,-4.54822403030224E-17,0.928476690885259));
#8418=DIRECTION('center_axis',(0.,0.,-1.));
#8419=DIRECTION('ref_axis',(-1.,0.,0.));
#8420=DIRECTION('center_axis',(0.,0.,-1.));
#8421=DIRECTION('ref_axis',(-1.,0.,0.));
#8422=DIRECTION('center_axis',(0.,0.,1.));
#8423=DIRECTION('ref_axis',(1.,0.,0.));
#8424=DIRECTION('center_axis',(0.,0.,1.));
#8425=DIRECTION('ref_axis',(1.,0.,0.));
#8426=DIRECTION('',(0.,0.,-1.));
#8427=DIRECTION('center_axis',(0.,0.,-1.));
#8428=DIRECTION('ref_axis',(-1.,0.,0.));
#8429=DIRECTION('center_axis',(0.,0.,1.));
#8430=DIRECTION('ref_axis',(1.,0.,0.));
#8431=DIRECTION('',(0.,-1.,0.));
#8432=DIRECTION('',(-1.,0.,0.));
#8433=DIRECTION('',(0.,1.,0.));
#8434=DIRECTION('',(1.,0.,0.));
#8435=DIRECTION('center_axis',(1.,0.,0.));
#8436=DIRECTION('ref_axis',(0.,1.,0.));
#8437=DIRECTION('',(0.,0.,1.));
#8438=DIRECTION('center_axis',(-1.,0.,0.));
#8439=DIRECTION('ref_axis',(0.,0.707106781186548,0.707106781186548));
#8440=DIRECTION('',(0.,1.,0.));
#8441=DIRECTION('',(0.,0.,1.));
#8442=DIRECTION('',(0.,1.,0.));
#8443=DIRECTION('center_axis',(1.,0.,0.));
#8444=DIRECTION('ref_axis',(0.,0.707106781186548,0.707106781186548));
#8445=DIRECTION('',(0.,0.,-1.));
#8446=DIRECTION('center_axis',(0.,1.,0.));
#8447=DIRECTION('ref_axis',(-1.,0.,0.));
#8448=DIRECTION('',(0.,0.,-1.));
#8449=DIRECTION('',(-1.,0.,0.));
#8450=DIRECTION('center_axis',(0.,-0.707106781186545,-0.70710678118655));
#8451=DIRECTION('ref_axis',(-1.,0.,0.));
#8452=DIRECTION('',(-1.,0.,0.));
#8453=DIRECTION('',(-0.577350269189624,0.577350269189629,-0.577350269189624));
#8454=DIRECTION('',(1.,0.,0.));
#8455=DIRECTION('',(-0.57735026918963,-0.577350269189617,0.57735026918963));
#8456=DIRECTION('center_axis',(-0.70710678118655,-0.707106781186545,0.));
#8457=DIRECTION('ref_axis',(0.,0.,1.));
#8458=DIRECTION('',(0.,0.,-1.));
#8459=DIRECTION('',(0.,0.,1.));
#8460=DIRECTION('',(0.577350269189627,-0.577350269189623,-0.577350269189627));
#8461=DIRECTION('center_axis',(0.707106781186538,-0.707106781186557,0.));
#8462=DIRECTION('ref_axis',(0.,0.,-1.));
#8463=DIRECTION('',(0.,0.,-1.));
#8464=DIRECTION('',(-0.57735026918963,-0.577350269189617,-0.57735026918963));
#8465=DIRECTION('center_axis',(0.,-0.70710678118655,0.707106781186545));
#8466=DIRECTION('ref_axis',(1.,0.,0.));
#8467=DIRECTION('',(1.,0.,0.));
#8468=DIRECTION('',(-1.,0.,0.));
#8469=DIRECTION('center_axis',(0.,0.,1.));
#8470=DIRECTION('ref_axis',(0.,-1.,0.));
#8471=DIRECTION('',(0.,1.,0.));
#8472=DIRECTION('',(-1.,0.,0.));
#8473=DIRECTION('center_axis',(0.,-1.,0.));
#8474=DIRECTION('ref_axis',(0.,0.,-1.));
#8475=DIRECTION('center_axis',(-1.,0.,0.));
#8476=DIRECTION('ref_axis',(0.,0.707106781186548,0.707106781186548));
#8477=DIRECTION('center_axis',(-1.,0.,0.));
#8478=DIRECTION('ref_axis',(0.,0.707106781186548,0.707106781186548));
#8479=DIRECTION('',(1.,0.,0.));
#8480=DIRECTION('center_axis',(-1.,0.,0.));
#8481=DIRECTION('ref_axis',(0.,0.707106781186548,0.707106781186548));
#8482=DIRECTION('center_axis',(1.,0.,0.));
#8483=DIRECTION('ref_axis',(0.,0.707106781186548,0.707106781186548));
#8484=DIRECTION('',(1.,0.,0.));
#8485=DIRECTION('center_axis',(0.,0.,1.));
#8486=DIRECTION('ref_axis',(1.,0.,0.));
#8487=DIRECTION('',(0.,-1.,0.));
#8488=DIRECTION('center_axis',(-1.,0.,0.));
#8489=DIRECTION('ref_axis',(0.,-1.,0.));
#8490=DIRECTION('',(0.,0.,1.));
#8491=DIRECTION('center_axis',(0.,-1.,0.));
#8492=DIRECTION('ref_axis',(1.,0.,0.));
#8493=DIRECTION('center_axis',(0.,1.,0.));
#8494=DIRECTION('ref_axis',(1.,0.,0.));
#8495=DIRECTION('center_axis',(0.,1.,0.));
#8496=DIRECTION('ref_axis',(-1.,0.,0.));
#8497=DIRECTION('',(-1.,0.,0.));
#8498=DIRECTION('',(0.,0.,-1.));
#8499=DIRECTION('',(1.,0.,0.));
#8500=DIRECTION('',(0.,-1.,0.));
#8501=DIRECTION('center_axis',(0.,-1.,2.36619557896306E-31));
#8502=DIRECTION('ref_axis',(-1.,0.,0.));
#8503=DIRECTION('',(0.,-1.,0.));
#8504=DIRECTION('center_axis',(0.,-1.,0.));
#8505=DIRECTION('ref_axis',(-1.,0.,0.));
#8506=DIRECTION('',(0.,0.,-1.));
#8507=DIRECTION('',(1.,0.,0.));
#8508=DIRECTION('center_axis',(0.,-1.,0.));
#8509=DIRECTION('ref_axis',(-1.,0.,0.));
#8510=DIRECTION('center_axis',(0.,-1.,0.));
#8511=DIRECTION('ref_axis',(-1.,0.,0.));
#8512=DIRECTION('',(-1.,0.,0.));
#8513=DIRECTION('center_axis',(0.917821116100239,0.396994205046512,0.));
#8514=DIRECTION('ref_axis',(0.396994205046512,-0.917821116100239,0.));
#8515=DIRECTION('',(-0.396994205046512,0.917821116100239,0.));
#8516=DIRECTION('',(0.396994205046512,-0.917821116100239,0.));
#8517=DIRECTION('',(0.,0.,-1.));
#8518=DIRECTION('center_axis',(1.,3.30192646312621E-16,0.));
#8519=DIRECTION('ref_axis',(3.30192646312621E-16,-1.,0.));
#8520=DIRECTION('',(-3.30192646312621E-16,1.,0.));
#8521=DIRECTION('',(3.30192646312621E-16,-1.,0.));
#8522=DIRECTION('center_axis',(0.,0.,1.));
#8523=DIRECTION('ref_axis',(1.,0.,0.));
#8524=DIRECTION('',(0.0174524064372835,0.999847695156391,0.));
#8525=DIRECTION('center_axis',(0.,0.,-1.));
#8526=DIRECTION('ref_axis',(-1.,0.,0.));
#8527=DIRECTION('',(0.0174524064372835,0.999847695156391,0.));
#8528=DIRECTION('center_axis',(0.,0.,1.));
#8529=DIRECTION('ref_axis',(1.,0.,0.));
#8530=DIRECTION('center_axis',(0.,0.,1.));
#8531=DIRECTION('ref_axis',(1.,0.,0.));
#8532=DIRECTION('center_axis',(2.05596856412066E-16,-1.,0.));
#8533=DIRECTION('ref_axis',(-1.,-2.05596856412066E-16,0.));
#8534=DIRECTION('center_axis',(0.,0.,-1.));
#8535=DIRECTION('ref_axis',(-0.999847695156391,0.0174524064372834,0.));
#8536=DIRECTION('center_axis',(0.,0.,-1.));
#8537=DIRECTION('ref_axis',(-0.999847695156391,0.0174524064372834,0.));
#8538=DIRECTION('center_axis',(4.84401586544711E-18,2.77513483070255E-16,
1.));
#8539=DIRECTION('ref_axis',(-0.999847695156391,0.0174524064372835,0.));
#8540=DIRECTION('center_axis',(0.,0.,1.));
#8541=DIRECTION('ref_axis',(-0.999847695156391,0.0174524064372835,0.));
#8542=DIRECTION('',(-4.84401586544711E-18,-2.77513483070255E-16,-1.));
#8543=DIRECTION('center_axis',(0.,0.,1.));
#8544=DIRECTION('ref_axis',(-0.999847695156391,0.0174524064372835,0.));
#8545=DIRECTION('center_axis',(1.34163723956422E-17,7.68623459770329E-16,
-1.));
#8546=DIRECTION('ref_axis',(0.999847695156391,-0.0174524064372834,0.));
#8547=DIRECTION('center_axis',(0.,0.,-1.));
#8548=DIRECTION('ref_axis',(1.,0.,0.));
#8549=DIRECTION('center_axis',(0.,0.,-1.));
#8550=DIRECTION('ref_axis',(1.,0.,0.));
#8551=DIRECTION('center_axis',(0.0174524064372835,0.999847695156391,7.68740542678458E-16));
#8552=DIRECTION('ref_axis',(-0.999847695156391,0.0174524064372835,0.));
#8553=DIRECTION('center_axis',(0.,0.,-1.));
#8554=DIRECTION('ref_axis',(-0.999847695156391,0.0174524064372835,0.));
#8555=DIRECTION('center_axis',(0.,0.,-1.));
#8556=DIRECTION('ref_axis',(-0.999847695156391,0.0174524064372835,0.));
#8557=DIRECTION('center_axis',(0.,0.,1.));
#8558=DIRECTION('ref_axis',(1.,0.,0.));
#8559=DIRECTION('',(0.,0.,-1.));
#8560=DIRECTION('center_axis',(0.,0.,1.));
#8561=DIRECTION('ref_axis',(-0.999847695156391,0.0174524064372835,0.));
#8562=DIRECTION('center_axis',(0.,0.,1.));
#8563=DIRECTION('ref_axis',(-0.999847695156391,0.0174524064372835,0.));
#8564=DIRECTION('',(0.706999085398824,-0.012340714939827,0.707106781186548));
#8565=DIRECTION('center_axis',(0.,0.,1.));
#8566=DIRECTION('ref_axis',(-0.999847695156391,0.0174524064372835,0.));
#8567=DIRECTION('center_axis',(0.0174524064372835,0.999847695156391,0.));
#8568=DIRECTION('ref_axis',(-0.999847695156391,0.0174524064372835,0.));
#8569=DIRECTION('',(-0.0174524064372835,-0.999847695156391,0.));
#8570=DIRECTION('center_axis',(0.0174524064372835,0.999847695156391,6.12323399573677E-17));
#8571=DIRECTION('ref_axis',(-0.999847695156391,0.0174524064372835,0.));
#8572=DIRECTION('center_axis',(0.0174524064372835,0.999847695156391,6.12323399573677E-17));
#8573=DIRECTION('ref_axis',(-0.999847695156391,0.0174524064372835,0.));
#8574=DIRECTION('center_axis',(-0.999847695156391,0.0174524064372835,0.));
#8575=DIRECTION('ref_axis',(0.,0.,1.));
#8576=DIRECTION('center_axis',(0.999847695156391,-0.0174524064372835,0.));
#8577=DIRECTION('ref_axis',(0.,0.,1.));
#8578=DIRECTION('center_axis',(0.,-1.,0.));
#8579=DIRECTION('ref_axis',(-1.,0.,0.));
#8580=DIRECTION('',(0.,-1.,0.));
#8581=DIRECTION('center_axis',(0.,-1.,2.36619557896306E-31));
#8582=DIRECTION('ref_axis',(-1.,0.,0.));
#8583=DIRECTION('center_axis',(0.,-1.,2.36619557896306E-31));
#8584=DIRECTION('ref_axis',(-1.,0.,0.));
#8585=DIRECTION('',(0.,-1.,0.));
#8586=DIRECTION('center_axis',(0.,0.,1.));
#8587=DIRECTION('ref_axis',(1.,0.,0.));
#8588=DIRECTION('',(1.,0.,0.));
#8589=DIRECTION('',(0.396994205046512,-0.917821116100239,0.));
#8590=DIRECTION('',(1.,0.,0.));
#8591=DIRECTION('',(-0.034899496702501,0.999390827019096,0.));
#8592=DIRECTION('center_axis',(0.,-1.,0.));
#8593=DIRECTION('ref_axis',(-1.,0.,0.));
#8594=DIRECTION('',(0.,0.,-1.));
#8595=DIRECTION('',(-1.,0.,0.));
#8596=DIRECTION('center_axis',(0.,-1.,0.));
#8597=DIRECTION('ref_axis',(-1.,0.,0.));
#8598=DIRECTION('center_axis',(0.,1.,0.));
#8599=DIRECTION('ref_axis',(1.,0.,0.));
#8600=DIRECTION('',(-1.,0.,0.));
#8601=DIRECTION('',(0.,0.,1.));
#8602=DIRECTION('center_axis',(-0.917821116100239,-0.396994205046512,0.));
#8603=DIRECTION('ref_axis',(-0.396994205046512,0.917821116100239,0.));
#8604=DIRECTION('',(-0.396994205046512,0.917821116100239,0.));
#8605=DIRECTION('center_axis',(0.,0.,-1.));
#8606=DIRECTION('ref_axis',(-1.,0.,0.));
#8607=DIRECTION('',(-0.034899496702501,0.999390827019096,0.));
#8608=DIRECTION('center_axis',(0.,0.,1.));
#8609=DIRECTION('ref_axis',(1.,0.,0.));
#8610=DIRECTION('center_axis',(0.,0.,1.));
#8611=DIRECTION('ref_axis',(1.,0.,0.));
#8612=DIRECTION('center_axis',(2.05596856412066E-16,-1.,0.));
#8613=DIRECTION('ref_axis',(-1.,-2.05596856412066E-16,0.));
#8614=DIRECTION('center_axis',(0.,0.,-1.));
#8615=DIRECTION('ref_axis',(-0.999390827019096,-0.0348994967025012,0.));
#8616=DIRECTION('center_axis',(0.,0.,-1.));
#8617=DIRECTION('ref_axis',(-0.999390827019096,-0.0348994967025012,0.));
#8618=DIRECTION('center_axis',(-9.68655619673658E-18,2.77386676688944E-16,
1.));
#8619=DIRECTION('ref_axis',(-0.999390827019096,-0.034899496702501,0.));
#8620=DIRECTION('center_axis',(0.,0.,1.));
#8621=DIRECTION('ref_axis',(-0.999390827019096,-0.034899496702501,0.));
#8622=DIRECTION('',(9.68655619673658E-18,-2.77386676688944E-16,-1.));
#8623=DIRECTION('center_axis',(0.,0.,1.));
#8624=DIRECTION('ref_axis',(-0.999390827019096,-0.034899496702501,0.));
#8625=DIRECTION('center_axis',(-3.31492619998963E-17,9.49270662770749E-16,
-1.));
#8626=DIRECTION('ref_axis',(0.999390827019096,0.0348994967025012,0.));
#8627=DIRECTION('center_axis',(0.,0.,-1.));
#8628=DIRECTION('ref_axis',(1.,0.,0.));
#8629=DIRECTION('center_axis',(0.,0.,-1.));
#8630=DIRECTION('ref_axis',(1.,0.,0.));
#8631=DIRECTION('center_axis',(-0.034899496702501,0.999390827019096,9.4984928529128E-16));
#8632=DIRECTION('ref_axis',(-0.999390827019096,-0.034899496702501,0.));
#8633=DIRECTION('center_axis',(0.,0.,-1.));
#8634=DIRECTION('ref_axis',(-0.999390827019096,-0.034899496702501,0.));
#8635=DIRECTION('center_axis',(0.,0.,-1.));
#8636=DIRECTION('ref_axis',(-0.999390827019096,-0.034899496702501,0.));
#8637=DIRECTION('center_axis',(0.,0.,1.));
#8638=DIRECTION('ref_axis',(1.,0.,0.));
#8639=DIRECTION('',(0.,0.,-1.));
#8640=DIRECTION('center_axis',(0.,0.,1.));
#8641=DIRECTION('ref_axis',(-0.999390827019096,-0.034899496702501,0.));
#8642=DIRECTION('center_axis',(0.,0.,1.));
#8643=DIRECTION('ref_axis',(-0.999390827019096,-0.034899496702501,0.));
#8644=DIRECTION('',(0.706676030840834,0.0246776707783359,0.707106781186548));
#8645=DIRECTION('center_axis',(0.,0.,1.));
#8646=DIRECTION('ref_axis',(-0.999390827019096,-0.034899496702501,0.));
#8647=DIRECTION('center_axis',(-0.034899496702501,0.999390827019096,0.));
#8648=DIRECTION('ref_axis',(-0.999390827019096,-0.034899496702501,0.));
#8649=DIRECTION('',(0.034899496702501,-0.999390827019096,0.));
#8650=DIRECTION('center_axis',(-0.034899496702501,0.999390827019096,6.12323399573677E-17));
#8651=DIRECTION('ref_axis',(-0.999390827019096,-0.034899496702501,0.));
#8652=DIRECTION('center_axis',(-0.034899496702501,0.999390827019096,6.12323399573677E-17));
#8653=DIRECTION('ref_axis',(-0.999390827019096,-0.034899496702501,0.));
#8654=DIRECTION('center_axis',(-0.999390827019096,-0.034899496702501,0.));
#8655=DIRECTION('ref_axis',(0.,0.,1.));
#8656=DIRECTION('center_axis',(0.999390827019096,0.034899496702501,0.));
#8657=DIRECTION('ref_axis',(0.,0.,1.));
#8658=CARTESIAN_POINT('',(0.,0.,0.));
#8659=CARTESIAN_POINT('Origin',(1.06711742014539,1.64489920795689,1.5));
#8660=CARTESIAN_POINT('',(-1.06711742014539,1.64489920795689,1.5));
#8661=CARTESIAN_POINT('',(1.06711742014539,1.64489920795689,1.5));
#8662=CARTESIAN_POINT('',(0.533558710072696,1.64489920795689,1.5));
#8663=CARTESIAN_POINT('',(-1.06711742014539,1.64489920795689,1.51));
#8664=CARTESIAN_POINT('',(-1.06711742014539,1.64489920795689,1.5));
#8665=CARTESIAN_POINT('',(1.06711742014539,1.64489920795689,1.51));
#8666=CARTESIAN_POINT('',(1.06711742014539,1.64489920795689,1.51));
#8667=CARTESIAN_POINT('',(1.06711742014539,1.64489920795689,1.5));
#8668=CARTESIAN_POINT('Origin',(0.,0.756159619579138,1.5));
#8669=CARTESIAN_POINT('Origin',(0.,0.756159619579138,1.5));
#8670=CARTESIAN_POINT('Origin',(0.,0.756159619579138,1.51));
#8671=CARTESIAN_POINT('Origin',(-1.34980863140091,1.49489920795689,1.5));
#8672=CARTESIAN_POINT('',(1.34980863140091,1.49489920795689,1.5));
#8673=CARTESIAN_POINT('',(-1.34980863140091,1.49489920795689,1.5));
#8674=CARTESIAN_POINT('',(-0.674904315700457,1.49489920795689,1.5));
#8675=CARTESIAN_POINT('',(1.34980863140091,1.49489920795689,1.51));
#8676=CARTESIAN_POINT('',(1.34980863140091,1.49489920795689,1.5));
#8677=CARTESIAN_POINT('',(-1.34980863140091,1.49489920795689,1.51));
#8678=CARTESIAN_POINT('',(1.34980863140091,1.49489920795689,1.51));
#8679=CARTESIAN_POINT('',(-1.34980863140091,1.49489920795689,1.5));
#8680=CARTESIAN_POINT('Origin',(0.,0.756159619579138,1.5));
#8681=CARTESIAN_POINT('Origin',(0.,0.756159619579138,1.5));
#8682=CARTESIAN_POINT('Origin',(0.,0.756159619579138,1.51));
#8683=CARTESIAN_POINT('Origin',(0.,1.89489920795689,1.51));
#8684=CARTESIAN_POINT('Origin',(0.,1.11022302462516E-15,1.5));
#8685=CARTESIAN_POINT('',(-7.525,-9.55,1.5));
#8686=CARTESIAN_POINT('',(7.525,-9.55,1.5));
#8687=CARTESIAN_POINT('',(7.525,-9.55,1.5));
#8688=CARTESIAN_POINT('',(7.525,9.55,1.5));
#8689=CARTESIAN_POINT('',(7.525,9.55,1.5));
#8690=CARTESIAN_POINT('',(-7.525,9.55,1.5));
#8691=CARTESIAN_POINT('',(-7.525,9.55,1.5));
#8692=CARTESIAN_POINT('',(-7.525,-9.55,1.5));
#8693=CARTESIAN_POINT('',(0.5,0.750000000000001,1.5));
#8694=CARTESIAN_POINT('Origin',(0.,0.750000000000001,1.5));
#8695=CARTESIAN_POINT('',(-0.253183611110581,6.49856964051724,1.5));
#8696=CARTESIAN_POINT('',(-0.128354199603928,6.50948354899883,1.5));
#8697=CARTESIAN_POINT('',(-0.347069196504818,6.49036116885686,1.5));
#8698=CARTESIAN_POINT('',(-0.0870854336775667,6.38635942637921,1.5));
#8699=CARTESIAN_POINT('Ctrl Pts',(-0.128354199603928,6.50948354899883,1.5));
#8700=CARTESIAN_POINT('Ctrl Pts',(-0.124832859667603,6.48623700629116,1.5));
#8701=CARTESIAN_POINT('Ctrl Pts',(-0.118242256033166,6.44272835571277,1.5));
#8702=CARTESIAN_POINT('Ctrl Pts',(-0.0969850006708256,6.40426972499397,
1.5));
#8703=CARTESIAN_POINT('Ctrl Pts',(-0.0870854336775667,6.38635942637921,
1.5));
#8704=CARTESIAN_POINT('',(0.0135285478078001,6.30859682261944,1.5));
#8705=CARTESIAN_POINT('Ctrl Pts',(-0.0870854336775667,6.38635942637921,
1.5));
#8706=CARTESIAN_POINT('Ctrl Pts',(-0.0741253228960148,6.3708178845032,1.5));
#8707=CARTESIAN_POINT('Ctrl Pts',(-0.0463803665121573,6.33754661014792,
1.5));
#8708=CARTESIAN_POINT('Ctrl Pts',(-0.00729788464797543,6.31866078056985,
1.5));
#8709=CARTESIAN_POINT('Ctrl Pts',(0.0135285478078001,6.30859682261944,1.5));
#8710=CARTESIAN_POINT('',(0.16700737886058,6.27892443835735,1.5));
#8711=CARTESIAN_POINT('Ctrl Pts',(0.0135285478078001,6.30859682261944,1.5));
#8712=CARTESIAN_POINT('Ctrl Pts',(0.0374441319195612,6.29994533038165,1.5));
#8713=CARTESIAN_POINT('Ctrl Pts',(0.0870183866506385,6.28201178219834,1.5));
#8714=CARTESIAN_POINT('Ctrl Pts',(0.139726621203916,6.27997739673077,1.5));
#8715=CARTESIAN_POINT('Ctrl Pts',(0.16700737886058,6.27892443835735,1.5));
#8716=CARTESIAN_POINT('',(0.300704471393692,6.30143443048,1.5));
#8717=CARTESIAN_POINT('Ctrl Pts',(0.16700737886058,6.27892443835735,1.5));
#8718=CARTESIAN_POINT('Ctrl Pts',(0.190965859451626,6.27965876941254,1.5));
#8719=CARTESIAN_POINT('Ctrl Pts',(0.236588793197,6.28105711923487,1.5));
#8720=CARTESIAN_POINT('Ctrl Pts',(0.280061210141465,6.29487356780987,1.5));
#8721=CARTESIAN_POINT('Ctrl Pts',(0.300704471393692,6.30143443048,1.5));
#8722=CARTESIAN_POINT('',(0.386993817611801,6.3631672590971,1.5));
#8723=CARTESIAN_POINT('Ctrl Pts',(0.300704471393692,6.30143443048,1.5));
#8724=CARTESIAN_POINT('Ctrl Pts',(0.31842504577581,6.30914418488986,1.5));
#8725=CARTESIAN_POINT('Ctrl Pts',(0.35165659674731,6.32360235600351,1.5));
#8726=CARTESIAN_POINT('Ctrl Pts',(0.375748713326261,6.35057681054313,1.5));
#8727=CARTESIAN_POINT('Ctrl Pts',(0.386993817611801,6.3631672590971,1.5));
#8728=CARTESIAN_POINT('',(0.415302149578201,6.44877413213253,1.5));
#8729=CARTESIAN_POINT('Ctrl Pts',(0.386993817611801,6.3631672590971,1.5));
#8730=CARTESIAN_POINT('Ctrl Pts',(0.395250148060378,6.3764507199174,1.5));
#8731=CARTESIAN_POINT('Ctrl Pts',(0.41157852593983,6.40272115194185,1.5));
#8732=CARTESIAN_POINT('Ctrl Pts',(0.414070315860494,6.4335390763618,1.5));
#8733=CARTESIAN_POINT('Ctrl Pts',(0.415302149578201,6.44877413213253,1.5));
#8734=CARTESIAN_POINT('',(0.388016931339371,6.53097072541714,1.5));
#8735=CARTESIAN_POINT('Ctrl Pts',(0.415302149578201,6.44877413213253,1.5));
#8736=CARTESIAN_POINT('Ctrl Pts',(0.414236617076303,6.46387296568806,1.5));
#8737=CARTESIAN_POINT('Ctrl Pts',(0.412137732310678,6.49361463163626,1.5));
#8738=CARTESIAN_POINT('Ctrl Pts',(0.395974593563853,6.51864662487471,1.5));
#8739=CARTESIAN_POINT('Ctrl Pts',(0.388016931339371,6.53097072541714,1.5));
#8740=CARTESIAN_POINT('',(0.297976068779098,6.58997485339642,1.5));
#8741=CARTESIAN_POINT('Ctrl Pts',(0.388016931339371,6.53097072541714,1.5));
#8742=CARTESIAN_POINT('Ctrl Pts',(0.376509136900851,6.54254584892429,1.5));
#8743=CARTESIAN_POINT('Ctrl Pts',(0.350730203906722,6.56847560765294,1.5));
#8744=CARTESIAN_POINT('Ctrl Pts',(0.316774076938776,6.58231397532619,1.5));
#8745=CARTESIAN_POINT('Ctrl Pts',(0.297976068779098,6.58997485339642,1.5));
#8746=CARTESIAN_POINT('',(0.119940571113693,6.63874695003033,1.5));
#8747=CARTESIAN_POINT('Ctrl Pts',(0.297976068779098,6.58997485339642,1.5));
#8748=CARTESIAN_POINT('Ctrl Pts',(0.276490912641704,6.59686263739217,1.5));
#8749=CARTESIAN_POINT('Ctrl Pts',(0.21786035380345,6.61565862017421,1.5));
#8750=CARTESIAN_POINT('Ctrl Pts',(0.157917425659876,6.6297924556414,1.5));
#8751=CARTESIAN_POINT('Ctrl Pts',(0.119940571113693,6.63874695003033,1.5));
#8752=CARTESIAN_POINT('',(-0.0731017369784243,6.70116165578365,1.5));
#8753=CARTESIAN_POINT('Ctrl Pts',(0.119940571113693,6.63874695003033,1.5));
#8754=CARTESIAN_POINT('Ctrl Pts',(0.0804587112370403,6.64818004332689,1.5));
#8755=CARTESIAN_POINT('Ctrl Pts',(0.0144246141652016,6.66395705586831,1.5));
#8756=CARTESIAN_POINT('Ctrl Pts',(-0.0480006196829491,6.69049198871535,
1.5));
#8757=CARTESIAN_POINT('Ctrl Pts',(-0.0731017369784243,6.70116165578365,
1.5));
#8758=CARTESIAN_POINT('',(-0.179854698852432,6.79427215754986,1.5));
#8759=CARTESIAN_POINT('Ctrl Pts',(-0.0731017369784243,6.70116165578365,
1.5));
#8760=CARTESIAN_POINT('Ctrl Pts',(-0.095092696479174,6.71386567881553,1.5));
#8761=CARTESIAN_POINT('Ctrl Pts',(-0.136814114314313,6.7379678492134,1.5));
#8762=CARTESIAN_POINT('Ctrl Pts',(-0.166035585216676,6.7761944375692,1.5));
#8763=CARTESIAN_POINT('Ctrl Pts',(-0.179854698852432,6.79427215754986,1.5));
#8764=CARTESIAN_POINT('',(-0.214984484390152,6.9187606304884,1.5));
#8765=CARTESIAN_POINT('Ctrl Pts',(-0.179854698852432,6.79427215754986,1.5));
#8766=CARTESIAN_POINT('Ctrl Pts',(-0.190100445554168,6.81349603227444,1.5));
#8767=CARTESIAN_POINT('Ctrl Pts',(-0.210848080748678,6.85242437507087,1.5));
#8768=CARTESIAN_POINT('Ctrl Pts',(-0.213594381608473,6.89646730005576,1.5));
#8769=CARTESIAN_POINT('Ctrl Pts',(-0.214984484390152,6.9187606304884,1.5));
#8770=CARTESIAN_POINT('',(-0.172010280565155,7.0603022903204,1.5));
#8771=CARTESIAN_POINT('Ctrl Pts',(-0.214984484390152,6.9187606304884,1.5));
#8772=CARTESIAN_POINT('Ctrl Pts',(-0.213123471663942,6.94369465900191,1.5));
#8773=CARTESIAN_POINT('Ctrl Pts',(-0.209363895638867,6.99406582223348,1.5));
#8774=CARTESIAN_POINT('Ctrl Pts',(-0.184544118740336,7.0380769402262,1.5));
#8775=CARTESIAN_POINT('Ctrl Pts',(-0.172010280565155,7.0603022903204,1.5));
#8776=CARTESIAN_POINT('',(-0.046498693899048,7.1602339476347,1.5));
#8777=CARTESIAN_POINT('Ctrl Pts',(-0.172010280565155,7.0603022903204,1.5));
#8778=CARTESIAN_POINT('Ctrl Pts',(-0.155595509787307,7.08110036296867,1.5));
#8779=CARTESIAN_POINT('Ctrl Pts',(-0.121607788946284,7.12416396079572,1.5));
#8780=CARTESIAN_POINT('Ctrl Pts',(-0.0720974371544977,7.14794054519472,
1.5));
#8781=CARTESIAN_POINT('Ctrl Pts',(-0.046498693899048,7.1602339476347,1.5));
#8782=CARTESIAN_POINT('',(0.136993758007156,7.19434032142162,1.5));
#8783=CARTESIAN_POINT('Ctrl Pts',(-0.046498693899048,7.1602339476347,1.5));
#8784=CARTESIAN_POINT('Ctrl Pts',(-0.0177196309332359,7.17017897823123,
1.5));
#8785=CARTESIAN_POINT('Ctrl Pts',(0.0417107962876784,7.19071604080964,1.5));
#8786=CARTESIAN_POINT('Ctrl Pts',(0.104572635834577,7.19310711831387,1.5));
#8787=CARTESIAN_POINT('Ctrl Pts',(0.136993758007156,7.19434032142162,1.5));
#8788=CARTESIAN_POINT('',(0.333105556293594,7.15852865874767,1.5));
#8789=CARTESIAN_POINT('Ctrl Pts',(0.136993758007156,7.19434032142162,1.5));
#8790=CARTESIAN_POINT('Ctrl Pts',(0.17220553007773,7.19315754294818,1.5));
#8791=CARTESIAN_POINT('Ctrl Pts',(0.239392289031498,7.19090071099915,1.5));
#8792=CARTESIAN_POINT('Ctrl Pts',(0.302887446818056,7.16896711903684,1.5));
#8793=CARTESIAN_POINT('Ctrl Pts',(0.333105556293594,7.15852865874767,1.5));
#8794=CARTESIAN_POINT('',(0.463733307643997,7.05313989818096,1.5));
#8795=CARTESIAN_POINT('Ctrl Pts',(0.333105556293594,7.15852865874767,1.5));
#8796=CARTESIAN_POINT('Ctrl Pts',(0.359558770814709,7.1455147945137,1.5));
#8797=CARTESIAN_POINT('Ctrl Pts',(0.411066566890209,7.12017513439101,1.5));
#8798=CARTESIAN_POINT('Ctrl Pts',(0.44649843077277,7.075076779514,1.5));
#8799=CARTESIAN_POINT('Ctrl Pts',(0.463733307643997,7.05313989818096,1.5));
#8800=CARTESIAN_POINT('',(0.512846342846023,6.89556816518307,1.5));
#8801=CARTESIAN_POINT('Ctrl Pts',(0.463733307643997,7.05313989818096,1.5));
#8802=CARTESIAN_POINT('Ctrl Pts',(0.477212730445341,7.02896838199417,1.5));
#8803=CARTESIAN_POINT('Ctrl Pts',(0.504578183869827,6.97989621398243,1.5));
#8804=CARTESIAN_POINT('Ctrl Pts',(0.510063123977875,6.92395458315207,1.5));
#8805=CARTESIAN_POINT('Ctrl Pts',(0.512846342846023,6.89556816518307,1.5));
#8806=CARTESIAN_POINT('',(0.385970703884231,6.88601830899716,1.5));
#8807=CARTESIAN_POINT('',(-0.0636208073609468,6.85217781518816,1.5));
#8808=CARTESIAN_POINT('',(0.316734544559585,7.0292655557394,1.5));
#8809=CARTESIAN_POINT('Ctrl Pts',(0.385970703884231,6.88601830899716,1.5));
#8810=CARTESIAN_POINT('Ctrl Pts',(0.381201753051149,6.91510837099027,1.5));
#8811=CARTESIAN_POINT('Ctrl Pts',(0.372220849368716,6.96989087012274,1.5));
#8812=CARTESIAN_POINT('Ctrl Pts',(0.334449108428122,7.01030958698011,1.5));
#8813=CARTESIAN_POINT('Ctrl Pts',(0.316734544559585,7.0292655557394,1.5));
#8814=CARTESIAN_POINT('',(0.142450861259567,7.07769641578198,1.5));
#8815=CARTESIAN_POINT('Ctrl Pts',(0.316734544559585,7.0292655557394,1.5));
#8816=CARTESIAN_POINT('Ctrl Pts',(0.292966184625353,7.04334660866432,1.5));
#8817=CARTESIAN_POINT('Ctrl Pts',(0.239508074012332,7.07501671492705,1.5));
#8818=CARTESIAN_POINT('Ctrl Pts',(0.177107248127951,7.07673957036178,1.5));
#8819=CARTESIAN_POINT('Ctrl Pts',(0.142450861259567,7.07769641578198,1.5));
#8820=CARTESIAN_POINT('',(-0.0325149971999056,7.03369924724102,1.5));
#8821=CARTESIAN_POINT('Ctrl Pts',(0.142450861259567,7.07769641578198,1.5));
#8822=CARTESIAN_POINT('Ctrl Pts',(0.106996305180044,7.0771577712086,1.5));
#8823=CARTESIAN_POINT('Ctrl Pts',(0.0448795985895814,7.07621406098851,1.5));
#8824=CARTESIAN_POINT('Ctrl Pts',(-0.00927177883637359,7.046467336402,1.5));
#8825=CARTESIAN_POINT('Ctrl Pts',(-0.0325149971999056,7.03369924724102,
1.5));
#8826=CARTESIAN_POINT('',(-0.0874263722456819,6.92762831151486,1.5));
#8827=CARTESIAN_POINT('Ctrl Pts',(-0.0325149971999056,7.03369924724102,
1.5));
#8828=CARTESIAN_POINT('Ctrl Pts',(-0.048524522248678,7.01868312547552,1.5));
#8829=CARTESIAN_POINT('Ctrl Pts',(-0.0794189539005477,6.98970571695485,
1.5));
#8830=CARTESIAN_POINT('Ctrl Pts',(-0.084822803064856,6.94781244735777,1.5));
#8831=CARTESIAN_POINT('Ctrl Pts',(-0.0874263722456819,6.92762831151486,
1.5));
#8832=CARTESIAN_POINT('',(-0.0485450703657991,6.83895150125027,1.5));
#8833=CARTESIAN_POINT('Ctrl Pts',(-0.0874263722456819,6.92762831151486,
1.5));
#8834=CARTESIAN_POINT('Ctrl Pts',(-0.0858670449070034,6.91051610084812,
1.5));
#8835=CARTESIAN_POINT('Ctrl Pts',(-0.0827769483173735,6.87660507876143,
1.5));
#8836=CARTESIAN_POINT('Ctrl Pts',(-0.059885175873817,6.85142512429645,1.5));
#8837=CARTESIAN_POINT('Ctrl Pts',(-0.0485450703657991,6.83895150125027,
1.5));
#8838=CARTESIAN_POINT('',(0.150977305694687,6.76766911447048,1.5));
#8839=CARTESIAN_POINT('Ctrl Pts',(-0.0485450703657991,6.83895150125027,
1.5));
#8840=CARTESIAN_POINT('Ctrl Pts',(-0.0258956086181722,6.82632852487832,
1.5));
#8841=CARTESIAN_POINT('Ctrl Pts',(0.036360353034782,6.79163209183658,1.5));
#8842=CARTESIAN_POINT('Ctrl Pts',(0.106411562287082,6.77698647875034,1.5));
#8843=CARTESIAN_POINT('Ctrl Pts',(0.150977305694687,6.76766911447048,1.5));
#8844=CARTESIAN_POINT('',(0.372328094764816,6.70389035642147,1.5));
#8845=CARTESIAN_POINT('Ctrl Pts',(0.150977305694687,6.76766911447048,1.5));
#8846=CARTESIAN_POINT('Ctrl Pts',(0.1966654883202,6.75746180573375,1.5));
#8847=CARTESIAN_POINT('Ctrl Pts',(0.271785045230725,6.74067916161245,1.5));
#8848=CARTESIAN_POINT('Ctrl Pts',(0.344024950175314,6.71424650612471,1.5));
#8849=CARTESIAN_POINT('Ctrl Pts',(0.372328094764816,6.70389035642147,1.5));
#8850=CARTESIAN_POINT('',(0.501250259204971,6.60191217362881,1.5));
#8851=CARTESIAN_POINT('Ctrl Pts',(0.372328094764816,6.70389035642147,1.5));
#8852=CARTESIAN_POINT('Ctrl Pts',(0.398976331844463,6.69036236858044,1.5));
#8853=CARTESIAN_POINT('Ctrl Pts',(0.448916509333375,6.6650102181988,1.5));
#8854=CARTESIAN_POINT('Ctrl Pts',(0.484605177533327,6.62198090762485,1.5));
#8855=CARTESIAN_POINT('Ctrl Pts',(0.501250259204971,6.60191217362881,1.5));
#8856=CARTESIAN_POINT('',(0.542859963699447,6.45968833863735,1.5));
#8857=CARTESIAN_POINT('Ctrl Pts',(0.501250259204971,6.60191217362881,1.5));
#8858=CARTESIAN_POINT('Ctrl Pts',(0.513384910948964,6.58028421375657,1.5));
#8859=CARTESIAN_POINT('Ctrl Pts',(0.538170773068614,6.53610761580946,1.5));
#8860=CARTESIAN_POINT('Ctrl Pts',(0.541275332925509,6.48551291005333,1.5));
#8861=CARTESIAN_POINT('Ctrl Pts',(0.542859963699447,6.45968833863735,1.5));
#8862=CARTESIAN_POINT('',(0.497157506271469,6.30927899777889,1.5));
#8863=CARTESIAN_POINT('Ctrl Pts',(0.542859963699447,6.45968833863735,1.5));
#8864=CARTESIAN_POINT('Ctrl Pts',(0.540851755448333,6.43330971065518,1.5));
#8865=CARTESIAN_POINT('Ctrl Pts',(0.536778588613008,6.37980701610207,1.5));
#8866=CARTESIAN_POINT('Ctrl Pts',(0.510486639924634,6.33300569394582,1.5));
#8867=CARTESIAN_POINT('Ctrl Pts',(0.497157506271469,6.30927899777889,1.5));
#8868=CARTESIAN_POINT('',(0.365847877784836,6.19945624768734,1.5));
#8869=CARTESIAN_POINT('Ctrl Pts',(0.497157506271469,6.30927899777889,1.5));
#8870=CARTESIAN_POINT('Ctrl Pts',(0.479854896000173,6.28687066030451,1.5));
#8871=CARTESIAN_POINT('Ctrl Pts',(0.444180326180337,6.24066908798439,1.5));
#8872=CARTESIAN_POINT('Ctrl Pts',(0.392475315107431,6.21346566963666,1.5));
#8873=CARTESIAN_POINT('Ctrl Pts',(0.365847877784836,6.19945624768734,1.5));
#8874=CARTESIAN_POINT('',(0.173146657272445,6.16023400723934,1.5));
#8875=CARTESIAN_POINT('Ctrl Pts',(0.365847877784836,6.19945624768734,1.5));
#8876=CARTESIAN_POINT('Ctrl Pts',(0.335859699939329,6.18801992537161,1.5));
#8877=CARTESIAN_POINT('Ctrl Pts',(0.273820372993053,6.16436054390255,1.5));
#8878=CARTESIAN_POINT('Ctrl Pts',(0.207440332983857,6.16163967811507,1.5));
#8879=CARTESIAN_POINT('Ctrl Pts',(0.173146657272445,6.16023400723934,1.5));
#8880=CARTESIAN_POINT('',(-0.0543431121863253,6.19979748427868,1.5));
#8881=CARTESIAN_POINT('Ctrl Pts',(0.173146657272445,6.16023400723934,1.5));
#8882=CARTESIAN_POINT('Ctrl Pts',(0.131158885572236,6.16129980011868,1.5));
#8883=CARTESIAN_POINT('Ctrl Pts',(0.0532872996987646,6.1632764466128,1.5));
#8884=CARTESIAN_POINT('Ctrl Pts',(-0.0203914079341361,6.18827702785658,
1.5));
#8885=CARTESIAN_POINT('Ctrl Pts',(-0.0543431121863253,6.19979748427868,
1.5));
#8886=CARTESIAN_POINT('',(-0.198272236064804,6.31882885396481,1.5));
#8887=CARTESIAN_POINT('Ctrl Pts',(-0.0543431121863253,6.19979748427868,
1.5));
#8888=CARTESIAN_POINT('Ctrl Pts',(-0.0831578819332041,6.21446849904114,
1.5));
#8889=CARTESIAN_POINT('Ctrl Pts',(-0.140034445029719,6.24342715129334,1.5));
#8890=CARTESIAN_POINT('Ctrl Pts',(-0.179031731238202,6.29391776447465,1.5));
#8891=CARTESIAN_POINT('Ctrl Pts',(-0.198272236064804,6.31882885396481,1.5));
#8892=CARTESIAN_POINT('Ctrl Pts',(-0.198272236064804,6.31882885396481,1.5));
#8893=CARTESIAN_POINT('Ctrl Pts',(-0.213611338273474,6.34641620858572,1.5));
#8894=CARTESIAN_POINT('Ctrl Pts',(-0.244731640301506,6.40238602978372,1.5));
#8895=CARTESIAN_POINT('Ctrl Pts',(-0.250339731171737,6.46620622526303,1.5));
#8896=CARTESIAN_POINT('Ctrl Pts',(-0.253183611110581,6.49856964051724,1.5));
#8897=CARTESIAN_POINT('',(4.12263954000319,-8.43668840080464,1.5));
#8898=CARTESIAN_POINT('',(4.12263954000319,-8.27707044035161,1.5));
#8899=CARTESIAN_POINT('',(4.12263954000319,-4.1385352201758,1.5));
#8900=CARTESIAN_POINT('',(5.58744175301636,-8.27707044035161,1.5));
#8901=CARTESIAN_POINT('',(2.79372087650818,-8.27707044035161,1.5));
#8902=CARTESIAN_POINT('',(5.58744175301636,-8.43668840080464,1.5));
#8903=CARTESIAN_POINT('',(5.58744175301636,-4.21834420040232,1.5));
#8904=CARTESIAN_POINT('',(2.0613197700016,-8.43668840080464,1.5));
#8905=CARTESIAN_POINT('',(-6.04038918912411,-2.6379558430662,1.5));
#8906=CARTESIAN_POINT('',(-7.04038920402527,-2.6379558430662,1.5));
#8907=CARTESIAN_POINT('',(-3.52019460201263,-2.6379558430662,1.5));
#8908=CARTESIAN_POINT('',(-7.04038920402527,-2.19457268581294,1.5));
#8909=CARTESIAN_POINT('',(-7.04038920402527,-1.09728634290647,1.5));
#8910=CARTESIAN_POINT('',(-7.01344507336616,-1.99129834637545,1.5));
#8911=CARTESIAN_POINT('Ctrl Pts',(-7.04038920402527,-2.19457268581294,1.5));
#8912=CARTESIAN_POINT('Ctrl Pts',(-7.04008524201779,-2.15506780268087,1.5));
#8913=CARTESIAN_POINT('Ctrl Pts',(-7.03955443009411,-2.08608002626587,1.5));
#8914=CARTESIAN_POINT('Ctrl Pts',(-7.02126242020109,-2.01967672708474,1.5));
#8915=CARTESIAN_POINT('Ctrl Pts',(-7.01344507336616,-1.99129834637545,1.5));
#8916=CARTESIAN_POINT('',(-6.91828819513321,-1.8801113949766,1.5));
#8917=CARTESIAN_POINT('Ctrl Pts',(-7.01344507336616,-1.99129834637545,1.5));
#8918=CARTESIAN_POINT('Ctrl Pts',(-7.00253980727742,-1.96914808690969,1.5));
#8919=CARTESIAN_POINT('Ctrl Pts',(-6.98031702043208,-1.9240102158416,1.5));
#8920=CARTESIAN_POINT('Ctrl Pts',(-6.93921860895526,-1.89492419342277,1.5));
#8921=CARTESIAN_POINT('Ctrl Pts',(-6.91828819513321,-1.8801113949766,1.5));
#8922=CARTESIAN_POINT('',(-6.76753791570663,-1.83850169048213,1.5));
#8923=CARTESIAN_POINT('Ctrl Pts',(-6.91828819513321,-1.8801113949766,1.5));
#8924=CARTESIAN_POINT('Ctrl Pts',(-6.89483757344301,-1.86797552142441,1.5));
#8925=CARTESIAN_POINT('Ctrl Pts',(-6.84753033280992,-1.84349366768037,1.5));
#8926=CARTESIAN_POINT('Ctrl Pts',(-6.7943541764396,-1.840175176132,1.5));
#8927=CARTESIAN_POINT('Ctrl Pts',(-6.76753791570663,-1.83850169048213,1.5));
#8928=CARTESIAN_POINT('',(-6.58813814222813,-1.90739661321543,1.5));
#8929=CARTESIAN_POINT('Ctrl Pts',(-6.76753791570663,-1.83850169048213,1.5));
#8930=CARTESIAN_POINT('Ctrl Pts',(-6.7336652422978,-1.84118071124403,1.5));
#8931=CARTESIAN_POINT('Ctrl Pts',(-6.66700505677498,-1.84645292636718,1.5));
#8932=CARTESIAN_POINT('Ctrl Pts',(-6.61414025165394,-1.88730372098875,1.5));
#8933=CARTESIAN_POINT('Ctrl Pts',(-6.58813814222813,-1.90739661321543,1.5));
#8934=CARTESIAN_POINT('',(-6.49536872804165,-2.12022065982722,1.5));
#8935=CARTESIAN_POINT('Ctrl Pts',(-6.58813814222813,-1.90739661321543,1.5));
#8936=CARTESIAN_POINT('Ctrl Pts',(-6.56579715668061,-1.93549841112827,1.5));
#8937=CARTESIAN_POINT('Ctrl Pts',(-6.51618038371121,-1.99790928929245,1.5));
#8938=CARTESIAN_POINT('Ctrl Pts',(-6.50275116261076,-2.07683364130411,1.5));
#8939=CARTESIAN_POINT('Ctrl Pts',(-6.49536872804165,-2.12022065982722,1.5));
#8940=CARTESIAN_POINT('',(-6.44557336866856,-2.04041153058909,1.5));
#8941=CARTESIAN_POINT('Ctrl Pts',(-6.49536872804165,-2.12022065982722,1.5));
#8942=CARTESIAN_POINT('Ctrl Pts',(-6.48757929271874,-2.10445612048021,1.5));
#8943=CARTESIAN_POINT('Ctrl Pts',(-6.473609618649,-2.07618379169025,1.5));
#8944=CARTESIAN_POINT('Ctrl Pts',(-6.45417244897339,-2.05138334551116,1.5));
#8945=CARTESIAN_POINT('Ctrl Pts',(-6.44557336866856,-2.04041153058909,1.5));
#8946=CARTESIAN_POINT('',(-6.31255830228329,-1.93058892950915,1.5));
#8947=CARTESIAN_POINT('Ctrl Pts',(-6.44557336866856,-2.04041153058909,1.5));
#8948=CARTESIAN_POINT('Ctrl Pts',(-6.4261453331266,-2.02096509442643,1.5));
#8949=CARTESIAN_POINT('Ctrl Pts',(-6.38533253060296,-1.98011363740797,1.5));
#8950=CARTESIAN_POINT('Ctrl Pts',(-6.33757953586629,-1.94761651349153,1.5));
#8951=CARTESIAN_POINT('Ctrl Pts',(-6.31255830228329,-1.93058892950915,1.5));
#8952=CARTESIAN_POINT('',(-6.04038918912411,-1.75664633378886,1.5));
#8953=CARTESIAN_POINT('',(-3.49749457298859,-0.131488779944483,1.5));
#8954=CARTESIAN_POINT('',(-6.04038918912411,-1.92308544978999,1.5));
#8955=CARTESIAN_POINT('',(-6.04038918912411,-0.961542724894993,1.5));
#8956=CARTESIAN_POINT('',(-6.24843830764294,-2.05541849002741,1.5));
#8957=CARTESIAN_POINT('',(-3.55873079452004,-0.344586090952442,1.5));
#8958=CARTESIAN_POINT('',(-6.38622815310955,-2.1509164558401,1.5));
#8959=CARTESIAN_POINT('Ctrl Pts',(-6.24843830764294,-2.05541849002741,1.5));
#8960=CARTESIAN_POINT('Ctrl Pts',(-6.27515664387709,-2.07271178674287,1.5));
#8961=CARTESIAN_POINT('Ctrl Pts',(-6.32209814344777,-2.10309441510827,1.5));
#8962=CARTESIAN_POINT('Ctrl Pts',(-6.36691871859404,-2.13651732244249,1.5));
#8963=CARTESIAN_POINT('Ctrl Pts',(-6.38622815310955,-2.1509164558401,1.5));
#8964=CARTESIAN_POINT('',(-6.45307684838772,-2.21810608968638,1.5));
#8965=CARTESIAN_POINT('Ctrl Pts',(-6.38622815310955,-2.1509164558401,1.5));
#8966=CARTESIAN_POINT('Ctrl Pts',(-6.40033594386932,-2.16220468067135,1.5));
#8967=CARTESIAN_POINT('Ctrl Pts',(-6.42519337501282,-2.18209413581378,1.5));
#8968=CARTESIAN_POINT('Ctrl Pts',(-6.44465893310928,-2.20723421685208,1.5));
#8969=CARTESIAN_POINT('Ctrl Pts',(-6.45307684838772,-2.21810608968638,1.5));
#8970=CARTESIAN_POINT('',(-6.47967974245548,-2.27847426996134,1.5));
#8971=CARTESIAN_POINT('Ctrl Pts',(-6.45307684838772,-2.21810608968638,1.5));
#8972=CARTESIAN_POINT('Ctrl Pts',(-6.45892218430295,-2.22788724896071,1.5));
#8973=CARTESIAN_POINT('Ctrl Pts',(-6.47029279365071,-2.24691399826809,1.5));
#8974=CARTESIAN_POINT('Ctrl Pts',(-6.47661003254343,-2.26815346382309,1.5));
#8975=CARTESIAN_POINT('Ctrl Pts',(-6.47967974245548,-2.27847426996134,1.5));
#8976=CARTESIAN_POINT('',(-6.48445467054844,-2.35214412078761,1.5));
#8977=CARTESIAN_POINT('Ctrl Pts',(-6.47967974245548,-2.27847426996134,1.5));
#8978=CARTESIAN_POINT('Ctrl Pts',(-6.48106022539664,-2.28835139108306,1.5));
#8979=CARTESIAN_POINT('Ctrl Pts',(-6.48447362039155,-2.31277365288414,1.5));
#8980=CARTESIAN_POINT('Ctrl Pts',(-6.48446174384859,-2.3374485301704,1.5));
#8981=CARTESIAN_POINT('Ctrl Pts',(-6.48445467054844,-2.35214412078761,1.5));
#8982=CARTESIAN_POINT('',(-6.48445467054844,-2.505623100852,1.5));
#8983=CARTESIAN_POINT('',(-6.48445467054844,-1.252811550426,1.5));
#8984=CARTESIAN_POINT('',(-6.04038918912411,-2.505623100852,1.5));
#8985=CARTESIAN_POINT('',(-3.02019459456205,-2.505623100852,1.5));
#8986=CARTESIAN_POINT('',(-6.04038918912411,-1.3189779215331,1.5));
#8987=CARTESIAN_POINT('',(-6.36529280394316,-8.62973873461113,1.5));
#8988=CARTESIAN_POINT('',(-6.14059968441725,-8.610093490728,1.5));
#8989=CARTESIAN_POINT('',(-2.72005094402353,-8.31102997529432,1.5));
#8990=CARTESIAN_POINT('',(-6.0663159057498,-8.83171697104797,1.5));
#8991=CARTESIAN_POINT('Ctrl Pts',(-6.14059968441725,-8.610093490728,1.5));
#8992=CARTESIAN_POINT('Ctrl Pts',(-6.13426125474446,-8.65193731809947,1.5));
#8993=CARTESIAN_POINT('Ctrl Pts',(-6.12239814722622,-8.73025290235434,1.5));
#8994=CARTESIAN_POINT('Ctrl Pts',(-6.08413509954174,-8.79947846104244,1.5));
#8995=CARTESIAN_POINT('Ctrl Pts',(-6.0663159057498,-8.83171697104797,1.5));
#8996=CARTESIAN_POINT('',(-5.88521091789007,-8.97168968761788,1.5));
#8997=CARTESIAN_POINT('Ctrl Pts',(-6.0663159057498,-8.83171697104797,1.5));
#8998=CARTESIAN_POINT('Ctrl Pts',(-6.04298776261359,-8.85969165690859,1.5));
#8999=CARTESIAN_POINT('Ctrl Pts',(-5.99304685756995,-8.91957988384693,1.5));
#9000=CARTESIAN_POINT('Ctrl Pts',(-5.92269850407715,-8.95357447699464,1.5));
#9001=CARTESIAN_POINT('Ctrl Pts',(-5.88521091789007,-8.97168968761788,1.5));
#9002=CARTESIAN_POINT('',(-5.60894890278578,-9.02510036671982,1.5));
#9003=CARTESIAN_POINT('Ctrl Pts',(-5.88521091789007,-8.97168968761788,1.5));
#9004=CARTESIAN_POINT('Ctrl Pts',(-5.8421628339316,-8.98726250503558,1.5));
#9005=CARTESIAN_POINT('Ctrl Pts',(-5.75292917734727,-9.01954313900858,1.5));
#9006=CARTESIAN_POINT('Ctrl Pts',(-5.65805427331723,-9.02320503955282,1.5));
#9007=CARTESIAN_POINT('Ctrl Pts',(-5.60894890278578,-9.02510036671982,1.5));
#9008=CARTESIAN_POINT('',(-5.36829395741224,-8.98458187425957,1.5));
#9009=CARTESIAN_POINT('Ctrl Pts',(-5.60894890278578,-9.02510036671982,1.5));
#9010=CARTESIAN_POINT('Ctrl Pts',(-5.56582364851505,-9.02377859075821,1.5));
#9011=CARTESIAN_POINT('Ctrl Pts',(-5.48370225220229,-9.02126159487226,1.5));
#9012=CARTESIAN_POINT('Ctrl Pts',(-5.4054518976874,-8.99639162216647,1.5));
#9013=CARTESIAN_POINT('Ctrl Pts',(-5.36829395741224,-8.98458187425957,1.5));
#9014=CARTESIAN_POINT('',(-5.21297349184751,-8.87346317017899,1.5));
#9015=CARTESIAN_POINT('Ctrl Pts',(-5.36829395741224,-8.98458187425957,1.5));
#9016=CARTESIAN_POINT('Ctrl Pts',(-5.33639708052871,-8.97070431156618,1.5));
#9017=CARTESIAN_POINT('Ctrl Pts',(-5.27658053702425,-8.94467957454832,1.5));
#9018=CARTESIAN_POINT('Ctrl Pts',(-5.23321470688905,-8.89612585717095,1.5));
#9019=CARTESIAN_POINT('Ctrl Pts',(-5.21297349184751,-8.87346317017899,1.5));
#9020=CARTESIAN_POINT('',(-5.1620183750987,-8.71937041128502,1.5));
#9021=CARTESIAN_POINT('Ctrl Pts',(-5.21297349184751,-8.87346317017899,1.5));
#9022=CARTESIAN_POINT('Ctrl Pts',(-5.19811209187243,-8.84955300027131,1.5));
#9023=CARTESIAN_POINT('Ctrl Pts',(-5.16872087362379,-8.80226613474745,1.5));
#9024=CARTESIAN_POINT('Ctrl Pts',(-5.16423567444452,-8.74679371212071,1.5));
#9025=CARTESIAN_POINT('Ctrl Pts',(-5.1620183750987,-8.71937041128502,1.5));
#9026=CARTESIAN_POINT('',(-5.21113170832396,-8.57141678179131,1.5));
#9027=CARTESIAN_POINT('Ctrl Pts',(-5.1620183750987,-8.71937041128502,1.5));
#9028=CARTESIAN_POINT('Ctrl Pts',(-5.16393638694604,-8.69219263201595,1.5));
#9029=CARTESIAN_POINT('Ctrl Pts',(-5.16771449242958,-8.63865776098292,1.5));
#9030=CARTESIAN_POINT('Ctrl Pts',(-5.19680797032328,-8.5936001979549,1.5));
#9031=CARTESIAN_POINT('Ctrl Pts',(-5.21113170832396,-8.57141678179131,1.5));
#9032=CARTESIAN_POINT('',(-5.37320538014173,-8.46520935142861,1.5));
#9033=CARTESIAN_POINT('Ctrl Pts',(-5.21113170832396,-8.57141678179131,1.5));
#9034=CARTESIAN_POINT('Ctrl Pts',(-5.23184572038627,-8.55058158175948,1.5));
#9035=CARTESIAN_POINT('Ctrl Pts',(-5.27824782869196,-8.50390799648111,1.5));
#9036=CARTESIAN_POINT('Ctrl Pts',(-5.33936890074852,-8.4789989435766,1.5));
#9037=CARTESIAN_POINT('Ctrl Pts',(-5.37320538014173,-8.46520935142861,1.5));
#9038=CARTESIAN_POINT('',(-5.69366915673017,-8.37741945827828,1.5));
#9039=CARTESIAN_POINT('Ctrl Pts',(-5.37320538014173,-8.46520935142861,1.5));
#9040=CARTESIAN_POINT('Ctrl Pts',(-5.41187860794168,-8.45281111528028,1.5));
#9041=CARTESIAN_POINT('Ctrl Pts',(-5.5174134113087,-8.41897775074242,1.5));
#9042=CARTESIAN_POINT('Ctrl Pts',(-5.62531077870337,-8.39353727310252,1.5));
#9043=CARTESIAN_POINT('Ctrl Pts',(-5.69366915673017,-8.37741945827828,1.5));
#9044=CARTESIAN_POINT('',(-6.0411454603076,-8.26507304752693,1.5));
#9045=CARTESIAN_POINT('Ctrl Pts',(-5.69366915673017,-8.37741945827828,1.5));
#9046=CARTESIAN_POINT('Ctrl Pts',(-5.76473654825844,-8.36043969870019,1.5));
#9047=CARTESIAN_POINT('Ctrl Pts',(-5.88359786327772,-8.33204078734632,1.5));
#9048=CARTESIAN_POINT('Ctrl Pts',(-5.99596345543367,-8.28427827060845,1.5));
#9049=CARTESIAN_POINT('Ctrl Pts',(-6.0411454603076,-8.26507304752693,1.5));
#9050=CARTESIAN_POINT('',(-6.23330100029707,-8.09747402513847,1.5));
#9051=CARTESIAN_POINT('Ctrl Pts',(-6.0411454603076,-8.26507304752693,1.5));
#9052=CARTESIAN_POINT('Ctrl Pts',(-6.08072906147411,-8.24220576768086,1.5));
#9053=CARTESIAN_POINT('Ctrl Pts',(-6.15582755042256,-8.1988216865919,1.5));
#9054=CARTESIAN_POINT('Ctrl Pts',(-6.20842642400528,-8.13001394869811,1.5));
#9055=CARTESIAN_POINT('Ctrl Pts',(-6.23330100029707,-8.09747402513847,1.5));
#9056=CARTESIAN_POINT('',(-6.29653422683477,-7.87339498246536,1.5));
#9057=CARTESIAN_POINT('Ctrl Pts',(-6.23330100029707,-8.09747402513847,1.5));
#9058=CARTESIAN_POINT('Ctrl Pts',(-6.25174321271557,-8.06287111048819,1.5));
#9059=CARTESIAN_POINT('Ctrl Pts',(-6.28908874099222,-7.99280011801712,1.5));
#9060=CARTESIAN_POINT('Ctrl Pts',(-6.29403205327434,-7.91352297135365,1.5));
#9061=CARTESIAN_POINT('Ctrl Pts',(-6.29653422683477,-7.87339498246536,1.5));
#9062=CARTESIAN_POINT('',(-6.219180957973,-7.61861999476776,1.5));
#9063=CARTESIAN_POINT('Ctrl Pts',(-6.29653422683477,-7.87339498246536,1.5));
#9064=CARTESIAN_POINT('Ctrl Pts',(-6.2931843305134,-7.82851379773081,1.5));
#9065=CARTESIAN_POINT('Ctrl Pts',(-6.28641694267901,-7.73784580253702,1.5));
#9066=CARTESIAN_POINT('Ctrl Pts',(-6.24174169720854,-7.65862569069071,1.5));
#9067=CARTESIAN_POINT('Ctrl Pts',(-6.219180957973,-7.61861999476776,1.5));
#9068=CARTESIAN_POINT('',(-5.99325998276472,-7.4387427135788,1.5));
#9069=CARTESIAN_POINT('Ctrl Pts',(-6.219180957973,-7.61861999476776,1.5));
#9070=CARTESIAN_POINT('Ctrl Pts',(-6.18963437799546,-7.58118334577878,1.5));
#9071=CARTESIAN_POINT('Ctrl Pts',(-6.12845653348175,-7.5036686725847,1.5));
#9072=CARTESIAN_POINT('Ctrl Pts',(-6.03933776439507,-7.46087082369217,1.5));
#9073=CARTESIAN_POINT('Ctrl Pts',(-5.99325998276472,-7.4387427135788,1.5));
#9074=CARTESIAN_POINT('',(-5.6629733607173,-7.37735127056465,1.5));
#9075=CARTESIAN_POINT('Ctrl Pts',(-5.99325998276472,-7.4387427135788,1.5));
#9076=CARTESIAN_POINT('Ctrl Pts',(-5.94145766963956,-7.42084181716855,1.5));
#9077=CARTESIAN_POINT('Ctrl Pts',(-5.83448277668621,-7.38387538919014,1.5));
#9078=CARTESIAN_POINT('Ctrl Pts',(-5.72133145154354,-7.37957117846392,1.5));
#9079=CARTESIAN_POINT('Ctrl Pts',(-5.6629733607173,-7.37735127056465,1.5));
#9080=CARTESIAN_POINT('',(-5.30997200459242,-7.44181235278473,1.5));
#9081=CARTESIAN_POINT('Ctrl Pts',(-5.6629733607173,-7.37735127056465,1.5));
#9082=CARTESIAN_POINT('Ctrl Pts',(-5.59959215101097,-7.37948029427886,1.5));
#9083=CARTESIAN_POINT('Ctrl Pts',(-5.47865594441055,-7.38354263472568,1.5));
#9084=CARTESIAN_POINT('Ctrl Pts',(-5.36436462138384,-7.42302311624955,1.5));
#9085=CARTESIAN_POINT('Ctrl Pts',(-5.30997200459242,-7.44181235278473,1.5));
#9086=CARTESIAN_POINT('',(-5.07484240978956,-7.63151218140945,1.5));
#9087=CARTESIAN_POINT('Ctrl Pts',(-5.30997200459242,-7.44181235278473,1.5));
#9088=CARTESIAN_POINT('Ctrl Pts',(-5.26235633730726,-7.46523724233929,1.5));
#9089=CARTESIAN_POINT('Ctrl Pts',(-5.16964235656262,-7.51084859009381,1.5));
#9090=CARTESIAN_POINT('Ctrl Pts',(-5.10586516969791,-7.59202568642201,1.5));
#9091=CARTESIAN_POINT('Ctrl Pts',(-5.07484240978956,-7.63151218140945,1.5));
#9092=CARTESIAN_POINT('',(-4.98643858879805,-7.91514118159637,1.5));
#9093=CARTESIAN_POINT('Ctrl Pts',(-5.07484240978956,-7.63151218140945,1.5));
#9094=CARTESIAN_POINT('Ctrl Pts',(-5.05057933205685,-7.67502102134874,1.5));
#9095=CARTESIAN_POINT('Ctrl Pts',(-5.00132143086495,-7.76335087637842,1.5));
#9096=CARTESIAN_POINT('Ctrl Pts',(-4.99144842529605,-7.86404579217373,1.5));
#9097=CARTESIAN_POINT('Ctrl Pts',(-4.98643858879805,-7.91514118159637,1.5));
#9098=CARTESIAN_POINT('',(-5.21481527537107,-7.93233086312637,1.5));
#9099=CARTESIAN_POINT('',(-2.32524899612521,-7.71483614050206,1.5));
#9100=CARTESIAN_POINT('',(-5.33943994492292,-7.67448638523445,1.5));
#9101=CARTESIAN_POINT('Ctrl Pts',(-5.21481527537107,-7.93233086312637,1.5));
#9102=CARTESIAN_POINT('Ctrl Pts',(-5.22339935110654,-7.87996900250939,1.5));
#9103=CARTESIAN_POINT('Ctrl Pts',(-5.23956494352296,-7.78136077455506,1.5));
#9104=CARTESIAN_POINT('Ctrl Pts',(-5.30755379044325,-7.70860716861397,1.5));
#9105=CARTESIAN_POINT('Ctrl Pts',(-5.33943994492292,-7.67448638523445,1.5));
#9106=CARTESIAN_POINT('',(-5.65315081328154,-7.5873102709137,1.5));
#9107=CARTESIAN_POINT('Ctrl Pts',(-5.33943994492292,-7.67448638523445,1.5));
#9108=CARTESIAN_POINT('Ctrl Pts',(-5.38222301256728,-7.64914024405414,1.5));
#9109=CARTESIAN_POINT('Ctrl Pts',(-5.47844755419678,-7.59213356006815,1.5));
#9110=CARTESIAN_POINT('Ctrl Pts',(-5.5907692523296,-7.58903253017751,1.5));
#9111=CARTESIAN_POINT('Ctrl Pts',(-5.65315081328154,-7.5873102709137,1.5));
#9112=CARTESIAN_POINT('',(-5.96808953732252,-7.66650547231064,1.5));
#9113=CARTESIAN_POINT('Ctrl Pts',(-5.65315081328154,-7.5873102709137,1.5));
#9114=CARTESIAN_POINT('Ctrl Pts',(-5.71696914091631,-7.58827971701618,1.5));
#9115=CARTESIAN_POINT('Ctrl Pts',(-5.82877938509481,-7.58997819470205,1.5));
#9116=CARTESIAN_POINT('Ctrl Pts',(-5.92625179764998,-7.64352273726056,1.5));
#9117=CARTESIAN_POINT('Ctrl Pts',(-5.96808953732252,-7.66650547231064,1.5));
#9118=CARTESIAN_POINT('',(-6.06692983359098,-7.85743315661774,1.5));
#9119=CARTESIAN_POINT('Ctrl Pts',(-5.96808953732252,-7.66650547231064,1.5));
#9120=CARTESIAN_POINT('Ctrl Pts',(-5.99690667147146,-7.69353428677627,1.5));
#9121=CARTESIAN_POINT('Ctrl Pts',(-6.05251688153851,-7.74569346549711,1.5));
#9122=CARTESIAN_POINT('Ctrl Pts',(-6.06224352388951,-7.82110147407051,1.5));
#9123=CARTESIAN_POINT('Ctrl Pts',(-6.06692983359098,-7.85743315661774,1.5));
#9124=CARTESIAN_POINT('',(-5.99694354981184,-8.01705111707077,1.5));
#9125=CARTESIAN_POINT('Ctrl Pts',(-6.06692983359098,-7.85743315661774,1.5));
#9126=CARTESIAN_POINT('Ctrl Pts',(-6.0641230096837,-7.88823507102755,1.5));
#9127=CARTESIAN_POINT('Ctrl Pts',(-6.05856076724472,-7.94927478039003,1.5));
#9128=CARTESIAN_POINT('Ctrl Pts',(-6.01735568531301,-7.99459863015659,1.5));
#9129=CARTESIAN_POINT('Ctrl Pts',(-5.99694354981184,-8.01705111707077,1.5));
#9130=CARTESIAN_POINT('',(-5.6378029152751,-8.14535950268135,1.5));
#9131=CARTESIAN_POINT('Ctrl Pts',(-5.99694354981184,-8.01705111707077,1.5));
#9132=CARTESIAN_POINT('Ctrl Pts',(-5.95617442482881,-8.03977233150555,1.5));
#9133=CARTESIAN_POINT('Ctrl Pts',(-5.84411340219397,-8.10222553662406,1.5));
#9134=CARTESIAN_POINT('Ctrl Pts',(-5.7180212510121,-8.12858800927582,1.5));
#9135=CARTESIAN_POINT('Ctrl Pts',(-5.6378029152751,-8.14535950268135,1.5));
#9136=CARTESIAN_POINT('',(-5.23937179297209,-8.26016162479744,1.5));
#9137=CARTESIAN_POINT('Ctrl Pts',(-5.6378029152751,-8.14535950268135,1.5));
#9138=CARTESIAN_POINT('Ctrl Pts',(-5.55556421964765,-8.16373270437145,1.5));
#9139=CARTESIAN_POINT('Ctrl Pts',(-5.42034909247833,-8.19394153470468,1.5));
#9140=CARTESIAN_POINT('Ctrl Pts',(-5.29031739108278,-8.24152049076613,1.5));
#9141=CARTESIAN_POINT('Ctrl Pts',(-5.23937179297209,-8.26016162479744,1.5));
#9142=CARTESIAN_POINT('',(-5.00731183737516,-8.44372247303352,1.5));
#9143=CARTESIAN_POINT('Ctrl Pts',(-5.23937179297209,-8.26016162479744,1.5));
#9144=CARTESIAN_POINT('Ctrl Pts',(-5.19140499472723,-8.28451203405046,1.5));
#9145=CARTESIAN_POINT('Ctrl Pts',(-5.10151268564327,-8.33014598492874,1.5));
#9146=CARTESIAN_POINT('Ctrl Pts',(-5.03727302689736,-8.40759873584925,1.5));
#9147=CARTESIAN_POINT('Ctrl Pts',(-5.00731183737516,-8.44372247303352,1.5));
#9148=CARTESIAN_POINT('',(-4.93241413086653,-8.69972516740189,1.5));
#9149=CARTESIAN_POINT('Ctrl Pts',(-5.00731183737516,-8.44372247303352,1.5));
#9150=CARTESIAN_POINT('Ctrl Pts',(-4.98546936491754,-8.48265281190351,1.5));
#9151=CARTESIAN_POINT('Ctrl Pts',(-4.94085468095322,-8.56217058484238,1.5));
#9152=CARTESIAN_POINT('Ctrl Pts',(-4.93526646573763,-8.65324102496045,1.5));
#9153=CARTESIAN_POINT('Ctrl Pts',(-4.93241413086653,-8.69972516740189,1.5));
#9154=CARTESIAN_POINT('',(-5.01467867344618,-8.9704618319355,1.5));
#9155=CARTESIAN_POINT('Ctrl Pts',(-4.93241413086653,-8.69972516740189,1.5));
#9156=CARTESIAN_POINT('Ctrl Pts',(-4.93602898928637,-8.74720664270408,1.5));
#9157=CARTESIAN_POINT('Ctrl Pts',(-4.94336086163538,-8.84351141468287,1.5));
#9158=CARTESIAN_POINT('Ctrl Pts',(-4.99068627337757,-8.92775377454751,1.5));
#9159=CARTESIAN_POINT('Ctrl Pts',(-5.01467867344618,-8.9704618319355,1.5));
#9160=CARTESIAN_POINT('',(-5.25103612393141,-9.16814272249565,1.5));
#9161=CARTESIAN_POINT('Ctrl Pts',(-5.01467867344618,-8.9704618319355,1.5));
#9162=CARTESIAN_POINT('Ctrl Pts',(-5.04582333418643,-9.01079669452202,1.5));
#9163=CARTESIAN_POINT('Ctrl Pts',(-5.11003765126324,-9.09395944517717,1.5));
#9164=CARTESIAN_POINT('Ctrl Pts',(-5.20310663594366,-9.14292566565918,1.5));
#9165=CARTESIAN_POINT('Ctrl Pts',(-5.25103612393141,-9.16814272249565,1.5));
#9166=CARTESIAN_POINT('',(-5.59789849966764,-9.23874293411598,1.5));
#9167=CARTESIAN_POINT('Ctrl Pts',(-5.25103612393141,-9.16814272249565,1.5));
#9168=CARTESIAN_POINT('Ctrl Pts',(-5.30501492344144,-9.18872811866198,1.5));
#9169=CARTESIAN_POINT('Ctrl Pts',(-5.4166857789721,-9.23131500133069,1.5));
#9170=CARTESIAN_POINT('Ctrl Pts',(-5.53616990550107,-9.23621267108235,1.5));
#9171=CARTESIAN_POINT('Ctrl Pts',(-5.59789849966764,-9.23874293411598,1.5));
#9172=CARTESIAN_POINT('',(-6.00738002508879,-9.16752879465447,1.5));
#9173=CARTESIAN_POINT('Ctrl Pts',(-5.59789849966764,-9.23874293411598,1.5));
#9174=CARTESIAN_POINT('Ctrl Pts',(-5.6734763944446,-9.23682466111429,1.5));
#9175=CARTESIAN_POINT('Ctrl Pts',(-5.81364526650948,-9.23326697849091,1.5));
#9176=CARTESIAN_POINT('Ctrl Pts',(-5.94626688483776,-9.1882657387016,1.5));
#9177=CARTESIAN_POINT('Ctrl Pts',(-6.00738002508879,-9.16752879465447,1.5));
#9178=CARTESIAN_POINT('',(-6.26645235866308,-8.9532721504055,1.5));
#9179=CARTESIAN_POINT('Ctrl Pts',(-6.00738002508879,-9.16752879465447,1.5));
#9180=CARTESIAN_POINT('Ctrl Pts',(-6.05924664028053,-9.14112093569569,1.5));
#9181=CARTESIAN_POINT('Ctrl Pts',(-6.16162446280732,-9.08899532295232,1.5));
#9182=CARTESIAN_POINT('Ctrl Pts',(-6.23181950379539,-8.99811213215486,1.5));
#9183=CARTESIAN_POINT('Ctrl Pts',(-6.26645235866308,-8.9532721504055,1.5));
#9184=CARTESIAN_POINT('Ctrl Pts',(-6.26645235866308,-8.9532721504055,1.5));
#9185=CARTESIAN_POINT('Ctrl Pts',(-6.29406277531813,-8.90361500593716,1.5));
#9186=CARTESIAN_POINT('Ctrl Pts',(-6.35007946305973,-8.80286937827875,1.5));
#9187=CARTESIAN_POINT('Ctrl Pts',(-6.36017388497532,-8.68799298281182,1.5));
#9188=CARTESIAN_POINT('Ctrl Pts',(-6.36529280394316,-8.62973873461113,1.5));
#9189=CARTESIAN_POINT('',(1.97597420923411,-5.93465172946453,1.5));
#9190=CARTESIAN_POINT('',(1.8531910251826,-5.93465172946453,1.5));
#9191=CARTESIAN_POINT('',(0.9265955125913,-5.93465172946453,1.5));
#9192=CARTESIAN_POINT('',(1.8531910251826,-5.1522506147623,1.5));
#9193=CARTESIAN_POINT('',(1.8531910251826,-2.57612530738115,1.5));
#9194=CARTESIAN_POINT('',(1.73688805811107,-5.23683452308178,1.5));
#9195=CARTESIAN_POINT('Ctrl Pts',(1.8531910251826,-5.1522506147623,1.5));
#9196=CARTESIAN_POINT('Ctrl Pts',(1.83645241771458,-5.16681527627723,1.5));
#9197=CARTESIAN_POINT('Ctrl Pts',(1.8001654230315,-5.19838945566836,1.5));
#9198=CARTESIAN_POINT('Ctrl Pts',(1.75904193956333,-5.22337461578362,1.5));
#9199=CARTESIAN_POINT('Ctrl Pts',(1.73688805811107,-5.23683452308178,1.5));
#9200=CARTESIAN_POINT('',(1.6076249551028,-5.30027249157429,1.5));
#9201=CARTESIAN_POINT('Ctrl Pts',(1.73688805811107,-5.23683452308178,1.5));
#9202=CARTESIAN_POINT('Ctrl Pts',(1.7143889103568,-5.24971813258864,1.5));
#9203=CARTESIAN_POINT('Ctrl Pts',(1.67264339028119,-5.27362272600655,1.5));
#9204=CARTESIAN_POINT('Ctrl Pts',(1.62814192813013,-5.29186299171724,1.5));
#9205=CARTESIAN_POINT('Ctrl Pts',(1.6076249551028,-5.30027249157429,1.5));
#9206=CARTESIAN_POINT('',(1.6076249551028,-5.18158213496208,1.5));
#9207=CARTESIAN_POINT('',(1.6076249551028,-2.59079106748104,1.5));
#9208=CARTESIAN_POINT('',(1.78770668022334,-5.06425612866878,1.5));
#9209=CARTESIAN_POINT('Ctrl Pts',(1.6076249551028,-5.18158213496208,1.5));
#9210=CARTESIAN_POINT('Ctrl Pts',(1.6405481193728,-5.16487899274686,1.5));
#9211=CARTESIAN_POINT('Ctrl Pts',(1.70482559497323,-5.13226864559478,1.5));
#9212=CARTESIAN_POINT('Ctrl Pts',(1.76053287710059,-5.0865550493363,1.5));
#9213=CARTESIAN_POINT('Ctrl Pts',(1.78770668022334,-5.06425612866878,1.5));
#9214=CARTESIAN_POINT('',(1.89684725515544,-4.93055896162987,1.5));
#9215=CARTESIAN_POINT('Ctrl Pts',(1.78770668022334,-5.06425612866878,1.5));
#9216=CARTESIAN_POINT('Ctrl Pts',(1.81090764522168,-5.04264225549508,1.5));
#9217=CARTESIAN_POINT('Ctrl Pts',(1.85344457127689,-5.00301512252787,1.5));
#9218=CARTESIAN_POINT('Ctrl Pts',(1.88328343674627,-4.95320231271378,1.5));
#9219=CARTESIAN_POINT('Ctrl Pts',(1.89684725515544,-4.93055896162987,1.5));
#9220=CARTESIAN_POINT('',(1.97597420923411,-4.93055896162987,1.5));
#9221=CARTESIAN_POINT('',(0.987987104617057,-4.93055896162987,1.5));
#9222=CARTESIAN_POINT('',(1.97597420923411,-2.96732586473226,1.5));
#9223=CARTESIAN_POINT('',(-0.573783882335556,6.17728719413281,1.5));
#9224=CARTESIAN_POINT('',(-0.573783882335556,7.17728713452816,1.5));
#9225=CARTESIAN_POINT('',(-0.573783882335556,3.58864356726408,1.5));
#9226=CARTESIAN_POINT('',(-0.441450991109741,7.17728713452816,1.5));
#9227=CARTESIAN_POINT('',(-0.220725495554871,7.17728713452816,1.5));
#9228=CARTESIAN_POINT('',(-0.441450991109741,6.17728719413281,1.5));
#9229=CARTESIAN_POINT('',(-0.441450991109741,3.0886435970664,1.5));
#9230=CARTESIAN_POINT('',(-0.286891941167778,6.17728719413281,1.5));
#9231=CARTESIAN_POINT('',(-1.36029051401846,0.0369035884522947,1.5));
#9232=CARTESIAN_POINT('',(1.33904770272539,-0.00191080634896312,1.5));
#9233=CARTESIAN_POINT('',(0.669648519815947,0.00771463591830036,1.5));
#9234=CARTESIAN_POINT('Origin',(0.,0.756159619579138,1.5));
#9235=CARTESIAN_POINT('',(3.825,7.55,1.5));
#9236=CARTESIAN_POINT('Origin',(4.525,7.55,1.5));
#9237=CARTESIAN_POINT('',(-2.925,-2.25,1.5));
#9238=CARTESIAN_POINT('Origin',(-2.225,-2.25,1.5));
#9239=CARTESIAN_POINT('',(1.525,-2.25,1.5));
#9240=CARTESIAN_POINT('Origin',(2.225,-2.25,1.5));
#9241=CARTESIAN_POINT('',(-2.925,0.750000000000001,1.5));
#9242=CARTESIAN_POINT('Origin',(-2.225,0.750000000000001,1.5));
#9243=CARTESIAN_POINT('',(1.525,0.750000000000001,1.5));
#9244=CARTESIAN_POINT('Origin',(2.225,0.750000000000001,1.5));
#9245=CARTESIAN_POINT('',(1.525,3.75,1.5));
#9246=CARTESIAN_POINT('Origin',(2.225,3.75,1.5));
#9247=CARTESIAN_POINT('',(-5.225,-5.45,1.5));
#9248=CARTESIAN_POINT('Origin',(-4.525,-5.45,1.5));
#9249=CARTESIAN_POINT('',(3.825,-5.45,1.5));
#9250=CARTESIAN_POINT('Origin',(4.525,-5.45,1.5));
#9251=CARTESIAN_POINT('',(-2.925,3.75,1.5));
#9252=CARTESIAN_POINT('Origin',(-2.225,3.75,1.5));
#9253=CARTESIAN_POINT('',(-5.225,7.55,1.5));
#9254=CARTESIAN_POINT('Origin',(-4.525,7.55,1.5));
#9255=CARTESIAN_POINT('',(2.5,-8.8,1.5));
#9256=CARTESIAN_POINT('Origin',(2.5,-8.3,1.5));
#9257=CARTESIAN_POINT('',(-2.5,-8.8,1.5));
#9258=CARTESIAN_POINT('Origin',(-2.5,-8.3,1.5));
#9259=CARTESIAN_POINT('',(-4.925,0.675,1.5));
#9260=CARTESIAN_POINT('Origin',(-4.05,0.675,1.5));
#9261=CARTESIAN_POINT('',(-6.525,3.75000000000001,1.5));
#9262=CARTESIAN_POINT('Origin',(-5.025,3.75000000000001,1.5));
#9263=CARTESIAN_POINT('',(3.175,0.675,1.5));
#9264=CARTESIAN_POINT('Origin',(4.05,0.675,1.5));
#9265=CARTESIAN_POINT('',(3.525,3.75000000000001,1.5));
#9266=CARTESIAN_POINT('Origin',(5.025,3.75000000000001,1.5));
#9267=CARTESIAN_POINT('',(0.274999999999996,-4.7,1.5));
#9268=CARTESIAN_POINT('',(0.274999999999996,-6.2,1.5));
#9269=CARTESIAN_POINT('',(0.274999999999996,-3.1,1.5));
#9270=CARTESIAN_POINT('',(-2.725,-6.2,1.5));
#9271=CARTESIAN_POINT('',(-1.3625,-6.2,1.5));
#9272=CARTESIAN_POINT('',(-2.725,-4.7,1.5));
#9273=CARTESIAN_POINT('',(-2.725,-2.35,1.5));
#9274=CARTESIAN_POINT('',(0.137499999999998,-4.7,1.5));
#9275=CARTESIAN_POINT('',(1.04899068466779E-15,-8.8,1.5));
#9276=CARTESIAN_POINT('Origin',(1.11022302462516E-15,-8.3,1.5));
#9277=CARTESIAN_POINT('',(-0.512051202730072,7.73799652159214,1.5));
#9278=CARTESIAN_POINT('',(-0.128012963012589,8.7379965364933,1.5));
#9279=CARTESIAN_POINT('',(-1.58199434753234,4.95196364754093,1.5));
#9280=CARTESIAN_POINT('',(0.0145518105469816,8.7379965364933,1.5));
#9281=CARTESIAN_POINT('',(0.00727590527349081,8.7379965364933,1.5));
#9282=CARTESIAN_POINT('',(0.423828743024933,7.73799652159214,1.5));
#9283=CARTESIAN_POINT('',(1.74972541793719,4.49838883922884,1.5));
#9284=CARTESIAN_POINT('',(0.273078314586746,7.73799652159214,1.5));
#9285=CARTESIAN_POINT('',(0.136539157293373,7.73799652159214,1.5));
#9286=CARTESIAN_POINT('',(0.156434408947098,8.0408614307642,1.5));
#9287=CARTESIAN_POINT('',(1.4947329521812,4.56598064278825,1.5));
#9288=CARTESIAN_POINT('',(-0.261710204557312,8.0408614307642,1.5));
#9289=CARTESIAN_POINT('',(-0.130855102278656,8.0408614307642,1.5));
#9290=CARTESIAN_POINT('',(-0.371532805637253,7.73799652159214,1.5));
#9291=CARTESIAN_POINT('',(-1.58985886571225,4.37813973530118,1.5));
#9292=CARTESIAN_POINT('',(-0.256025601365036,7.73799652159214,1.5));
#9293=CARTESIAN_POINT('',(-6.04038918912411,-3.00562299654387,1.5));
#9294=CARTESIAN_POINT('',(-7.04038920402527,-3.00562299654387,1.5));
#9295=CARTESIAN_POINT('',(-3.52019460201263,-3.00562299654387,1.5));
#9296=CARTESIAN_POINT('',(-7.04038920402527,-2.87329017982386,1.5));
#9297=CARTESIAN_POINT('',(-7.04038920402527,-1.43664508991193,1.5));
#9298=CARTESIAN_POINT('',(-6.04038918912411,-2.87329017982386,1.5));
#9299=CARTESIAN_POINT('',(-3.02019459456205,-2.87329017982386,1.5));
#9300=CARTESIAN_POINT('',(-6.04038918912411,-1.50281149827193,1.5));
#9301=CARTESIAN_POINT('',(0.556465267762538,-5.93465172946453,1.5));
#9302=CARTESIAN_POINT('',(0.556465267762538,-4.93465171456337,1.5));
#9303=CARTESIAN_POINT('',(0.556465267762538,-2.46732585728168,1.5));
#9304=CARTESIAN_POINT('',(0.999848611280318,-4.93465171456337,1.5));
#9305=CARTESIAN_POINT('',(0.499924305640159,-4.93465171456337,1.5));
#9306=CARTESIAN_POINT('',(1.203122876212,-4.96159584522247,1.5));
#9307=CARTESIAN_POINT('Ctrl Pts',(0.999848611280318,-4.93465171456337,1.5));
#9308=CARTESIAN_POINT('Ctrl Pts',(1.03935346680132,-4.93495571941172,1.5));
#9309=CARTESIAN_POINT('Ctrl Pts',(1.10834120680355,-4.9354866062397,1.5));
#9310=CARTESIAN_POINT('Ctrl Pts',(1.17474449408264,-4.95377853238567,1.5));
#9311=CARTESIAN_POINT('Ctrl Pts',(1.203122876212,-4.96159584522247,1.5));
#9312=CARTESIAN_POINT('',(1.31430975310504,-5.05675272345543,1.5));
#9313=CARTESIAN_POINT('Ctrl Pts',(1.203122876212,-4.96159584522247,1.5));
#9314=CARTESIAN_POINT('Ctrl Pts',(1.22527310753857,-4.97250111599963,1.5));
#9315=CARTESIAN_POINT('Ctrl Pts',(1.27041094146884,-4.99472392234629,1.5));
#9316=CARTESIAN_POINT('Ctrl Pts',(1.29949695353987,-5.0358223118144,1.5));
#9317=CARTESIAN_POINT('Ctrl Pts',(1.31430975310504,-5.05675272345543,1.5));
#9318=CARTESIAN_POINT('',(1.35591960661113,-5.207503002882,1.5));
#9319=CARTESIAN_POINT('Ctrl Pts',(1.31430975310504,-5.05675272345543,1.5));
#9320=CARTESIAN_POINT('Ctrl Pts',(1.32644568860824,-5.08020331503529,1.5));
#9321=CARTESIAN_POINT('Ctrl Pts',(1.35092768018606,-5.12751051977462,1.5));
#9322=CARTESIAN_POINT('Ctrl Pts',(1.35424613740782,-5.18068671081807,1.5));
#9323=CARTESIAN_POINT('Ctrl Pts',(1.35591960661113,-5.207503002882,1.5));
#9324=CARTESIAN_POINT('',(1.28702460937202,-5.38690277636051,1.5));
#9325=CARTESIAN_POINT('Ctrl Pts',(1.35591960661113,-5.207503002882,1.5));
#9326=CARTESIAN_POINT('Ctrl Pts',(1.35324055548439,-5.24137567544501,1.5));
#9327=CARTESIAN_POINT('Ctrl Pts',(1.3479682809401,-5.30803585505824,1.5));
#9328=CARTESIAN_POINT('Ctrl Pts',(1.30711749567481,-5.36090066585412,1.5));
#9329=CARTESIAN_POINT('Ctrl Pts',(1.28702460937202,-5.38690277636051,1.5));
#9330=CARTESIAN_POINT('',(1.07420063726604,-5.47967219054699,1.5));
#9331=CARTESIAN_POINT('Ctrl Pts',(1.28702460937202,-5.38690277636051,1.5));
#9332=CARTESIAN_POINT('Ctrl Pts',(1.25892278594163,-5.40924376074098,1.5));
#9333=CARTESIAN_POINT('Ctrl Pts',(1.19651190920732,-5.45886048492783,1.5));
#9334=CARTESIAN_POINT('Ctrl Pts',(1.11758759946757,-5.47228974189188,1.5));
#9335=CARTESIAN_POINT('Ctrl Pts',(1.07420063726604,-5.47967219054699,1.5));
#9336=CARTESIAN_POINT('',(1.15400961749255,-5.52946754992008,1.5));
#9337=CARTESIAN_POINT('Ctrl Pts',(1.07420063726604,-5.47967219054699,1.5));
#9338=CARTESIAN_POINT('Ctrl Pts',(1.08996518320407,-5.48746161681617,1.5));
#9339=CARTESIAN_POINT('Ctrl Pts',(1.11823748783022,-5.50143125686867,1.5));
#9340=CARTESIAN_POINT('Ctrl Pts',(1.14303785508678,-5.52086846596835,1.5));
#9341=CARTESIAN_POINT('Ctrl Pts',(1.15400961749255,-5.52946754992008,1.5));
#9342=CARTESIAN_POINT('',(1.2638322930783,-5.66248254179954,1.5));
#9343=CARTESIAN_POINT('Ctrl Pts',(1.15400961749255,-5.52946754992008,1.5));
#9344=CARTESIAN_POINT('Ctrl Pts',(1.17345601542646,-5.54889559597233,1.5));
#9345=CARTESIAN_POINT('Ctrl Pts',(1.21430741196878,-5.58970844038808,1.5));
#9346=CARTESIAN_POINT('Ctrl Pts',(1.2468046446148,-5.63746134460896,1.5));
#9347=CARTESIAN_POINT('Ctrl Pts',(1.2638322930783,-5.66248254179954,1.5));
#9348=CARTESIAN_POINT('',(1.4377749633044,-5.93465172946453,1.5));
#9349=CARTESIAN_POINT('',(-0.117157025284105,-3.50163988907864,1.5));
#9350=CARTESIAN_POINT('',(1.27133569829166,-5.93465172946453,1.5));
#9351=CARTESIAN_POINT('',(0.635667849145828,-5.93465172946453,1.5));
#9352=CARTESIAN_POINT('',(1.13900280706584,-5.7266026109457,1.5));
#9353=CARTESIAN_POINT('',(-0.321687837020641,-3.43015614086653,1.5));
#9354=CARTESIAN_POINT('',(1.04350484125316,-5.58881276547909,1.5));
#9355=CARTESIAN_POINT('Ctrl Pts',(1.13900280706584,-5.7266026109457,1.5));
#9356=CARTESIAN_POINT('Ctrl Pts',(1.12170943928709,-5.69988428972447,1.5));
#9357=CARTESIAN_POINT('Ctrl Pts',(1.09132671332204,-5.65294285863385,1.5));
#9358=CARTESIAN_POINT('Ctrl Pts',(1.05790391194114,-5.60812220914185,1.5));
#9359=CARTESIAN_POINT('Ctrl Pts',(1.04350484125316,-5.58881276547909,1.5));
#9360=CARTESIAN_POINT('',(0.976315207406875,-5.52196414470672,1.5));
#9361=CARTESIAN_POINT('Ctrl Pts',(1.04350484125316,-5.58881276547909,1.5));
#9362=CARTESIAN_POINT('Ctrl Pts',(1.03221663040965,-5.57470493443197,1.5));
#9363=CARTESIAN_POINT('Ctrl Pts',(1.01232722875885,-5.54984746835452,1.5));
#9364=CARTESIAN_POINT('Ctrl Pts',(0.987187086166858,-5.53038200359782,1.5));
#9365=CARTESIAN_POINT('Ctrl Pts',(0.976315207406875,-5.52196414470672,1.5));
#9366=CARTESIAN_POINT('',(0.915946878120299,-5.49536117613315,1.5));
#9367=CARTESIAN_POINT('Ctrl Pts',(0.976315207406875,-5.52196414470672,1.5));
#9368=CARTESIAN_POINT('Ctrl Pts',(0.966533994546571,-5.5161188177985,1.5));
#9369=CARTESIAN_POINT('Ctrl Pts',(0.947507169678214,-5.50474824310911,1.5));
#9370=CARTESIAN_POINT('Ctrl Pts',(0.92626767967982,-5.49843092139539,1.5));
#9371=CARTESIAN_POINT('Ctrl Pts',(0.915946878120299,-5.49536117613315,1.5));
#9372=CARTESIAN_POINT('',(0.842277027294036,-5.4905862480402,1.5));
#9373=CARTESIAN_POINT('Ctrl Pts',(0.915946878120299,-5.49536117613315,1.5));
#9374=CARTESIAN_POINT('Ctrl Pts',(0.906069781840196,-5.49398069342778,1.5));
#9375=CARTESIAN_POINT('Ctrl Pts',(0.881647520852381,-5.4905672905446,1.5));
#9376=CARTESIAN_POINT('Ctrl Pts',(0.856972643009183,-5.49057917187617,1.5));
#9377=CARTESIAN_POINT('Ctrl Pts',(0.842277027294036,-5.4905862480402,1.5));
#9378=CARTESIAN_POINT('',(0.688798158988353,-5.4905862480402,1.5));
#9379=CARTESIAN_POINT('',(0.344399079494176,-5.4905862480402,1.5));
#9380=CARTESIAN_POINT('',(0.688798158988353,-5.93465172946453,1.5));
#9381=CARTESIAN_POINT('',(0.688798158988353,-2.96732586473226,1.5));
#9382=CARTESIAN_POINT('',(0.278232633881269,-5.93465172946453,1.5));
#9383=CARTESIAN_POINT('Origin',(0.,0.750000000000001,1.5));
#9384=CARTESIAN_POINT('',(0.35,0.750000000000001,1.51));
#9385=CARTESIAN_POINT('Origin',(0.,0.750000000000001,1.51));
#9386=CARTESIAN_POINT('',(0.35,0.750000000000001,1.5));
#9387=CARTESIAN_POINT('',(0.35,0.750000000000001,1.5));
#9388=CARTESIAN_POINT('Origin',(0.,0.750000000000001,1.5));
#9389=CARTESIAN_POINT('Origin',(0.,0.750000000000001,1.5));
#9390=CARTESIAN_POINT('',(0.5,0.750000000000001,1.51));
#9391=CARTESIAN_POINT('Origin',(0.,0.750000000000001,1.51));
#9392=CARTESIAN_POINT('',(0.5,0.750000000000001,1.5));
#9393=CARTESIAN_POINT('Origin',(0.,0.750000000000001,1.51));
#9394=CARTESIAN_POINT('Origin',(0.,1.11022302462516E-15,1.5));
#9395=CARTESIAN_POINT('Origin',(-0.128354199603928,6.50948354899883,1.5));
#9396=CARTESIAN_POINT('',(-0.253183611110581,6.49856964051724,1.51));
#9397=CARTESIAN_POINT('',(-0.253183611110581,6.49856964051724,1.5));
#9398=CARTESIAN_POINT('',(-0.128354199603928,6.50948354899883,1.51));
#9399=CARTESIAN_POINT('',(-0.253183611110581,6.49856964051724,1.51));
#9400=CARTESIAN_POINT('',(-0.128354199603928,6.50948354899883,1.5));
#9401=CARTESIAN_POINT('Ctrl Pts',(-0.0870854336775667,6.38635942637921,
1.5));
#9402=CARTESIAN_POINT('Ctrl Pts',(-0.0870854336775667,6.38635942637921,
1.51));
#9403=CARTESIAN_POINT('Ctrl Pts',(-0.0969850006708256,6.40426972499397,
1.5));
#9404=CARTESIAN_POINT('Ctrl Pts',(-0.0969850006708256,6.40426972499397,
1.51));
#9405=CARTESIAN_POINT('Ctrl Pts',(-0.118242256033166,6.44272835571277,1.5));
#9406=CARTESIAN_POINT('Ctrl Pts',(-0.118242256033166,6.44272835571277,1.51));
#9407=CARTESIAN_POINT('Ctrl Pts',(-0.124832859667603,6.48623700629116,1.5));
#9408=CARTESIAN_POINT('Ctrl Pts',(-0.124832859667603,6.48623700629116,1.51));
#9409=CARTESIAN_POINT('Ctrl Pts',(-0.128354199603928,6.50948354899883,1.5));
#9410=CARTESIAN_POINT('Ctrl Pts',(-0.128354199603928,6.50948354899883,1.51));
#9411=CARTESIAN_POINT('',(-0.0870854336775667,6.38635942637921,1.51));
#9412=CARTESIAN_POINT('Ctrl Pts',(-0.0870854336775667,6.38635942637921,
1.51));
#9413=CARTESIAN_POINT('Ctrl Pts',(-0.0969850006708256,6.40426972499397,
1.51));
#9414=CARTESIAN_POINT('Ctrl Pts',(-0.118242256033166,6.44272835571277,1.51));
#9415=CARTESIAN_POINT('Ctrl Pts',(-0.124832859667603,6.48623700629116,1.51));
#9416=CARTESIAN_POINT('Ctrl Pts',(-0.128354199603928,6.50948354899883,1.51));
#9417=CARTESIAN_POINT('',(-0.0870854336775667,6.38635942637921,1.5));
#9418=CARTESIAN_POINT('Ctrl Pts',(0.0135285478078001,6.30859682261944,1.5));
#9419=CARTESIAN_POINT('Ctrl Pts',(0.0135285478078001,6.30859682261944,1.51));
#9420=CARTESIAN_POINT('Ctrl Pts',(-0.00729788464797543,6.31866078056985,
1.5));
#9421=CARTESIAN_POINT('Ctrl Pts',(-0.00729788464797543,6.31866078056985,
1.51));
#9422=CARTESIAN_POINT('Ctrl Pts',(-0.0463803665121573,6.33754661014792,
1.5));
#9423=CARTESIAN_POINT('Ctrl Pts',(-0.0463803665121573,6.33754661014792,
1.51));
#9424=CARTESIAN_POINT('Ctrl Pts',(-0.0741253228960148,6.3708178845032,1.5));
#9425=CARTESIAN_POINT('Ctrl Pts',(-0.0741253228960148,6.3708178845032,1.51));
#9426=CARTESIAN_POINT('Ctrl Pts',(-0.0870854336775667,6.38635942637921,
1.5));
#9427=CARTESIAN_POINT('Ctrl Pts',(-0.0870854336775667,6.38635942637921,
1.51));
#9428=CARTESIAN_POINT('',(0.0135285478078001,6.30859682261944,1.51));
#9429=CARTESIAN_POINT('Ctrl Pts',(0.0135285478078001,6.30859682261944,1.51));
#9430=CARTESIAN_POINT('Ctrl Pts',(-0.00729788464797543,6.31866078056985,
1.51));
#9431=CARTESIAN_POINT('Ctrl Pts',(-0.0463803665121573,6.33754661014792,
1.51));
#9432=CARTESIAN_POINT('Ctrl Pts',(-0.0741253228960148,6.3708178845032,1.51));
#9433=CARTESIAN_POINT('Ctrl Pts',(-0.0870854336775667,6.38635942637921,
1.51));
#9434=CARTESIAN_POINT('',(0.0135285478078001,6.30859682261944,1.5));
#9435=CARTESIAN_POINT('Ctrl Pts',(0.16700737886058,6.27892443835735,1.5));
#9436=CARTESIAN_POINT('Ctrl Pts',(0.16700737886058,6.27892443835735,1.51));
#9437=CARTESIAN_POINT('Ctrl Pts',(0.139726621203916,6.27997739673077,1.5));
#9438=CARTESIAN_POINT('Ctrl Pts',(0.139726621203916,6.27997739673077,1.51));
#9439=CARTESIAN_POINT('Ctrl Pts',(0.0870183866506385,6.28201178219834,1.5));
#9440=CARTESIAN_POINT('Ctrl Pts',(0.0870183866506385,6.28201178219834,1.51));
#9441=CARTESIAN_POINT('Ctrl Pts',(0.0374441319195612,6.29994533038165,1.5));
#9442=CARTESIAN_POINT('Ctrl Pts',(0.0374441319195612,6.29994533038165,1.51));
#9443=CARTESIAN_POINT('Ctrl Pts',(0.0135285478078001,6.30859682261944,1.5));
#9444=CARTESIAN_POINT('Ctrl Pts',(0.0135285478078001,6.30859682261944,1.51));
#9445=CARTESIAN_POINT('',(0.16700737886058,6.27892443835735,1.51));
#9446=CARTESIAN_POINT('Ctrl Pts',(0.16700737886058,6.27892443835735,1.51));
#9447=CARTESIAN_POINT('Ctrl Pts',(0.139726621203916,6.27997739673077,1.51));
#9448=CARTESIAN_POINT('Ctrl Pts',(0.0870183866506385,6.28201178219834,1.51));
#9449=CARTESIAN_POINT('Ctrl Pts',(0.0374441319195612,6.29994533038165,1.51));
#9450=CARTESIAN_POINT('Ctrl Pts',(0.0135285478078001,6.30859682261944,1.51));
#9451=CARTESIAN_POINT('',(0.16700737886058,6.27892443835735,1.5));
#9452=CARTESIAN_POINT('Ctrl Pts',(0.300704471393692,6.30143443048,1.5));
#9453=CARTESIAN_POINT('Ctrl Pts',(0.300704471393692,6.30143443048,1.51));
#9454=CARTESIAN_POINT('Ctrl Pts',(0.280061210141465,6.29487356780987,1.5));
#9455=CARTESIAN_POINT('Ctrl Pts',(0.280061210141465,6.29487356780987,1.51));
#9456=CARTESIAN_POINT('Ctrl Pts',(0.236588793197,6.28105711923487,1.5));
#9457=CARTESIAN_POINT('Ctrl Pts',(0.236588793197,6.28105711923487,1.51));
#9458=CARTESIAN_POINT('Ctrl Pts',(0.190965859451626,6.27965876941254,1.5));
#9459=CARTESIAN_POINT('Ctrl Pts',(0.190965859451626,6.27965876941254,1.51));
#9460=CARTESIAN_POINT('Ctrl Pts',(0.16700737886058,6.27892443835735,1.5));
#9461=CARTESIAN_POINT('Ctrl Pts',(0.16700737886058,6.27892443835735,1.51));
#9462=CARTESIAN_POINT('',(0.300704471393692,6.30143443048,1.51));
#9463=CARTESIAN_POINT('Ctrl Pts',(0.300704471393692,6.30143443048,1.51));
#9464=CARTESIAN_POINT('Ctrl Pts',(0.280061210141465,6.29487356780987,1.51));
#9465=CARTESIAN_POINT('Ctrl Pts',(0.236588793197,6.28105711923487,1.51));
#9466=CARTESIAN_POINT('Ctrl Pts',(0.190965859451626,6.27965876941254,1.51));
#9467=CARTESIAN_POINT('Ctrl Pts',(0.16700737886058,6.27892443835735,1.51));
#9468=CARTESIAN_POINT('',(0.300704471393692,6.30143443048,1.5));
#9469=CARTESIAN_POINT('Ctrl Pts',(0.386993817611801,6.3631672590971,1.5));
#9470=CARTESIAN_POINT('Ctrl Pts',(0.386993817611801,6.3631672590971,1.51));
#9471=CARTESIAN_POINT('Ctrl Pts',(0.375748713326261,6.35057681054313,1.5));
#9472=CARTESIAN_POINT('Ctrl Pts',(0.375748713326261,6.35057681054313,1.51));
#9473=CARTESIAN_POINT('Ctrl Pts',(0.35165659674731,6.32360235600351,1.5));
#9474=CARTESIAN_POINT('Ctrl Pts',(0.35165659674731,6.32360235600351,1.51));
#9475=CARTESIAN_POINT('Ctrl Pts',(0.31842504577581,6.30914418488986,1.5));
#9476=CARTESIAN_POINT('Ctrl Pts',(0.31842504577581,6.30914418488986,1.51));
#9477=CARTESIAN_POINT('Ctrl Pts',(0.300704471393692,6.30143443048,1.5));
#9478=CARTESIAN_POINT('Ctrl Pts',(0.300704471393692,6.30143443048,1.51));
#9479=CARTESIAN_POINT('',(0.386993817611801,6.3631672590971,1.51));
#9480=CARTESIAN_POINT('Ctrl Pts',(0.386993817611801,6.3631672590971,1.51));
#9481=CARTESIAN_POINT('Ctrl Pts',(0.375748713326261,6.35057681054313,1.51));
#9482=CARTESIAN_POINT('Ctrl Pts',(0.35165659674731,6.32360235600351,1.51));
#9483=CARTESIAN_POINT('Ctrl Pts',(0.31842504577581,6.30914418488986,1.51));
#9484=CARTESIAN_POINT('Ctrl Pts',(0.300704471393692,6.30143443048,1.51));
#9485=CARTESIAN_POINT('',(0.386993817611801,6.3631672590971,1.5));
#9486=CARTESIAN_POINT('Ctrl Pts',(0.415302149578201,6.44877413213253,1.5));
#9487=CARTESIAN_POINT('Ctrl Pts',(0.415302149578201,6.44877413213253,1.51));
#9488=CARTESIAN_POINT('Ctrl Pts',(0.414070315860494,6.4335390763618,1.5));
#9489=CARTESIAN_POINT('Ctrl Pts',(0.414070315860494,6.4335390763618,1.51));
#9490=CARTESIAN_POINT('Ctrl Pts',(0.41157852593983,6.40272115194185,1.5));
#9491=CARTESIAN_POINT('Ctrl Pts',(0.41157852593983,6.40272115194185,1.51));
#9492=CARTESIAN_POINT('Ctrl Pts',(0.395250148060378,6.3764507199174,1.5));
#9493=CARTESIAN_POINT('Ctrl Pts',(0.395250148060378,6.3764507199174,1.51));
#9494=CARTESIAN_POINT('Ctrl Pts',(0.386993817611801,6.3631672590971,1.5));
#9495=CARTESIAN_POINT('Ctrl Pts',(0.386993817611801,6.3631672590971,1.51));
#9496=CARTESIAN_POINT('',(0.415302149578201,6.44877413213253,1.51));
#9497=CARTESIAN_POINT('Ctrl Pts',(0.415302149578201,6.44877413213253,1.51));
#9498=CARTESIAN_POINT('Ctrl Pts',(0.414070315860494,6.4335390763618,1.51));
#9499=CARTESIAN_POINT('Ctrl Pts',(0.41157852593983,6.40272115194185,1.51));
#9500=CARTESIAN_POINT('Ctrl Pts',(0.395250148060378,6.3764507199174,1.51));
#9501=CARTESIAN_POINT('Ctrl Pts',(0.386993817611801,6.3631672590971,1.51));
#9502=CARTESIAN_POINT('',(0.415302149578201,6.44877413213253,1.5));
#9503=CARTESIAN_POINT('Ctrl Pts',(0.388016931339371,6.53097072541714,1.5));
#9504=CARTESIAN_POINT('Ctrl Pts',(0.388016931339371,6.53097072541714,1.51));
#9505=CARTESIAN_POINT('Ctrl Pts',(0.395974593563853,6.51864662487471,1.5));
#9506=CARTESIAN_POINT('Ctrl Pts',(0.395974593563853,6.51864662487471,1.51));
#9507=CARTESIAN_POINT('Ctrl Pts',(0.412137732310678,6.49361463163626,1.5));
#9508=CARTESIAN_POINT('Ctrl Pts',(0.412137732310678,6.49361463163626,1.51));
#9509=CARTESIAN_POINT('Ctrl Pts',(0.414236617076303,6.46387296568806,1.5));
#9510=CARTESIAN_POINT('Ctrl Pts',(0.414236617076303,6.46387296568806,1.51));
#9511=CARTESIAN_POINT('Ctrl Pts',(0.415302149578201,6.44877413213253,1.5));
#9512=CARTESIAN_POINT('Ctrl Pts',(0.415302149578201,6.44877413213253,1.51));
#9513=CARTESIAN_POINT('',(0.388016931339371,6.53097072541714,1.51));
#9514=CARTESIAN_POINT('Ctrl Pts',(0.388016931339371,6.53097072541714,1.51));
#9515=CARTESIAN_POINT('Ctrl Pts',(0.395974593563853,6.51864662487471,1.51));
#9516=CARTESIAN_POINT('Ctrl Pts',(0.412137732310678,6.49361463163626,1.51));
#9517=CARTESIAN_POINT('Ctrl Pts',(0.414236617076303,6.46387296568806,1.51));
#9518=CARTESIAN_POINT('Ctrl Pts',(0.415302149578201,6.44877413213253,1.51));
#9519=CARTESIAN_POINT('',(0.388016931339371,6.53097072541714,1.5));
#9520=CARTESIAN_POINT('Ctrl Pts',(0.297976068779098,6.58997485339642,1.5));
#9521=CARTESIAN_POINT('Ctrl Pts',(0.297976068779098,6.58997485339642,1.51));
#9522=CARTESIAN_POINT('Ctrl Pts',(0.316774076938776,6.58231397532619,1.5));
#9523=CARTESIAN_POINT('Ctrl Pts',(0.316774076938776,6.58231397532619,1.51));
#9524=CARTESIAN_POINT('Ctrl Pts',(0.350730203906722,6.56847560765294,1.5));
#9525=CARTESIAN_POINT('Ctrl Pts',(0.350730203906722,6.56847560765294,1.51));
#9526=CARTESIAN_POINT('Ctrl Pts',(0.376509136900851,6.54254584892429,1.5));
#9527=CARTESIAN_POINT('Ctrl Pts',(0.376509136900851,6.54254584892429,1.51));
#9528=CARTESIAN_POINT('Ctrl Pts',(0.388016931339371,6.53097072541714,1.5));
#9529=CARTESIAN_POINT('Ctrl Pts',(0.388016931339371,6.53097072541714,1.51));
#9530=CARTESIAN_POINT('',(0.297976068779098,6.58997485339642,1.51));
#9531=CARTESIAN_POINT('Ctrl Pts',(0.297976068779098,6.58997485339642,1.51));
#9532=CARTESIAN_POINT('Ctrl Pts',(0.316774076938776,6.58231397532619,1.51));
#9533=CARTESIAN_POINT('Ctrl Pts',(0.350730203906722,6.56847560765294,1.51));
#9534=CARTESIAN_POINT('Ctrl Pts',(0.376509136900851,6.54254584892429,1.51));
#9535=CARTESIAN_POINT('Ctrl Pts',(0.388016931339371,6.53097072541714,1.51));
#9536=CARTESIAN_POINT('',(0.297976068779098,6.58997485339642,1.5));
#9537=CARTESIAN_POINT('Ctrl Pts',(0.119940571113693,6.63874695003033,1.5));
#9538=CARTESIAN_POINT('Ctrl Pts',(0.119940571113693,6.63874695003033,1.51));
#9539=CARTESIAN_POINT('Ctrl Pts',(0.157917425659876,6.6297924556414,1.5));
#9540=CARTESIAN_POINT('Ctrl Pts',(0.157917425659876,6.6297924556414,1.51));
#9541=CARTESIAN_POINT('Ctrl Pts',(0.21786035380345,6.61565862017421,1.5));
#9542=CARTESIAN_POINT('Ctrl Pts',(0.21786035380345,6.61565862017421,1.51));
#9543=CARTESIAN_POINT('Ctrl Pts',(0.276490912641704,6.59686263739217,1.5));
#9544=CARTESIAN_POINT('Ctrl Pts',(0.276490912641704,6.59686263739217,1.51));
#9545=CARTESIAN_POINT('Ctrl Pts',(0.297976068779098,6.58997485339642,1.5));
#9546=CARTESIAN_POINT('Ctrl Pts',(0.297976068779098,6.58997485339642,1.51));
#9547=CARTESIAN_POINT('',(0.119940571113693,6.63874695003033,1.51));
#9548=CARTESIAN_POINT('Ctrl Pts',(0.119940571113693,6.63874695003033,1.51));
#9549=CARTESIAN_POINT('Ctrl Pts',(0.157917425659876,6.6297924556414,1.51));
#9550=CARTESIAN_POINT('Ctrl Pts',(0.21786035380345,6.61565862017421,1.51));
#9551=CARTESIAN_POINT('Ctrl Pts',(0.276490912641704,6.59686263739217,1.51));
#9552=CARTESIAN_POINT('Ctrl Pts',(0.297976068779098,6.58997485339642,1.51));
#9553=CARTESIAN_POINT('',(0.119940571113693,6.63874695003033,1.5));
#9554=CARTESIAN_POINT('Ctrl Pts',(-0.0731017369784243,6.70116165578365,
1.5));
#9555=CARTESIAN_POINT('Ctrl Pts',(-0.0731017369784243,6.70116165578365,
1.51));
#9556=CARTESIAN_POINT('Ctrl Pts',(-0.0480006196829491,6.69049198871535,
1.5));
#9557=CARTESIAN_POINT('Ctrl Pts',(-0.0480006196829491,6.69049198871535,
1.51));
#9558=CARTESIAN_POINT('Ctrl Pts',(0.0144246141652016,6.66395705586831,1.5));
#9559=CARTESIAN_POINT('Ctrl Pts',(0.0144246141652016,6.66395705586831,1.51));
#9560=CARTESIAN_POINT('Ctrl Pts',(0.0804587112370403,6.64818004332689,1.5));
#9561=CARTESIAN_POINT('Ctrl Pts',(0.0804587112370403,6.64818004332689,1.51));
#9562=CARTESIAN_POINT('Ctrl Pts',(0.119940571113693,6.63874695003033,1.5));
#9563=CARTESIAN_POINT('Ctrl Pts',(0.119940571113693,6.63874695003033,1.51));
#9564=CARTESIAN_POINT('',(-0.0731017369784243,6.70116165578365,1.51));
#9565=CARTESIAN_POINT('Ctrl Pts',(-0.0731017369784243,6.70116165578365,
1.51));
#9566=CARTESIAN_POINT('Ctrl Pts',(-0.0480006196829491,6.69049198871535,
1.51));
#9567=CARTESIAN_POINT('Ctrl Pts',(0.0144246141652016,6.66395705586831,1.51));
#9568=CARTESIAN_POINT('Ctrl Pts',(0.0804587112370403,6.64818004332689,1.51));
#9569=CARTESIAN_POINT('Ctrl Pts',(0.119940571113693,6.63874695003033,1.51));
#9570=CARTESIAN_POINT('',(-0.0731017369784243,6.70116165578365,1.5));
#9571=CARTESIAN_POINT('Ctrl Pts',(-0.179854698852432,6.79427215754986,1.5));
#9572=CARTESIAN_POINT('Ctrl Pts',(-0.179854698852432,6.79427215754986,1.51));
#9573=CARTESIAN_POINT('Ctrl Pts',(-0.166035585216676,6.7761944375692,1.5));
#9574=CARTESIAN_POINT('Ctrl Pts',(-0.166035585216676,6.7761944375692,1.51));
#9575=CARTESIAN_POINT('Ctrl Pts',(-0.136814114314313,6.7379678492134,1.5));
#9576=CARTESIAN_POINT('Ctrl Pts',(-0.136814114314313,6.7379678492134,1.51));
#9577=CARTESIAN_POINT('Ctrl Pts',(-0.095092696479174,6.71386567881553,1.5));
#9578=CARTESIAN_POINT('Ctrl Pts',(-0.095092696479174,6.71386567881553,1.51));
#9579=CARTESIAN_POINT('Ctrl Pts',(-0.0731017369784243,6.70116165578365,
1.5));
#9580=CARTESIAN_POINT('Ctrl Pts',(-0.0731017369784243,6.70116165578365,
1.51));
#9581=CARTESIAN_POINT('',(-0.179854698852432,6.79427215754986,1.51));
#9582=CARTESIAN_POINT('Ctrl Pts',(-0.179854698852432,6.79427215754986,1.51));
#9583=CARTESIAN_POINT('Ctrl Pts',(-0.166035585216676,6.7761944375692,1.51));
#9584=CARTESIAN_POINT('Ctrl Pts',(-0.136814114314313,6.7379678492134,1.51));
#9585=CARTESIAN_POINT('Ctrl Pts',(-0.095092696479174,6.71386567881553,1.51));
#9586=CARTESIAN_POINT('Ctrl Pts',(-0.0731017369784243,6.70116165578365,
1.51));
#9587=CARTESIAN_POINT('',(-0.179854698852432,6.79427215754986,1.5));
#9588=CARTESIAN_POINT('Ctrl Pts',(-0.214984484390152,6.9187606304884,1.5));
#9589=CARTESIAN_POINT('Ctrl Pts',(-0.214984484390152,6.9187606304884,1.51));
#9590=CARTESIAN_POINT('Ctrl Pts',(-0.213594381608473,6.89646730005576,1.5));
#9591=CARTESIAN_POINT('Ctrl Pts',(-0.213594381608473,6.89646730005576,1.51));
#9592=CARTESIAN_POINT('Ctrl Pts',(-0.210848080748678,6.85242437507087,1.5));
#9593=CARTESIAN_POINT('Ctrl Pts',(-0.210848080748678,6.85242437507087,1.51));
#9594=CARTESIAN_POINT('Ctrl Pts',(-0.190100445554168,6.81349603227444,1.5));
#9595=CARTESIAN_POINT('Ctrl Pts',(-0.190100445554168,6.81349603227444,1.51));
#9596=CARTESIAN_POINT('Ctrl Pts',(-0.179854698852432,6.79427215754986,1.5));
#9597=CARTESIAN_POINT('Ctrl Pts',(-0.179854698852432,6.79427215754986,1.51));
#9598=CARTESIAN_POINT('',(-0.214984484390152,6.9187606304884,1.51));
#9599=CARTESIAN_POINT('Ctrl Pts',(-0.214984484390152,6.9187606304884,1.51));
#9600=CARTESIAN_POINT('Ctrl Pts',(-0.213594381608473,6.89646730005576,1.51));
#9601=CARTESIAN_POINT('Ctrl Pts',(-0.210848080748678,6.85242437507087,1.51));
#9602=CARTESIAN_POINT('Ctrl Pts',(-0.190100445554168,6.81349603227444,1.51));
#9603=CARTESIAN_POINT('Ctrl Pts',(-0.179854698852432,6.79427215754986,1.51));
#9604=CARTESIAN_POINT('',(-0.214984484390152,6.9187606304884,1.5));
#9605=CARTESIAN_POINT('Ctrl Pts',(-0.172010280565155,7.0603022903204,1.5));
#9606=CARTESIAN_POINT('Ctrl Pts',(-0.172010280565155,7.0603022903204,1.51));
#9607=CARTESIAN_POINT('Ctrl Pts',(-0.184544118740336,7.0380769402262,1.5));
#9608=CARTESIAN_POINT('Ctrl Pts',(-0.184544118740336,7.0380769402262,1.51));
#9609=CARTESIAN_POINT('Ctrl Pts',(-0.209363895638867,6.99406582223348,1.5));
#9610=CARTESIAN_POINT('Ctrl Pts',(-0.209363895638867,6.99406582223348,1.51));
#9611=CARTESIAN_POINT('Ctrl Pts',(-0.213123471663942,6.94369465900191,1.5));
#9612=CARTESIAN_POINT('Ctrl Pts',(-0.213123471663942,6.94369465900191,1.51));
#9613=CARTESIAN_POINT('Ctrl Pts',(-0.214984484390152,6.9187606304884,1.5));
#9614=CARTESIAN_POINT('Ctrl Pts',(-0.214984484390152,6.9187606304884,1.51));
#9615=CARTESIAN_POINT('',(-0.172010280565155,7.0603022903204,1.51));
#9616=CARTESIAN_POINT('Ctrl Pts',(-0.172010280565155,7.0603022903204,1.51));
#9617=CARTESIAN_POINT('Ctrl Pts',(-0.184544118740336,7.0380769402262,1.51));
#9618=CARTESIAN_POINT('Ctrl Pts',(-0.209363895638867,6.99406582223348,1.51));
#9619=CARTESIAN_POINT('Ctrl Pts',(-0.213123471663942,6.94369465900191,1.51));
#9620=CARTESIAN_POINT('Ctrl Pts',(-0.214984484390152,6.9187606304884,1.51));
#9621=CARTESIAN_POINT('',(-0.172010280565155,7.0603022903204,1.5));
#9622=CARTESIAN_POINT('Ctrl Pts',(-0.046498693899048,7.1602339476347,1.5));
#9623=CARTESIAN_POINT('Ctrl Pts',(-0.046498693899048,7.1602339476347,1.51));
#9624=CARTESIAN_POINT('Ctrl Pts',(-0.0720974371544977,7.14794054519472,
1.5));
#9625=CARTESIAN_POINT('Ctrl Pts',(-0.0720974371544977,7.14794054519472,
1.51));
#9626=CARTESIAN_POINT('Ctrl Pts',(-0.121607788946284,7.12416396079572,1.5));
#9627=CARTESIAN_POINT('Ctrl Pts',(-0.121607788946284,7.12416396079572,1.51));
#9628=CARTESIAN_POINT('Ctrl Pts',(-0.155595509787307,7.08110036296867,1.5));
#9629=CARTESIAN_POINT('Ctrl Pts',(-0.155595509787307,7.08110036296867,1.51));
#9630=CARTESIAN_POINT('Ctrl Pts',(-0.172010280565155,7.0603022903204,1.5));
#9631=CARTESIAN_POINT('Ctrl Pts',(-0.172010280565155,7.0603022903204,1.51));
#9632=CARTESIAN_POINT('',(-0.046498693899048,7.1602339476347,1.51));
#9633=CARTESIAN_POINT('Ctrl Pts',(-0.046498693899048,7.1602339476347,1.51));
#9634=CARTESIAN_POINT('Ctrl Pts',(-0.0720974371544977,7.14794054519472,
1.51));
#9635=CARTESIAN_POINT('Ctrl Pts',(-0.121607788946284,7.12416396079572,1.51));
#9636=CARTESIAN_POINT('Ctrl Pts',(-0.155595509787307,7.08110036296867,1.51));
#9637=CARTESIAN_POINT('Ctrl Pts',(-0.172010280565155,7.0603022903204,1.51));
#9638=CARTESIAN_POINT('',(-0.046498693899048,7.1602339476347,1.5));
#9639=CARTESIAN_POINT('Ctrl Pts',(0.136993758007156,7.19434032142162,1.5));
#9640=CARTESIAN_POINT('Ctrl Pts',(0.136993758007156,7.19434032142162,1.51));
#9641=CARTESIAN_POINT('Ctrl Pts',(0.104572635834577,7.19310711831387,1.5));
#9642=CARTESIAN_POINT('Ctrl Pts',(0.104572635834577,7.19310711831387,1.51));
#9643=CARTESIAN_POINT('Ctrl Pts',(0.0417107962876784,7.19071604080964,1.5));
#9644=CARTESIAN_POINT('Ctrl Pts',(0.0417107962876784,7.19071604080964,1.51));
#9645=CARTESIAN_POINT('Ctrl Pts',(-0.0177196309332359,7.17017897823123,
1.5));
#9646=CARTESIAN_POINT('Ctrl Pts',(-0.0177196309332359,7.17017897823123,
1.51));
#9647=CARTESIAN_POINT('Ctrl Pts',(-0.046498693899048,7.1602339476347,1.5));
#9648=CARTESIAN_POINT('Ctrl Pts',(-0.046498693899048,7.1602339476347,1.51));
#9649=CARTESIAN_POINT('',(0.136993758007156,7.19434032142162,1.51));
#9650=CARTESIAN_POINT('Ctrl Pts',(0.136993758007156,7.19434032142162,1.51));
#9651=CARTESIAN_POINT('Ctrl Pts',(0.104572635834577,7.19310711831387,1.51));
#9652=CARTESIAN_POINT('Ctrl Pts',(0.0417107962876784,7.19071604080964,1.51));
#9653=CARTESIAN_POINT('Ctrl Pts',(-0.0177196309332359,7.17017897823123,
1.51));
#9654=CARTESIAN_POINT('Ctrl Pts',(-0.046498693899048,7.1602339476347,1.51));
#9655=CARTESIAN_POINT('',(0.136993758007156,7.19434032142162,1.5));
#9656=CARTESIAN_POINT('Ctrl Pts',(0.333105556293594,7.15852865874767,1.5));
#9657=CARTESIAN_POINT('Ctrl Pts',(0.333105556293594,7.15852865874767,1.51));
#9658=CARTESIAN_POINT('Ctrl Pts',(0.302887446818056,7.16896711903684,1.5));
#9659=CARTESIAN_POINT('Ctrl Pts',(0.302887446818056,7.16896711903684,1.51));
#9660=CARTESIAN_POINT('Ctrl Pts',(0.239392289031498,7.19090071099915,1.5));
#9661=CARTESIAN_POINT('Ctrl Pts',(0.239392289031498,7.19090071099915,1.51));
#9662=CARTESIAN_POINT('Ctrl Pts',(0.17220553007773,7.19315754294818,1.5));
#9663=CARTESIAN_POINT('Ctrl Pts',(0.17220553007773,7.19315754294818,1.51));
#9664=CARTESIAN_POINT('Ctrl Pts',(0.136993758007156,7.19434032142162,1.5));
#9665=CARTESIAN_POINT('Ctrl Pts',(0.136993758007156,7.19434032142162,1.51));
#9666=CARTESIAN_POINT('',(0.333105556293594,7.15852865874767,1.51));
#9667=CARTESIAN_POINT('Ctrl Pts',(0.333105556293594,7.15852865874767,1.51));
#9668=CARTESIAN_POINT('Ctrl Pts',(0.302887446818056,7.16896711903684,1.51));
#9669=CARTESIAN_POINT('Ctrl Pts',(0.239392289031498,7.19090071099915,1.51));
#9670=CARTESIAN_POINT('Ctrl Pts',(0.17220553007773,7.19315754294818,1.51));
#9671=CARTESIAN_POINT('Ctrl Pts',(0.136993758007156,7.19434032142162,1.51));
#9672=CARTESIAN_POINT('',(0.333105556293594,7.15852865874767,1.5));
#9673=CARTESIAN_POINT('Ctrl Pts',(0.463733307643997,7.05313989818096,1.5));
#9674=CARTESIAN_POINT('Ctrl Pts',(0.463733307643997,7.05313989818096,1.51));
#9675=CARTESIAN_POINT('Ctrl Pts',(0.44649843077277,7.075076779514,1.5));
#9676=CARTESIAN_POINT('Ctrl Pts',(0.44649843077277,7.075076779514,1.51));
#9677=CARTESIAN_POINT('Ctrl Pts',(0.411066566890209,7.12017513439101,1.5));
#9678=CARTESIAN_POINT('Ctrl Pts',(0.411066566890209,7.12017513439101,1.51));
#9679=CARTESIAN_POINT('Ctrl Pts',(0.359558770814709,7.1455147945137,1.5));
#9680=CARTESIAN_POINT('Ctrl Pts',(0.359558770814709,7.1455147945137,1.51));
#9681=CARTESIAN_POINT('Ctrl Pts',(0.333105556293594,7.15852865874767,1.5));
#9682=CARTESIAN_POINT('Ctrl Pts',(0.333105556293594,7.15852865874767,1.51));
#9683=CARTESIAN_POINT('',(0.463733307643997,7.05313989818096,1.51));
#9684=CARTESIAN_POINT('Ctrl Pts',(0.463733307643997,7.05313989818096,1.51));
#9685=CARTESIAN_POINT('Ctrl Pts',(0.44649843077277,7.075076779514,1.51));
#9686=CARTESIAN_POINT('Ctrl Pts',(0.411066566890209,7.12017513439101,1.51));
#9687=CARTESIAN_POINT('Ctrl Pts',(0.359558770814709,7.1455147945137,1.51));
#9688=CARTESIAN_POINT('Ctrl Pts',(0.333105556293594,7.15852865874767,1.51));
#9689=CARTESIAN_POINT('',(0.463733307643997,7.05313989818096,1.5));
#9690=CARTESIAN_POINT('Ctrl Pts',(0.512846342846023,6.89556816518307,1.5));
#9691=CARTESIAN_POINT('Ctrl Pts',(0.512846342846023,6.89556816518307,1.51));
#9692=CARTESIAN_POINT('Ctrl Pts',(0.510063123977875,6.92395458315207,1.5));
#9693=CARTESIAN_POINT('Ctrl Pts',(0.510063123977875,6.92395458315207,1.51));
#9694=CARTESIAN_POINT('Ctrl Pts',(0.504578183869827,6.97989621398243,1.5));
#9695=CARTESIAN_POINT('Ctrl Pts',(0.504578183869827,6.97989621398243,1.51));
#9696=CARTESIAN_POINT('Ctrl Pts',(0.477212730445341,7.02896838199417,1.5));
#9697=CARTESIAN_POINT('Ctrl Pts',(0.477212730445341,7.02896838199417,1.51));
#9698=CARTESIAN_POINT('Ctrl Pts',(0.463733307643997,7.05313989818096,1.5));
#9699=CARTESIAN_POINT('Ctrl Pts',(0.463733307643997,7.05313989818096,1.51));
#9700=CARTESIAN_POINT('',(0.512846342846023,6.89556816518307,1.51));
#9701=CARTESIAN_POINT('Ctrl Pts',(0.512846342846023,6.89556816518307,1.51));
#9702=CARTESIAN_POINT('Ctrl Pts',(0.510063123977875,6.92395458315207,1.51));
#9703=CARTESIAN_POINT('Ctrl Pts',(0.504578183869827,6.97989621398243,1.51));
#9704=CARTESIAN_POINT('Ctrl Pts',(0.477212730445341,7.02896838199417,1.51));
#9705=CARTESIAN_POINT('Ctrl Pts',(0.463733307643997,7.05313989818096,1.51));
#9706=CARTESIAN_POINT('',(0.512846342846023,6.89556816518307,1.5));
#9707=CARTESIAN_POINT('Origin',(0.385970703884231,6.88601830899716,1.5));
#9708=CARTESIAN_POINT('',(0.385970703884231,6.88601830899716,1.51));
#9709=CARTESIAN_POINT('',(0.512846342846023,6.89556816518307,1.51));
#9710=CARTESIAN_POINT('',(0.385970703884231,6.88601830899716,1.5));
#9711=CARTESIAN_POINT('Ctrl Pts',(0.316734544559585,7.0292655557394,1.5));
#9712=CARTESIAN_POINT('Ctrl Pts',(0.316734544559585,7.0292655557394,1.51));
#9713=CARTESIAN_POINT('Ctrl Pts',(0.334449108428122,7.01030958698011,1.5));
#9714=CARTESIAN_POINT('Ctrl Pts',(0.334449108428122,7.01030958698011,1.51));
#9715=CARTESIAN_POINT('Ctrl Pts',(0.372220849368716,6.96989087012274,1.5));
#9716=CARTESIAN_POINT('Ctrl Pts',(0.372220849368716,6.96989087012274,1.51));
#9717=CARTESIAN_POINT('Ctrl Pts',(0.381201753051149,6.91510837099027,1.5));
#9718=CARTESIAN_POINT('Ctrl Pts',(0.381201753051149,6.91510837099027,1.51));
#9719=CARTESIAN_POINT('Ctrl Pts',(0.385970703884231,6.88601830899716,1.5));
#9720=CARTESIAN_POINT('Ctrl Pts',(0.385970703884231,6.88601830899716,1.51));
#9721=CARTESIAN_POINT('',(0.316734544559585,7.0292655557394,1.51));
#9722=CARTESIAN_POINT('Ctrl Pts',(0.316734544559585,7.0292655557394,1.51));
#9723=CARTESIAN_POINT('Ctrl Pts',(0.334449108428122,7.01030958698011,1.51));
#9724=CARTESIAN_POINT('Ctrl Pts',(0.372220849368716,6.96989087012274,1.51));
#9725=CARTESIAN_POINT('Ctrl Pts',(0.381201753051149,6.91510837099027,1.51));
#9726=CARTESIAN_POINT('Ctrl Pts',(0.385970703884231,6.88601830899716,1.51));
#9727=CARTESIAN_POINT('',(0.316734544559585,7.0292655557394,1.5));
#9728=CARTESIAN_POINT('Ctrl Pts',(0.142450861259567,7.07769641578198,1.5));
#9729=CARTESIAN_POINT('Ctrl Pts',(0.142450861259567,7.07769641578198,1.51));
#9730=CARTESIAN_POINT('Ctrl Pts',(0.177107248127951,7.07673957036178,1.5));
#9731=CARTESIAN_POINT('Ctrl Pts',(0.177107248127951,7.07673957036178,1.51));
#9732=CARTESIAN_POINT('Ctrl Pts',(0.239508074012332,7.07501671492705,1.5));
#9733=CARTESIAN_POINT('Ctrl Pts',(0.239508074012332,7.07501671492705,1.51));
#9734=CARTESIAN_POINT('Ctrl Pts',(0.292966184625353,7.04334660866432,1.5));
#9735=CARTESIAN_POINT('Ctrl Pts',(0.292966184625353,7.04334660866432,1.51));
#9736=CARTESIAN_POINT('Ctrl Pts',(0.316734544559585,7.0292655557394,1.5));
#9737=CARTESIAN_POINT('Ctrl Pts',(0.316734544559585,7.0292655557394,1.51));
#9738=CARTESIAN_POINT('',(0.142450861259567,7.07769641578198,1.51));
#9739=CARTESIAN_POINT('Ctrl Pts',(0.142450861259567,7.07769641578198,1.51));
#9740=CARTESIAN_POINT('Ctrl Pts',(0.177107248127951,7.07673957036178,1.51));
#9741=CARTESIAN_POINT('Ctrl Pts',(0.239508074012332,7.07501671492705,1.51));
#9742=CARTESIAN_POINT('Ctrl Pts',(0.292966184625353,7.04334660866432,1.51));
#9743=CARTESIAN_POINT('Ctrl Pts',(0.316734544559585,7.0292655557394,1.51));
#9744=CARTESIAN_POINT('',(0.142450861259567,7.07769641578198,1.5));
#9745=CARTESIAN_POINT('Ctrl Pts',(-0.0325149971999056,7.03369924724102,
1.5));
#9746=CARTESIAN_POINT('Ctrl Pts',(-0.0325149971999056,7.03369924724102,
1.51));
#9747=CARTESIAN_POINT('Ctrl Pts',(-0.00927177883637359,7.046467336402,1.5));
#9748=CARTESIAN_POINT('Ctrl Pts',(-0.00927177883637359,7.046467336402,1.51));
#9749=CARTESIAN_POINT('Ctrl Pts',(0.0448795985895814,7.07621406098851,1.5));
#9750=CARTESIAN_POINT('Ctrl Pts',(0.0448795985895814,7.07621406098851,1.51));
#9751=CARTESIAN_POINT('Ctrl Pts',(0.106996305180044,7.0771577712086,1.5));
#9752=CARTESIAN_POINT('Ctrl Pts',(0.106996305180044,7.0771577712086,1.51));
#9753=CARTESIAN_POINT('Ctrl Pts',(0.142450861259567,7.07769641578198,1.5));
#9754=CARTESIAN_POINT('Ctrl Pts',(0.142450861259567,7.07769641578198,1.51));
#9755=CARTESIAN_POINT('',(-0.0325149971999056,7.03369924724102,1.51));
#9756=CARTESIAN_POINT('Ctrl Pts',(-0.0325149971999056,7.03369924724102,
1.51));
#9757=CARTESIAN_POINT('Ctrl Pts',(-0.00927177883637359,7.046467336402,1.51));
#9758=CARTESIAN_POINT('Ctrl Pts',(0.0448795985895814,7.07621406098851,1.51));
#9759=CARTESIAN_POINT('Ctrl Pts',(0.106996305180044,7.0771577712086,1.51));
#9760=CARTESIAN_POINT('Ctrl Pts',(0.142450861259567,7.07769641578198,1.51));
#9761=CARTESIAN_POINT('',(-0.0325149971999056,7.03369924724102,1.5));
#9762=CARTESIAN_POINT('Ctrl Pts',(-0.0874263722456819,6.92762831151486,
1.5));
#9763=CARTESIAN_POINT('Ctrl Pts',(-0.0874263722456819,6.92762831151486,
1.51));
#9764=CARTESIAN_POINT('Ctrl Pts',(-0.084822803064856,6.94781244735777,1.5));
#9765=CARTESIAN_POINT('Ctrl Pts',(-0.084822803064856,6.94781244735777,1.51));
#9766=CARTESIAN_POINT('Ctrl Pts',(-0.0794189539005477,6.98970571695485,
1.5));
#9767=CARTESIAN_POINT('Ctrl Pts',(-0.0794189539005477,6.98970571695485,
1.51));
#9768=CARTESIAN_POINT('Ctrl Pts',(-0.048524522248678,7.01868312547552,1.5));
#9769=CARTESIAN_POINT('Ctrl Pts',(-0.048524522248678,7.01868312547552,1.51));
#9770=CARTESIAN_POINT('Ctrl Pts',(-0.0325149971999056,7.03369924724102,
1.5));
#9771=CARTESIAN_POINT('Ctrl Pts',(-0.0325149971999056,7.03369924724102,
1.51));
#9772=CARTESIAN_POINT('',(-0.0874263722456819,6.92762831151486,1.51));
#9773=CARTESIAN_POINT('Ctrl Pts',(-0.0874263722456819,6.92762831151486,
1.51));
#9774=CARTESIAN_POINT('Ctrl Pts',(-0.084822803064856,6.94781244735777,1.51));
#9775=CARTESIAN_POINT('Ctrl Pts',(-0.0794189539005477,6.98970571695485,
1.51));
#9776=CARTESIAN_POINT('Ctrl Pts',(-0.048524522248678,7.01868312547552,1.51));
#9777=CARTESIAN_POINT('Ctrl Pts',(-0.0325149971999056,7.03369924724102,
1.51));
#9778=CARTESIAN_POINT('',(-0.0874263722456819,6.92762831151486,1.5));
#9779=CARTESIAN_POINT('Ctrl Pts',(-0.0485450703657991,6.83895150125027,
1.5));
#9780=CARTESIAN_POINT('Ctrl Pts',(-0.0485450703657991,6.83895150125027,
1.51));
#9781=CARTESIAN_POINT('Ctrl Pts',(-0.059885175873817,6.85142512429645,1.5));
#9782=CARTESIAN_POINT('Ctrl Pts',(-0.059885175873817,6.85142512429645,1.51));
#9783=CARTESIAN_POINT('Ctrl Pts',(-0.0827769483173735,6.87660507876143,
1.5));
#9784=CARTESIAN_POINT('Ctrl Pts',(-0.0827769483173735,6.87660507876143,
1.51));
#9785=CARTESIAN_POINT('Ctrl Pts',(-0.0858670449070034,6.91051610084812,
1.5));
#9786=CARTESIAN_POINT('Ctrl Pts',(-0.0858670449070034,6.91051610084812,
1.51));
#9787=CARTESIAN_POINT('Ctrl Pts',(-0.0874263722456819,6.92762831151486,
1.5));
#9788=CARTESIAN_POINT('Ctrl Pts',(-0.0874263722456819,6.92762831151486,
1.51));
#9789=CARTESIAN_POINT('',(-0.0485450703657991,6.83895150125027,1.51));
#9790=CARTESIAN_POINT('Ctrl Pts',(-0.0485450703657991,6.83895150125027,
1.51));
#9791=CARTESIAN_POINT('Ctrl Pts',(-0.059885175873817,6.85142512429645,1.51));
#9792=CARTESIAN_POINT('Ctrl Pts',(-0.0827769483173735,6.87660507876143,
1.51));
#9793=CARTESIAN_POINT('Ctrl Pts',(-0.0858670449070034,6.91051610084812,
1.51));
#9794=CARTESIAN_POINT('Ctrl Pts',(-0.0874263722456819,6.92762831151486,
1.51));
#9795=CARTESIAN_POINT('',(-0.0485450703657991,6.83895150125027,1.5));
#9796=CARTESIAN_POINT('Ctrl Pts',(0.150977305694687,6.76766911447048,1.5));
#9797=CARTESIAN_POINT('Ctrl Pts',(0.150977305694687,6.76766911447048,1.51));
#9798=CARTESIAN_POINT('Ctrl Pts',(0.106411562287082,6.77698647875034,1.5));
#9799=CARTESIAN_POINT('Ctrl Pts',(0.106411562287082,6.77698647875034,1.51));
#9800=CARTESIAN_POINT('Ctrl Pts',(0.036360353034782,6.79163209183658,1.5));
#9801=CARTESIAN_POINT('Ctrl Pts',(0.036360353034782,6.79163209183658,1.51));
#9802=CARTESIAN_POINT('Ctrl Pts',(-0.0258956086181722,6.82632852487832,
1.5));
#9803=CARTESIAN_POINT('Ctrl Pts',(-0.0258956086181722,6.82632852487832,
1.51));
#9804=CARTESIAN_POINT('Ctrl Pts',(-0.0485450703657991,6.83895150125027,
1.5));
#9805=CARTESIAN_POINT('Ctrl Pts',(-0.0485450703657991,6.83895150125027,
1.51));
#9806=CARTESIAN_POINT('',(0.150977305694687,6.76766911447048,1.51));
#9807=CARTESIAN_POINT('Ctrl Pts',(0.150977305694687,6.76766911447048,1.51));
#9808=CARTESIAN_POINT('Ctrl Pts',(0.106411562287082,6.77698647875034,1.51));
#9809=CARTESIAN_POINT('Ctrl Pts',(0.036360353034782,6.79163209183658,1.51));
#9810=CARTESIAN_POINT('Ctrl Pts',(-0.0258956086181722,6.82632852487832,
1.51));
#9811=CARTESIAN_POINT('Ctrl Pts',(-0.0485450703657991,6.83895150125027,
1.51));
#9812=CARTESIAN_POINT('',(0.150977305694687,6.76766911447048,1.5));
#9813=CARTESIAN_POINT('Ctrl Pts',(0.372328094764816,6.70389035642147,1.5));
#9814=CARTESIAN_POINT('Ctrl Pts',(0.372328094764816,6.70389035642147,1.51));
#9815=CARTESIAN_POINT('Ctrl Pts',(0.344024950175314,6.71424650612471,1.5));
#9816=CARTESIAN_POINT('Ctrl Pts',(0.344024950175314,6.71424650612471,1.51));
#9817=CARTESIAN_POINT('Ctrl Pts',(0.271785045230725,6.74067916161245,1.5));
#9818=CARTESIAN_POINT('Ctrl Pts',(0.271785045230725,6.74067916161245,1.51));
#9819=CARTESIAN_POINT('Ctrl Pts',(0.1966654883202,6.75746180573375,1.5));
#9820=CARTESIAN_POINT('Ctrl Pts',(0.1966654883202,6.75746180573375,1.51));
#9821=CARTESIAN_POINT('Ctrl Pts',(0.150977305694687,6.76766911447048,1.5));
#9822=CARTESIAN_POINT('Ctrl Pts',(0.150977305694687,6.76766911447048,1.51));
#9823=CARTESIAN_POINT('',(0.372328094764816,6.70389035642147,1.51));
#9824=CARTESIAN_POINT('Ctrl Pts',(0.372328094764816,6.70389035642147,1.51));
#9825=CARTESIAN_POINT('Ctrl Pts',(0.344024950175314,6.71424650612471,1.51));
#9826=CARTESIAN_POINT('Ctrl Pts',(0.271785045230725,6.74067916161245,1.51));
#9827=CARTESIAN_POINT('Ctrl Pts',(0.1966654883202,6.75746180573375,1.51));
#9828=CARTESIAN_POINT('Ctrl Pts',(0.150977305694687,6.76766911447048,1.51));
#9829=CARTESIAN_POINT('',(0.372328094764816,6.70389035642147,1.5));
#9830=CARTESIAN_POINT('Ctrl Pts',(0.501250259204971,6.60191217362881,1.5));
#9831=CARTESIAN_POINT('Ctrl Pts',(0.501250259204971,6.60191217362881,1.51));
#9832=CARTESIAN_POINT('Ctrl Pts',(0.484605177533327,6.62198090762485,1.5));
#9833=CARTESIAN_POINT('Ctrl Pts',(0.484605177533327,6.62198090762485,1.51));
#9834=CARTESIAN_POINT('Ctrl Pts',(0.448916509333375,6.6650102181988,1.5));
#9835=CARTESIAN_POINT('Ctrl Pts',(0.448916509333375,6.6650102181988,1.51));
#9836=CARTESIAN_POINT('Ctrl Pts',(0.398976331844463,6.69036236858044,1.5));
#9837=CARTESIAN_POINT('Ctrl Pts',(0.398976331844463,6.69036236858044,1.51));
#9838=CARTESIAN_POINT('Ctrl Pts',(0.372328094764816,6.70389035642147,1.5));
#9839=CARTESIAN_POINT('Ctrl Pts',(0.372328094764816,6.70389035642147,1.51));
#9840=CARTESIAN_POINT('',(0.501250259204971,6.60191217362881,1.51));
#9841=CARTESIAN_POINT('Ctrl Pts',(0.501250259204971,6.60191217362881,1.51));
#9842=CARTESIAN_POINT('Ctrl Pts',(0.484605177533327,6.62198090762485,1.51));
#9843=CARTESIAN_POINT('Ctrl Pts',(0.448916509333375,6.6650102181988,1.51));
#9844=CARTESIAN_POINT('Ctrl Pts',(0.398976331844463,6.69036236858044,1.51));
#9845=CARTESIAN_POINT('Ctrl Pts',(0.372328094764816,6.70389035642147,1.51));
#9846=CARTESIAN_POINT('',(0.501250259204971,6.60191217362881,1.5));
#9847=CARTESIAN_POINT('Ctrl Pts',(0.542859963699447,6.45968833863735,1.5));
#9848=CARTESIAN_POINT('Ctrl Pts',(0.542859963699447,6.45968833863735,1.51));
#9849=CARTESIAN_POINT('Ctrl Pts',(0.541275332925509,6.48551291005333,1.5));
#9850=CARTESIAN_POINT('Ctrl Pts',(0.541275332925509,6.48551291005333,1.51));
#9851=CARTESIAN_POINT('Ctrl Pts',(0.538170773068614,6.53610761580946,1.5));
#9852=CARTESIAN_POINT('Ctrl Pts',(0.538170773068614,6.53610761580946,1.51));
#9853=CARTESIAN_POINT('Ctrl Pts',(0.513384910948964,6.58028421375657,1.5));
#9854=CARTESIAN_POINT('Ctrl Pts',(0.513384910948964,6.58028421375657,1.51));
#9855=CARTESIAN_POINT('Ctrl Pts',(0.501250259204971,6.60191217362881,1.5));
#9856=CARTESIAN_POINT('Ctrl Pts',(0.501250259204971,6.60191217362881,1.51));
#9857=CARTESIAN_POINT('',(0.542859963699447,6.45968833863735,1.51));
#9858=CARTESIAN_POINT('Ctrl Pts',(0.542859963699447,6.45968833863735,1.51));
#9859=CARTESIAN_POINT('Ctrl Pts',(0.541275332925509,6.48551291005333,1.51));
#9860=CARTESIAN_POINT('Ctrl Pts',(0.538170773068614,6.53610761580946,1.51));
#9861=CARTESIAN_POINT('Ctrl Pts',(0.513384910948964,6.58028421375657,1.51));
#9862=CARTESIAN_POINT('Ctrl Pts',(0.501250259204971,6.60191217362881,1.51));
#9863=CARTESIAN_POINT('',(0.542859963699447,6.45968833863735,1.5));
#9864=CARTESIAN_POINT('Ctrl Pts',(0.497157506271469,6.30927899777889,1.5));
#9865=CARTESIAN_POINT('Ctrl Pts',(0.497157506271469,6.30927899777889,1.51));
#9866=CARTESIAN_POINT('Ctrl Pts',(0.510486639924634,6.33300569394582,1.5));
#9867=CARTESIAN_POINT('Ctrl Pts',(0.510486639924634,6.33300569394582,1.51));
#9868=CARTESIAN_POINT('Ctrl Pts',(0.536778588613008,6.37980701610207,1.5));
#9869=CARTESIAN_POINT('Ctrl Pts',(0.536778588613008,6.37980701610207,1.51));
#9870=CARTESIAN_POINT('Ctrl Pts',(0.540851755448333,6.43330971065518,1.5));
#9871=CARTESIAN_POINT('Ctrl Pts',(0.540851755448333,6.43330971065518,1.51));
#9872=CARTESIAN_POINT('Ctrl Pts',(0.542859963699447,6.45968833863735,1.5));
#9873=CARTESIAN_POINT('Ctrl Pts',(0.542859963699447,6.45968833863735,1.51));
#9874=CARTESIAN_POINT('',(0.497157506271469,6.30927899777889,1.51));
#9875=CARTESIAN_POINT('Ctrl Pts',(0.497157506271469,6.30927899777889,1.51));
#9876=CARTESIAN_POINT('Ctrl Pts',(0.510486639924634,6.33300569394582,1.51));
#9877=CARTESIAN_POINT('Ctrl Pts',(0.536778588613008,6.37980701610207,1.51));
#9878=CARTESIAN_POINT('Ctrl Pts',(0.540851755448333,6.43330971065518,1.51));
#9879=CARTESIAN_POINT('Ctrl Pts',(0.542859963699447,6.45968833863735,1.51));
#9880=CARTESIAN_POINT('',(0.497157506271469,6.30927899777889,1.5));
#9881=CARTESIAN_POINT('Ctrl Pts',(0.365847877784836,6.19945624768734,1.5));
#9882=CARTESIAN_POINT('Ctrl Pts',(0.365847877784836,6.19945624768734,1.51));
#9883=CARTESIAN_POINT('Ctrl Pts',(0.392475315107431,6.21346566963666,1.5));
#9884=CARTESIAN_POINT('Ctrl Pts',(0.392475315107431,6.21346566963666,1.51));
#9885=CARTESIAN_POINT('Ctrl Pts',(0.444180326180337,6.24066908798439,1.5));
#9886=CARTESIAN_POINT('Ctrl Pts',(0.444180326180337,6.24066908798439,1.51));
#9887=CARTESIAN_POINT('Ctrl Pts',(0.479854896000173,6.28687066030451,1.5));
#9888=CARTESIAN_POINT('Ctrl Pts',(0.479854896000173,6.28687066030451,1.51));
#9889=CARTESIAN_POINT('Ctrl Pts',(0.497157506271469,6.30927899777889,1.5));
#9890=CARTESIAN_POINT('Ctrl Pts',(0.497157506271469,6.30927899777889,1.51));
#9891=CARTESIAN_POINT('',(0.365847877784836,6.19945624768734,1.51));
#9892=CARTESIAN_POINT('Ctrl Pts',(0.365847877784836,6.19945624768734,1.51));
#9893=CARTESIAN_POINT('Ctrl Pts',(0.392475315107431,6.21346566963666,1.51));
#9894=CARTESIAN_POINT('Ctrl Pts',(0.444180326180337,6.24066908798439,1.51));
#9895=CARTESIAN_POINT('Ctrl Pts',(0.479854896000173,6.28687066030451,1.51));
#9896=CARTESIAN_POINT('Ctrl Pts',(0.497157506271469,6.30927899777889,1.51));
#9897=CARTESIAN_POINT('',(0.365847877784836,6.19945624768734,1.5));
#9898=CARTESIAN_POINT('Ctrl Pts',(0.173146657272445,6.16023400723934,1.5));
#9899=CARTESIAN_POINT('Ctrl Pts',(0.173146657272445,6.16023400723934,1.51));
#9900=CARTESIAN_POINT('Ctrl Pts',(0.207440332983857,6.16163967811507,1.5));
#9901=CARTESIAN_POINT('Ctrl Pts',(0.207440332983857,6.16163967811507,1.51));
#9902=CARTESIAN_POINT('Ctrl Pts',(0.273820372993053,6.16436054390255,1.5));
#9903=CARTESIAN_POINT('Ctrl Pts',(0.273820372993053,6.16436054390255,1.51));
#9904=CARTESIAN_POINT('Ctrl Pts',(0.335859699939329,6.18801992537161,1.5));
#9905=CARTESIAN_POINT('Ctrl Pts',(0.335859699939329,6.18801992537161,1.51));
#9906=CARTESIAN_POINT('Ctrl Pts',(0.365847877784836,6.19945624768734,1.5));
#9907=CARTESIAN_POINT('Ctrl Pts',(0.365847877784836,6.19945624768734,1.51));
#9908=CARTESIAN_POINT('',(0.173146657272445,6.16023400723934,1.51));
#9909=CARTESIAN_POINT('Ctrl Pts',(0.173146657272445,6.16023400723934,1.51));
#9910=CARTESIAN_POINT('Ctrl Pts',(0.207440332983857,6.16163967811507,1.51));
#9911=CARTESIAN_POINT('Ctrl Pts',(0.273820372993053,6.16436054390255,1.51));
#9912=CARTESIAN_POINT('Ctrl Pts',(0.335859699939329,6.18801992537161,1.51));
#9913=CARTESIAN_POINT('Ctrl Pts',(0.365847877784836,6.19945624768734,1.51));
#9914=CARTESIAN_POINT('',(0.173146657272445,6.16023400723934,1.5));
#9915=CARTESIAN_POINT('Ctrl Pts',(-0.0543431121863253,6.19979748427868,
1.5));
#9916=CARTESIAN_POINT('Ctrl Pts',(-0.0543431121863253,6.19979748427868,
1.51));
#9917=CARTESIAN_POINT('Ctrl Pts',(-0.0203914079341361,6.18827702785658,
1.5));
#9918=CARTESIAN_POINT('Ctrl Pts',(-0.0203914079341361,6.18827702785658,
1.51));
#9919=CARTESIAN_POINT('Ctrl Pts',(0.0532872996987646,6.1632764466128,1.5));
#9920=CARTESIAN_POINT('Ctrl Pts',(0.0532872996987646,6.1632764466128,1.51));
#9921=CARTESIAN_POINT('Ctrl Pts',(0.131158885572236,6.16129980011868,1.5));
#9922=CARTESIAN_POINT('Ctrl Pts',(0.131158885572236,6.16129980011868,1.51));
#9923=CARTESIAN_POINT('Ctrl Pts',(0.173146657272445,6.16023400723934,1.5));
#9924=CARTESIAN_POINT('Ctrl Pts',(0.173146657272445,6.16023400723934,1.51));
#9925=CARTESIAN_POINT('',(-0.0543431121863253,6.19979748427868,1.51));
#9926=CARTESIAN_POINT('Ctrl Pts',(-0.0543431121863253,6.19979748427868,
1.51));
#9927=CARTESIAN_POINT('Ctrl Pts',(-0.0203914079341361,6.18827702785658,
1.51));
#9928=CARTESIAN_POINT('Ctrl Pts',(0.0532872996987646,6.1632764466128,1.51));
#9929=CARTESIAN_POINT('Ctrl Pts',(0.131158885572236,6.16129980011868,1.51));
#9930=CARTESIAN_POINT('Ctrl Pts',(0.173146657272445,6.16023400723934,1.51));
#9931=CARTESIAN_POINT('',(-0.0543431121863253,6.19979748427868,1.5));
#9932=CARTESIAN_POINT('Ctrl Pts',(-0.198272236064804,6.31882885396481,1.5));
#9933=CARTESIAN_POINT('Ctrl Pts',(-0.198272236064804,6.31882885396481,1.51));
#9934=CARTESIAN_POINT('Ctrl Pts',(-0.179031731238202,6.29391776447465,1.5));
#9935=CARTESIAN_POINT('Ctrl Pts',(-0.179031731238202,6.29391776447465,1.51));
#9936=CARTESIAN_POINT('Ctrl Pts',(-0.140034445029719,6.24342715129334,1.5));
#9937=CARTESIAN_POINT('Ctrl Pts',(-0.140034445029719,6.24342715129334,1.51));
#9938=CARTESIAN_POINT('Ctrl Pts',(-0.0831578819332041,6.21446849904114,
1.5));
#9939=CARTESIAN_POINT('Ctrl Pts',(-0.0831578819332041,6.21446849904114,
1.51));
#9940=CARTESIAN_POINT('Ctrl Pts',(-0.0543431121863253,6.19979748427868,
1.5));
#9941=CARTESIAN_POINT('Ctrl Pts',(-0.0543431121863253,6.19979748427868,
1.51));
#9942=CARTESIAN_POINT('',(-0.198272236064804,6.31882885396481,1.51));
#9943=CARTESIAN_POINT('Ctrl Pts',(-0.198272236064804,6.31882885396481,1.51));
#9944=CARTESIAN_POINT('Ctrl Pts',(-0.179031731238202,6.29391776447465,1.51));
#9945=CARTESIAN_POINT('Ctrl Pts',(-0.140034445029719,6.24342715129334,1.51));
#9946=CARTESIAN_POINT('Ctrl Pts',(-0.0831578819332041,6.21446849904114,
1.51));
#9947=CARTESIAN_POINT('Ctrl Pts',(-0.0543431121863253,6.19979748427868,
1.51));
#9948=CARTESIAN_POINT('',(-0.198272236064804,6.31882885396481,1.5));
#9949=CARTESIAN_POINT('Ctrl Pts',(-0.253183611110581,6.49856964051724,1.5));
#9950=CARTESIAN_POINT('Ctrl Pts',(-0.253183611110581,6.49856964051724,1.51));
#9951=CARTESIAN_POINT('Ctrl Pts',(-0.250339731171737,6.46620622526303,1.5));
#9952=CARTESIAN_POINT('Ctrl Pts',(-0.250339731171737,6.46620622526303,1.51));
#9953=CARTESIAN_POINT('Ctrl Pts',(-0.244731640301506,6.40238602978372,1.5));
#9954=CARTESIAN_POINT('Ctrl Pts',(-0.244731640301506,6.40238602978372,1.51));
#9955=CARTESIAN_POINT('Ctrl Pts',(-0.213611338273474,6.34641620858572,1.5));
#9956=CARTESIAN_POINT('Ctrl Pts',(-0.213611338273474,6.34641620858572,1.51));
#9957=CARTESIAN_POINT('Ctrl Pts',(-0.198272236064804,6.31882885396481,1.5));
#9958=CARTESIAN_POINT('Ctrl Pts',(-0.198272236064804,6.31882885396481,1.51));
#9959=CARTESIAN_POINT('Ctrl Pts',(-0.253183611110581,6.49856964051724,1.51));
#9960=CARTESIAN_POINT('Ctrl Pts',(-0.250339731171737,6.46620622526303,1.51));
#9961=CARTESIAN_POINT('Ctrl Pts',(-0.244731640301506,6.40238602978372,1.51));
#9962=CARTESIAN_POINT('Ctrl Pts',(-0.213611338273474,6.34641620858572,1.51));
#9963=CARTESIAN_POINT('Ctrl Pts',(-0.198272236064804,6.31882885396481,1.51));
#9964=CARTESIAN_POINT('Origin',(-0.0154619593180544,7.44911527186632,1.51));
#9965=CARTESIAN_POINT('Origin',(4.12263954000319,-8.27707044035161,1.5));
#9966=CARTESIAN_POINT('',(4.12263954000319,-8.43668840080464,1.51));
#9967=CARTESIAN_POINT('',(4.12263954000319,-8.43668840080464,1.5));
#9968=CARTESIAN_POINT('',(4.12263954000319,-8.27707044035161,1.51));
#9969=CARTESIAN_POINT('',(4.12263954000319,-8.43668840080464,1.51));
#9970=CARTESIAN_POINT('',(4.12263954000319,-8.27707044035161,1.5));
#9971=CARTESIAN_POINT('Origin',(5.58744175301636,-8.27707044035161,1.5));
#9972=CARTESIAN_POINT('',(5.58744175301636,-8.27707044035161,1.51));
#9973=CARTESIAN_POINT('',(4.12263954000319,-8.27707044035161,1.51));
#9974=CARTESIAN_POINT('',(5.58744175301636,-8.27707044035161,1.5));
#9975=CARTESIAN_POINT('Origin',(5.58744175301636,-8.43668840080464,1.5));
#9976=CARTESIAN_POINT('',(5.58744175301636,-8.43668840080464,1.51));
#9977=CARTESIAN_POINT('',(5.58744175301636,-8.27707044035161,1.51));
#9978=CARTESIAN_POINT('',(5.58744175301636,-8.43668840080464,1.5));
#9979=CARTESIAN_POINT('Origin',(4.12263954000319,-8.43668840080464,1.5));
#9980=CARTESIAN_POINT('',(5.58744175301636,-8.43668840080464,1.51));
#9981=CARTESIAN_POINT('Origin',(4.85504064650978,-8.35687942057812,1.51));
#9982=CARTESIAN_POINT('Origin',(0.973245568200942,-5.3759887188673,1.5));
#9983=CARTESIAN_POINT('',(0.688798158988353,-5.3759887188673,1.5));
#9984=CARTESIAN_POINT('',(0.973245568200942,-5.3759887188673,1.5));
#9985=CARTESIAN_POINT('',(0.486622784100471,-5.3759887188673,1.5));
#9986=CARTESIAN_POINT('',(0.688798158988353,-5.3759887188673,1.51));
#9987=CARTESIAN_POINT('',(0.688798158988353,-5.3759887188673,1.5));
#9988=CARTESIAN_POINT('',(0.973245568200942,-5.3759887188673,1.51));
#9989=CARTESIAN_POINT('',(0.688798158988353,-5.3759887188673,1.51));
#9990=CARTESIAN_POINT('',(0.973245568200942,-5.3759887188673,1.5));
#9991=CARTESIAN_POINT('Ctrl Pts',(1.11512831561267,-5.35723016858101,1.5));
#9992=CARTESIAN_POINT('Ctrl Pts',(1.11512831561267,-5.35723016858101,1.51));
#9993=CARTESIAN_POINT('Ctrl Pts',(1.09488683612696,-5.36267886837455,1.5));
#9994=CARTESIAN_POINT('Ctrl Pts',(1.09488683612696,-5.36267886837455,1.51));
#9995=CARTESIAN_POINT('Ctrl Pts',(1.04848574720038,-5.37516933893687,1.5));
#9996=CARTESIAN_POINT('Ctrl Pts',(1.04848574720038,-5.37516933893687,1.51));
#9997=CARTESIAN_POINT('Ctrl Pts',(1.00037118497655,-5.37569331571593,1.5));
#9998=CARTESIAN_POINT('Ctrl Pts',(1.00037118497655,-5.37569331571593,1.51));
#9999=CARTESIAN_POINT('Ctrl Pts',(0.973245568200942,-5.3759887188673,1.5));
#10000=CARTESIAN_POINT('Ctrl Pts',(0.973245568200942,-5.3759887188673,1.51));
#10001=CARTESIAN_POINT('',(1.11512831561267,-5.35723016858101,1.5));
#10002=CARTESIAN_POINT('Ctrl Pts',(0.973245568200942,-5.3759887188673,1.5));
#10003=CARTESIAN_POINT('Ctrl Pts',(1.00037118497655,-5.37569331571593,1.5));
#10004=CARTESIAN_POINT('Ctrl Pts',(1.04848574720038,-5.37516933893687,1.5));
#10005=CARTESIAN_POINT('Ctrl Pts',(1.09488683612696,-5.36267886837455,1.5));
#10006=CARTESIAN_POINT('Ctrl Pts',(1.11512831561267,-5.35723016858101,1.5));
#10007=CARTESIAN_POINT('',(1.11512831561267,-5.35723016858101,1.51));
#10008=CARTESIAN_POINT('Ctrl Pts',(1.11512831561267,-5.35723016858101,1.51));
#10009=CARTESIAN_POINT('Ctrl Pts',(1.09488683612696,-5.36267886837455,1.51));
#10010=CARTESIAN_POINT('Ctrl Pts',(1.04848574720038,-5.37516933893687,1.51));
#10011=CARTESIAN_POINT('Ctrl Pts',(1.00037118497655,-5.37569331571593,1.51));
#10012=CARTESIAN_POINT('Ctrl Pts',(0.973245568200942,-5.3759887188673,1.51));
#10013=CARTESIAN_POINT('',(1.11512831561267,-5.35723016858101,1.5));
#10014=CARTESIAN_POINT('Ctrl Pts',(1.19289091937244,-5.29720292687416,1.5));
#10015=CARTESIAN_POINT('Ctrl Pts',(1.19289091937244,-5.29720292687416,1.51));
#10016=CARTESIAN_POINT('Ctrl Pts',(1.18277164026753,-5.31010294379468,1.5));
#10017=CARTESIAN_POINT('Ctrl Pts',(1.18277164026753,-5.31010294379468,1.51));
#10018=CARTESIAN_POINT('Ctrl Pts',(1.16194699684546,-5.33665011674283,1.5));
#10019=CARTESIAN_POINT('Ctrl Pts',(1.16194699684546,-5.33665011674283,1.51));
#10020=CARTESIAN_POINT('Ctrl Pts',(1.13102463392605,-5.35024263611936,1.5));
#10021=CARTESIAN_POINT('Ctrl Pts',(1.13102463392605,-5.35024263611936,1.51));
#10022=CARTESIAN_POINT('Ctrl Pts',(1.11512831561267,-5.35723016858101,1.5));
#10023=CARTESIAN_POINT('Ctrl Pts',(1.11512831561267,-5.35723016858101,1.51));
#10024=CARTESIAN_POINT('',(1.19289091937244,-5.29720292687416,1.5));
#10025=CARTESIAN_POINT('Ctrl Pts',(1.11512831561267,-5.35723016858101,1.5));
#10026=CARTESIAN_POINT('Ctrl Pts',(1.13102463392605,-5.35024263611936,1.5));
#10027=CARTESIAN_POINT('Ctrl Pts',(1.16194699684546,-5.33665011674283,1.5));
#10028=CARTESIAN_POINT('Ctrl Pts',(1.18277164026753,-5.31010294379468,1.5));
#10029=CARTESIAN_POINT('Ctrl Pts',(1.19289091937244,-5.29720292687416,1.5));
#10030=CARTESIAN_POINT('',(1.19289091937244,-5.29720292687416,1.51));
#10031=CARTESIAN_POINT('Ctrl Pts',(1.19289091937244,-5.29720292687416,1.51));
#10032=CARTESIAN_POINT('Ctrl Pts',(1.18277164026753,-5.31010294379468,1.51));
#10033=CARTESIAN_POINT('Ctrl Pts',(1.16194699684546,-5.33665011674283,1.51));
#10034=CARTESIAN_POINT('Ctrl Pts',(1.13102463392605,-5.35024263611936,1.51));
#10035=CARTESIAN_POINT('Ctrl Pts',(1.11512831561267,-5.35723016858101,1.51));
#10036=CARTESIAN_POINT('',(1.19289091937244,-5.29720292687416,1.5));
#10037=CARTESIAN_POINT('Ctrl Pts',(1.21949396245181,-5.207503002882,1.5));
#10038=CARTESIAN_POINT('Ctrl Pts',(1.21949396245181,-5.207503002882,1.51));
#10039=CARTESIAN_POINT('Ctrl Pts',(1.21836944996426,-5.2233731950483,1.5));
#10040=CARTESIAN_POINT('Ctrl Pts',(1.21836944996426,-5.2233731950483,1.51));
#10041=CARTESIAN_POINT('Ctrl Pts',(1.21611218892713,-5.25522981453941,1.5));
#10042=CARTESIAN_POINT('Ctrl Pts',(1.21611218892713,-5.25522981453941,1.51));
#10043=CARTESIAN_POINT('Ctrl Pts',(1.20065014799252,-5.28317789806449,1.5));
#10044=CARTESIAN_POINT('Ctrl Pts',(1.20065014799252,-5.28317789806449,1.51));
#10045=CARTESIAN_POINT('Ctrl Pts',(1.19289091937244,-5.29720292687416,1.5));
#10046=CARTESIAN_POINT('Ctrl Pts',(1.19289091937244,-5.29720292687416,1.51));
#10047=CARTESIAN_POINT('',(1.21949396245181,-5.207503002882,1.5));
#10048=CARTESIAN_POINT('Ctrl Pts',(1.19289091937244,-5.29720292687416,1.5));
#10049=CARTESIAN_POINT('Ctrl Pts',(1.20065014799252,-5.28317789806449,1.5));
#10050=CARTESIAN_POINT('Ctrl Pts',(1.21611218892713,-5.25522981453941,1.5));
#10051=CARTESIAN_POINT('Ctrl Pts',(1.21836944996426,-5.2233731950483,1.5));
#10052=CARTESIAN_POINT('Ctrl Pts',(1.21949396245181,-5.207503002882,1.5));
#10053=CARTESIAN_POINT('',(1.21949396245181,-5.207503002882,1.51));
#10054=CARTESIAN_POINT('Ctrl Pts',(1.21949396245181,-5.207503002882,1.51));
#10055=CARTESIAN_POINT('Ctrl Pts',(1.21836944996426,-5.2233731950483,1.51));
#10056=CARTESIAN_POINT('Ctrl Pts',(1.21611218892713,-5.25522981453941,1.51));
#10057=CARTESIAN_POINT('Ctrl Pts',(1.20065014799252,-5.28317789806449,1.51));
#10058=CARTESIAN_POINT('Ctrl Pts',(1.19289091937244,-5.29720292687416,1.51));
#10059=CARTESIAN_POINT('',(1.21949396245181,-5.207503002882,1.5));
#10060=CARTESIAN_POINT('Ctrl Pts',(1.16799323968589,-5.09085909724235,1.5));
#10061=CARTESIAN_POINT('Ctrl Pts',(1.16799323968589,-5.09085909724235,1.51));
#10062=CARTESIAN_POINT('Ctrl Pts',(1.18301396441184,-5.10724429531663,1.5));
#10063=CARTESIAN_POINT('Ctrl Pts',(1.18301396441184,-5.10724429531663,1.51));
#10064=CARTESIAN_POINT('Ctrl Pts',(1.21331409378595,-5.14029686971163,1.5));
#10065=CARTESIAN_POINT('Ctrl Pts',(1.21331409378595,-5.14029686971163,1.51));
#10066=CARTESIAN_POINT('Ctrl Pts',(1.21742231525217,-5.18497381899332,1.5));
#10067=CARTESIAN_POINT('Ctrl Pts',(1.21742231525217,-5.18497381899332,1.51));
#10068=CARTESIAN_POINT('Ctrl Pts',(1.21949396245181,-5.207503002882,1.5));
#10069=CARTESIAN_POINT('Ctrl Pts',(1.21949396245181,-5.207503002882,1.51));
#10070=CARTESIAN_POINT('',(1.16799323968589,-5.09085909724235,1.5));
#10071=CARTESIAN_POINT('Ctrl Pts',(1.21949396245181,-5.207503002882,1.5));
#10072=CARTESIAN_POINT('Ctrl Pts',(1.21742231525217,-5.18497381899332,1.5));
#10073=CARTESIAN_POINT('Ctrl Pts',(1.21331409378595,-5.14029686971163,1.5));
#10074=CARTESIAN_POINT('Ctrl Pts',(1.18301396441184,-5.10724429531663,1.5));
#10075=CARTESIAN_POINT('Ctrl Pts',(1.16799323968589,-5.09085909724235,1.5));
#10076=CARTESIAN_POINT('',(1.16799323968589,-5.09085909724235,1.51));
#10077=CARTESIAN_POINT('Ctrl Pts',(1.16799323968589,-5.09085909724235,1.51));
#10078=CARTESIAN_POINT('Ctrl Pts',(1.18301396441184,-5.10724429531663,1.51));
#10079=CARTESIAN_POINT('Ctrl Pts',(1.21331409378595,-5.14029686971163,1.51));
#10080=CARTESIAN_POINT('Ctrl Pts',(1.21742231525217,-5.18497381899332,1.51));
#10081=CARTESIAN_POINT('Ctrl Pts',(1.21949396245181,-5.207503002882,1.51));
#10082=CARTESIAN_POINT('',(1.16799323968589,-5.09085909724235,1.5));
#10083=CARTESIAN_POINT('Ctrl Pts',(1.00530564002692,-5.04515649080276,1.5));
#10084=CARTESIAN_POINT('Ctrl Pts',(1.00530564002692,-5.04515649080276,1.51));
#10085=CARTESIAN_POINT('Ctrl Pts',(1.0383463313601,-5.0458567044297,1.5));
#10086=CARTESIAN_POINT('Ctrl Pts',(1.0383463313601,-5.0458567044297,1.51));
#10087=CARTESIAN_POINT('Ctrl Pts',(1.09686257828206,-5.0470968078246,1.5));
#10088=CARTESIAN_POINT('Ctrl Pts',(1.09686257828206,-5.0470968078246,1.51));
#10089=CARTESIAN_POINT('Ctrl Pts',(1.14641859710778,-5.07758555621302,1.5));
#10090=CARTESIAN_POINT('Ctrl Pts',(1.14641859710778,-5.07758555621302,1.51));
#10091=CARTESIAN_POINT('Ctrl Pts',(1.16799323968589,-5.09085909724235,1.5));
#10092=CARTESIAN_POINT('Ctrl Pts',(1.16799323968589,-5.09085909724235,1.51));
#10093=CARTESIAN_POINT('',(1.00530564002692,-5.04515649080276,1.5));
#10094=CARTESIAN_POINT('Ctrl Pts',(1.16799323968589,-5.09085909724235,1.5));
#10095=CARTESIAN_POINT('Ctrl Pts',(1.14641859710778,-5.07758555621302,1.5));
#10096=CARTESIAN_POINT('Ctrl Pts',(1.09686257828206,-5.0470968078246,1.5));
#10097=CARTESIAN_POINT('Ctrl Pts',(1.0383463313601,-5.0458567044297,1.5));
#10098=CARTESIAN_POINT('Ctrl Pts',(1.00530564002692,-5.04515649080276,1.5));
#10099=CARTESIAN_POINT('',(1.00530564002692,-5.04515649080276,1.51));
#10100=CARTESIAN_POINT('Ctrl Pts',(1.00530564002692,-5.04515649080276,1.51));
#10101=CARTESIAN_POINT('Ctrl Pts',(1.0383463313601,-5.0458567044297,1.51));
#10102=CARTESIAN_POINT('Ctrl Pts',(1.09686257828206,-5.0470968078246,1.51));
#10103=CARTESIAN_POINT('Ctrl Pts',(1.14641859710778,-5.07758555621302,1.51));
#10104=CARTESIAN_POINT('Ctrl Pts',(1.16799323968589,-5.09085909724235,1.51));
#10105=CARTESIAN_POINT('',(1.00530564002692,-5.04515649080276,1.5));
#10106=CARTESIAN_POINT('Origin',(0.688798158988353,-5.04515649080276,1.5));
#10107=CARTESIAN_POINT('',(0.688798158988353,-5.04515649080276,1.5));
#10108=CARTESIAN_POINT('',(0.344399079494176,-5.04515649080276,1.5));
#10109=CARTESIAN_POINT('',(0.688798158988353,-5.04515649080276,1.51));
#10110=CARTESIAN_POINT('',(1.00530564002692,-5.04515649080276,1.51));
#10111=CARTESIAN_POINT('',(0.688798158988353,-5.04515649080276,1.5));
#10112=CARTESIAN_POINT('Origin',(0.688798158988353,-5.3759887188673,1.5));
#10113=CARTESIAN_POINT('',(0.688798158988353,-2.68799435943365,1.5));
#10114=CARTESIAN_POINT('',(0.688798158988353,-5.04515649080276,1.51));
#10115=CARTESIAN_POINT('Origin',(0.556465267762538,-4.93465171456337,1.5));
#10116=CARTESIAN_POINT('',(0.556465267762538,-5.93465172946453,1.51));
#10117=CARTESIAN_POINT('',(0.556465267762538,-5.93465172946453,1.5));
#10118=CARTESIAN_POINT('',(0.556465267762538,-4.93465171456337,1.51));
#10119=CARTESIAN_POINT('',(0.556465267762538,-5.93465172946453,1.51));
#10120=CARTESIAN_POINT('',(0.556465267762538,-4.93465171456337,1.5));
#10121=CARTESIAN_POINT('Origin',(0.999848611280318,-4.93465171456337,1.5));
#10122=CARTESIAN_POINT('',(0.999848611280318,-4.93465171456337,1.51));
#10123=CARTESIAN_POINT('',(0.556465267762538,-4.93465171456337,1.51));
#10124=CARTESIAN_POINT('',(0.999848611280318,-4.93465171456337,1.5));
#10125=CARTESIAN_POINT('Ctrl Pts',(1.203122876212,-4.96159584522247,1.5));
#10126=CARTESIAN_POINT('Ctrl Pts',(1.203122876212,-4.96159584522247,1.51));
#10127=CARTESIAN_POINT('Ctrl Pts',(1.17474449408264,-4.95377853238567,1.5));
#10128=CARTESIAN_POINT('Ctrl Pts',(1.17474449408264,-4.95377853238567,1.51));
#10129=CARTESIAN_POINT('Ctrl Pts',(1.10834120680355,-4.9354866062397,1.5));
#10130=CARTESIAN_POINT('Ctrl Pts',(1.10834120680355,-4.9354866062397,1.51));
#10131=CARTESIAN_POINT('Ctrl Pts',(1.03935346680132,-4.93495571941172,1.5));
#10132=CARTESIAN_POINT('Ctrl Pts',(1.03935346680132,-4.93495571941172,1.51));
#10133=CARTESIAN_POINT('Ctrl Pts',(0.999848611280318,-4.93465171456337,
1.5));
#10134=CARTESIAN_POINT('Ctrl Pts',(0.999848611280318,-4.93465171456337,
1.51));
#10135=CARTESIAN_POINT('',(1.203122876212,-4.96159584522247,1.51));
#10136=CARTESIAN_POINT('Ctrl Pts',(1.203122876212,-4.96159584522247,1.51));
#10137=CARTESIAN_POINT('Ctrl Pts',(1.17474449408264,-4.95377853238567,1.51));
#10138=CARTESIAN_POINT('Ctrl Pts',(1.10834120680355,-4.9354866062397,1.51));
#10139=CARTESIAN_POINT('Ctrl Pts',(1.03935346680132,-4.93495571941172,1.51));
#10140=CARTESIAN_POINT('Ctrl Pts',(0.999848611280318,-4.93465171456337,
1.51));
#10141=CARTESIAN_POINT('',(1.203122876212,-4.96159584522247,1.5));
#10142=CARTESIAN_POINT('Ctrl Pts',(1.31430975310504,-5.05675272345543,1.5));
#10143=CARTESIAN_POINT('Ctrl Pts',(1.31430975310504,-5.05675272345543,1.51));
#10144=CARTESIAN_POINT('Ctrl Pts',(1.29949695353987,-5.0358223118144,1.5));
#10145=CARTESIAN_POINT('Ctrl Pts',(1.29949695353987,-5.0358223118144,1.51));
#10146=CARTESIAN_POINT('Ctrl Pts',(1.27041094146884,-4.99472392234629,1.5));
#10147=CARTESIAN_POINT('Ctrl Pts',(1.27041094146884,-4.99472392234629,1.51));
#10148=CARTESIAN_POINT('Ctrl Pts',(1.22527310753857,-4.97250111599963,1.5));
#10149=CARTESIAN_POINT('Ctrl Pts',(1.22527310753857,-4.97250111599963,1.51));
#10150=CARTESIAN_POINT('Ctrl Pts',(1.203122876212,-4.96159584522247,1.5));
#10151=CARTESIAN_POINT('Ctrl Pts',(1.203122876212,-4.96159584522247,1.51));
#10152=CARTESIAN_POINT('',(1.31430975310504,-5.05675272345543,1.51));
#10153=CARTESIAN_POINT('Ctrl Pts',(1.31430975310504,-5.05675272345543,1.51));
#10154=CARTESIAN_POINT('Ctrl Pts',(1.29949695353987,-5.0358223118144,1.51));
#10155=CARTESIAN_POINT('Ctrl Pts',(1.27041094146884,-4.99472392234629,1.51));
#10156=CARTESIAN_POINT('Ctrl Pts',(1.22527310753857,-4.97250111599963,1.51));
#10157=CARTESIAN_POINT('Ctrl Pts',(1.203122876212,-4.96159584522247,1.51));
#10158=CARTESIAN_POINT('',(1.31430975310504,-5.05675272345543,1.5));
#10159=CARTESIAN_POINT('Ctrl Pts',(1.35591960661113,-5.207503002882,1.5));
#10160=CARTESIAN_POINT('Ctrl Pts',(1.35591960661113,-5.207503002882,1.51));
#10161=CARTESIAN_POINT('Ctrl Pts',(1.35424613740782,-5.18068671081807,1.5));
#10162=CARTESIAN_POINT('Ctrl Pts',(1.35424613740782,-5.18068671081807,1.51));
#10163=CARTESIAN_POINT('Ctrl Pts',(1.35092768018606,-5.12751051977462,1.5));
#10164=CARTESIAN_POINT('Ctrl Pts',(1.35092768018606,-5.12751051977462,1.51));
#10165=CARTESIAN_POINT('Ctrl Pts',(1.32644568860824,-5.08020331503529,1.5));
#10166=CARTESIAN_POINT('Ctrl Pts',(1.32644568860824,-5.08020331503529,1.51));
#10167=CARTESIAN_POINT('Ctrl Pts',(1.31430975310504,-5.05675272345543,1.5));
#10168=CARTESIAN_POINT('Ctrl Pts',(1.31430975310504,-5.05675272345543,1.51));
#10169=CARTESIAN_POINT('',(1.35591960661113,-5.207503002882,1.51));
#10170=CARTESIAN_POINT('Ctrl Pts',(1.35591960661113,-5.207503002882,1.51));
#10171=CARTESIAN_POINT('Ctrl Pts',(1.35424613740782,-5.18068671081807,1.51));
#10172=CARTESIAN_POINT('Ctrl Pts',(1.35092768018606,-5.12751051977462,1.51));
#10173=CARTESIAN_POINT('Ctrl Pts',(1.32644568860824,-5.08020331503529,1.51));
#10174=CARTESIAN_POINT('Ctrl Pts',(1.31430975310504,-5.05675272345543,1.51));
#10175=CARTESIAN_POINT('',(1.35591960661113,-5.207503002882,1.5));
#10176=CARTESIAN_POINT('Ctrl Pts',(1.28702460937202,-5.38690277636051,1.5));
#10177=CARTESIAN_POINT('Ctrl Pts',(1.28702460937202,-5.38690277636051,1.51));
#10178=CARTESIAN_POINT('Ctrl Pts',(1.30711749567481,-5.36090066585412,1.5));
#10179=CARTESIAN_POINT('Ctrl Pts',(1.30711749567481,-5.36090066585412,1.51));
#10180=CARTESIAN_POINT('Ctrl Pts',(1.3479682809401,-5.30803585505824,1.5));
#10181=CARTESIAN_POINT('Ctrl Pts',(1.3479682809401,-5.30803585505824,1.51));
#10182=CARTESIAN_POINT('Ctrl Pts',(1.35324055548439,-5.24137567544501,1.5));
#10183=CARTESIAN_POINT('Ctrl Pts',(1.35324055548439,-5.24137567544501,1.51));
#10184=CARTESIAN_POINT('Ctrl Pts',(1.35591960661113,-5.207503002882,1.5));
#10185=CARTESIAN_POINT('Ctrl Pts',(1.35591960661113,-5.207503002882,1.51));
#10186=CARTESIAN_POINT('',(1.28702460937202,-5.38690277636051,1.51));
#10187=CARTESIAN_POINT('Ctrl Pts',(1.28702460937202,-5.38690277636051,1.51));
#10188=CARTESIAN_POINT('Ctrl Pts',(1.30711749567481,-5.36090066585412,1.51));
#10189=CARTESIAN_POINT('Ctrl Pts',(1.3479682809401,-5.30803585505824,1.51));
#10190=CARTESIAN_POINT('Ctrl Pts',(1.35324055548439,-5.24137567544501,1.51));
#10191=CARTESIAN_POINT('Ctrl Pts',(1.35591960661113,-5.207503002882,1.51));
#10192=CARTESIAN_POINT('',(1.28702460937202,-5.38690277636051,1.5));
#10193=CARTESIAN_POINT('Ctrl Pts',(1.07420063726604,-5.47967219054699,1.5));
#10194=CARTESIAN_POINT('Ctrl Pts',(1.07420063726604,-5.47967219054699,1.51));
#10195=CARTESIAN_POINT('Ctrl Pts',(1.11758759946757,-5.47228974189188,1.5));
#10196=CARTESIAN_POINT('Ctrl Pts',(1.11758759946757,-5.47228974189188,1.51));
#10197=CARTESIAN_POINT('Ctrl Pts',(1.19651190920732,-5.45886048492783,1.5));
#10198=CARTESIAN_POINT('Ctrl Pts',(1.19651190920732,-5.45886048492783,1.51));
#10199=CARTESIAN_POINT('Ctrl Pts',(1.25892278594163,-5.40924376074098,1.5));
#10200=CARTESIAN_POINT('Ctrl Pts',(1.25892278594163,-5.40924376074098,1.51));
#10201=CARTESIAN_POINT('Ctrl Pts',(1.28702460937202,-5.38690277636051,1.5));
#10202=CARTESIAN_POINT('Ctrl Pts',(1.28702460937202,-5.38690277636051,1.51));
#10203=CARTESIAN_POINT('',(1.07420063726604,-5.47967219054699,1.51));
#10204=CARTESIAN_POINT('Ctrl Pts',(1.07420063726604,-5.47967219054699,1.51));
#10205=CARTESIAN_POINT('Ctrl Pts',(1.11758759946757,-5.47228974189188,1.51));
#10206=CARTESIAN_POINT('Ctrl Pts',(1.19651190920732,-5.45886048492783,1.51));
#10207=CARTESIAN_POINT('Ctrl Pts',(1.25892278594163,-5.40924376074098,1.51));
#10208=CARTESIAN_POINT('Ctrl Pts',(1.28702460937202,-5.38690277636051,1.51));
#10209=CARTESIAN_POINT('',(1.07420063726604,-5.47967219054699,1.5));
#10210=CARTESIAN_POINT('Ctrl Pts',(1.15400961749255,-5.52946754992008,1.5));
#10211=CARTESIAN_POINT('Ctrl Pts',(1.15400961749255,-5.52946754992008,1.51));
#10212=CARTESIAN_POINT('Ctrl Pts',(1.14303785508678,-5.52086846596835,1.5));
#10213=CARTESIAN_POINT('Ctrl Pts',(1.14303785508678,-5.52086846596835,1.51));
#10214=CARTESIAN_POINT('Ctrl Pts',(1.11823748783022,-5.50143125686867,1.5));
#10215=CARTESIAN_POINT('Ctrl Pts',(1.11823748783022,-5.50143125686867,1.51));
#10216=CARTESIAN_POINT('Ctrl Pts',(1.08996518320407,-5.48746161681617,1.5));
#10217=CARTESIAN_POINT('Ctrl Pts',(1.08996518320407,-5.48746161681617,1.51));
#10218=CARTESIAN_POINT('Ctrl Pts',(1.07420063726604,-5.47967219054699,1.5));
#10219=CARTESIAN_POINT('Ctrl Pts',(1.07420063726604,-5.47967219054699,1.51));
#10220=CARTESIAN_POINT('',(1.15400961749255,-5.52946754992008,1.51));
#10221=CARTESIAN_POINT('Ctrl Pts',(1.15400961749255,-5.52946754992008,1.51));
#10222=CARTESIAN_POINT('Ctrl Pts',(1.14303785508678,-5.52086846596835,1.51));
#10223=CARTESIAN_POINT('Ctrl Pts',(1.11823748783022,-5.50143125686867,1.51));
#10224=CARTESIAN_POINT('Ctrl Pts',(1.08996518320407,-5.48746161681617,1.51));
#10225=CARTESIAN_POINT('Ctrl Pts',(1.07420063726604,-5.47967219054699,1.51));
#10226=CARTESIAN_POINT('',(1.15400961749255,-5.52946754992008,1.5));
#10227=CARTESIAN_POINT('Ctrl Pts',(1.2638322930783,-5.66248254179954,1.5));
#10228=CARTESIAN_POINT('Ctrl Pts',(1.2638322930783,-5.66248254179954,1.51));
#10229=CARTESIAN_POINT('Ctrl Pts',(1.2468046446148,-5.63746134460896,1.5));
#10230=CARTESIAN_POINT('Ctrl Pts',(1.2468046446148,-5.63746134460896,1.51));
#10231=CARTESIAN_POINT('Ctrl Pts',(1.21430741196878,-5.58970844038808,1.5));
#10232=CARTESIAN_POINT('Ctrl Pts',(1.21430741196878,-5.58970844038808,1.51));
#10233=CARTESIAN_POINT('Ctrl Pts',(1.17345601542646,-5.54889559597233,1.5));
#10234=CARTESIAN_POINT('Ctrl Pts',(1.17345601542646,-5.54889559597233,1.51));
#10235=CARTESIAN_POINT('Ctrl Pts',(1.15400961749255,-5.52946754992008,1.5));
#10236=CARTESIAN_POINT('Ctrl Pts',(1.15400961749255,-5.52946754992008,1.51));
#10237=CARTESIAN_POINT('',(1.2638322930783,-5.66248254179954,1.51));
#10238=CARTESIAN_POINT('Ctrl Pts',(1.2638322930783,-5.66248254179954,1.51));
#10239=CARTESIAN_POINT('Ctrl Pts',(1.2468046446148,-5.63746134460896,1.51));
#10240=CARTESIAN_POINT('Ctrl Pts',(1.21430741196878,-5.58970844038808,1.51));
#10241=CARTESIAN_POINT('Ctrl Pts',(1.17345601542646,-5.54889559597233,1.51));
#10242=CARTESIAN_POINT('Ctrl Pts',(1.15400961749255,-5.52946754992008,1.51));
#10243=CARTESIAN_POINT('',(1.2638322930783,-5.66248254179954,1.5));
#10244=CARTESIAN_POINT('Origin',(1.4377749633044,-5.93465172946453,1.5));
#10245=CARTESIAN_POINT('',(1.4377749633044,-5.93465172946453,1.51));
#10246=CARTESIAN_POINT('',(1.2638322930783,-5.66248254179954,1.51));
#10247=CARTESIAN_POINT('',(1.4377749633044,-5.93465172946453,1.5));
#10248=CARTESIAN_POINT('Origin',(1.27133569829166,-5.93465172946453,1.5));
#10249=CARTESIAN_POINT('',(1.27133569829166,-5.93465172946453,1.51));
#10250=CARTESIAN_POINT('',(1.4377749633044,-5.93465172946453,1.51));
#10251=CARTESIAN_POINT('',(1.27133569829166,-5.93465172946453,1.5));
#10252=CARTESIAN_POINT('Origin',(1.13900280706584,-5.7266026109457,1.5));
#10253=CARTESIAN_POINT('',(1.13900280706584,-5.7266026109457,1.51));
#10254=CARTESIAN_POINT('',(1.27133569829166,-5.93465172946453,1.51));
#10255=CARTESIAN_POINT('',(1.13900280706584,-5.7266026109457,1.5));
#10256=CARTESIAN_POINT('Ctrl Pts',(1.04350484125316,-5.58881276547909,1.5));
#10257=CARTESIAN_POINT('Ctrl Pts',(1.04350484125316,-5.58881276547909,1.51));
#10258=CARTESIAN_POINT('Ctrl Pts',(1.05790391194114,-5.60812220914185,1.5));
#10259=CARTESIAN_POINT('Ctrl Pts',(1.05790391194114,-5.60812220914185,1.51));
#10260=CARTESIAN_POINT('Ctrl Pts',(1.09132671332204,-5.65294285863385,1.5));
#10261=CARTESIAN_POINT('Ctrl Pts',(1.09132671332204,-5.65294285863385,1.51));
#10262=CARTESIAN_POINT('Ctrl Pts',(1.12170943928709,-5.69988428972447,1.5));
#10263=CARTESIAN_POINT('Ctrl Pts',(1.12170943928709,-5.69988428972447,1.51));
#10264=CARTESIAN_POINT('Ctrl Pts',(1.13900280706584,-5.7266026109457,1.5));
#10265=CARTESIAN_POINT('Ctrl Pts',(1.13900280706584,-5.7266026109457,1.51));
#10266=CARTESIAN_POINT('',(1.04350484125316,-5.58881276547909,1.51));
#10267=CARTESIAN_POINT('Ctrl Pts',(1.04350484125316,-5.58881276547909,1.51));
#10268=CARTESIAN_POINT('Ctrl Pts',(1.05790391194114,-5.60812220914185,1.51));
#10269=CARTESIAN_POINT('Ctrl Pts',(1.09132671332204,-5.65294285863385,1.51));
#10270=CARTESIAN_POINT('Ctrl Pts',(1.12170943928709,-5.69988428972447,1.51));
#10271=CARTESIAN_POINT('Ctrl Pts',(1.13900280706584,-5.7266026109457,1.51));
#10272=CARTESIAN_POINT('',(1.04350484125316,-5.58881276547909,1.5));
#10273=CARTESIAN_POINT('Ctrl Pts',(0.976315207406875,-5.52196414470672,
1.5));
#10274=CARTESIAN_POINT('Ctrl Pts',(0.976315207406875,-5.52196414470672,
1.51));
#10275=CARTESIAN_POINT('Ctrl Pts',(0.987187086166858,-5.53038200359782,
1.5));
#10276=CARTESIAN_POINT('Ctrl Pts',(0.987187086166858,-5.53038200359782,
1.51));
#10277=CARTESIAN_POINT('Ctrl Pts',(1.01232722875885,-5.54984746835452,1.5));
#10278=CARTESIAN_POINT('Ctrl Pts',(1.01232722875885,-5.54984746835452,1.51));
#10279=CARTESIAN_POINT('Ctrl Pts',(1.03221663040965,-5.57470493443197,1.5));
#10280=CARTESIAN_POINT('Ctrl Pts',(1.03221663040965,-5.57470493443197,1.51));
#10281=CARTESIAN_POINT('Ctrl Pts',(1.04350484125316,-5.58881276547909,1.5));
#10282=CARTESIAN_POINT('Ctrl Pts',(1.04350484125316,-5.58881276547909,1.51));
#10283=CARTESIAN_POINT('',(0.976315207406875,-5.52196414470672,1.51));
#10284=CARTESIAN_POINT('Ctrl Pts',(0.976315207406875,-5.52196414470672,
1.51));
#10285=CARTESIAN_POINT('Ctrl Pts',(0.987187086166858,-5.53038200359782,
1.51));
#10286=CARTESIAN_POINT('Ctrl Pts',(1.01232722875885,-5.54984746835452,1.51));
#10287=CARTESIAN_POINT('Ctrl Pts',(1.03221663040965,-5.57470493443197,1.51));
#10288=CARTESIAN_POINT('Ctrl Pts',(1.04350484125316,-5.58881276547909,1.51));
#10289=CARTESIAN_POINT('',(0.976315207406875,-5.52196414470672,1.5));
#10290=CARTESIAN_POINT('Ctrl Pts',(0.915946878120299,-5.49536117613315,
1.5));
#10291=CARTESIAN_POINT('Ctrl Pts',(0.915946878120299,-5.49536117613315,
1.51));
#10292=CARTESIAN_POINT('Ctrl Pts',(0.92626767967982,-5.49843092139539,1.5));
#10293=CARTESIAN_POINT('Ctrl Pts',(0.92626767967982,-5.49843092139539,1.51));
#10294=CARTESIAN_POINT('Ctrl Pts',(0.947507169678214,-5.50474824310911,
1.5));
#10295=CARTESIAN_POINT('Ctrl Pts',(0.947507169678214,-5.50474824310911,
1.51));
#10296=CARTESIAN_POINT('Ctrl Pts',(0.966533994546571,-5.5161188177985,1.5));
#10297=CARTESIAN_POINT('Ctrl Pts',(0.966533994546571,-5.5161188177985,1.51));
#10298=CARTESIAN_POINT('Ctrl Pts',(0.976315207406875,-5.52196414470672,
1.5));
#10299=CARTESIAN_POINT('Ctrl Pts',(0.976315207406875,-5.52196414470672,
1.51));
#10300=CARTESIAN_POINT('',(0.915946878120299,-5.49536117613315,1.51));
#10301=CARTESIAN_POINT('Ctrl Pts',(0.915946878120299,-5.49536117613315,
1.51));
#10302=CARTESIAN_POINT('Ctrl Pts',(0.92626767967982,-5.49843092139539,1.51));
#10303=CARTESIAN_POINT('Ctrl Pts',(0.947507169678214,-5.50474824310911,
1.51));
#10304=CARTESIAN_POINT('Ctrl Pts',(0.966533994546571,-5.5161188177985,1.51));
#10305=CARTESIAN_POINT('Ctrl Pts',(0.976315207406875,-5.52196414470672,
1.51));
#10306=CARTESIAN_POINT('',(0.915946878120299,-5.49536117613315,1.5));
#10307=CARTESIAN_POINT('Ctrl Pts',(0.842277027294036,-5.4905862480402,1.5));
#10308=CARTESIAN_POINT('Ctrl Pts',(0.842277027294036,-5.4905862480402,1.51));
#10309=CARTESIAN_POINT('Ctrl Pts',(0.856972643009183,-5.49057917187617,
1.5));
#10310=CARTESIAN_POINT('Ctrl Pts',(0.856972643009183,-5.49057917187617,
1.51));
#10311=CARTESIAN_POINT('Ctrl Pts',(0.881647520852381,-5.4905672905446,1.5));
#10312=CARTESIAN_POINT('Ctrl Pts',(0.881647520852381,-5.4905672905446,1.51));
#10313=CARTESIAN_POINT('Ctrl Pts',(0.906069781840196,-5.49398069342778,
1.5));
#10314=CARTESIAN_POINT('Ctrl Pts',(0.906069781840196,-5.49398069342778,
1.51));
#10315=CARTESIAN_POINT('Ctrl Pts',(0.915946878120299,-5.49536117613315,
1.5));
#10316=CARTESIAN_POINT('Ctrl Pts',(0.915946878120299,-5.49536117613315,
1.51));
#10317=CARTESIAN_POINT('',(0.842277027294036,-5.4905862480402,1.51));
#10318=CARTESIAN_POINT('Ctrl Pts',(0.842277027294036,-5.4905862480402,1.51));
#10319=CARTESIAN_POINT('Ctrl Pts',(0.856972643009183,-5.49057917187617,
1.51));
#10320=CARTESIAN_POINT('Ctrl Pts',(0.881647520852381,-5.4905672905446,1.51));
#10321=CARTESIAN_POINT('Ctrl Pts',(0.906069781840196,-5.49398069342778,
1.51));
#10322=CARTESIAN_POINT('Ctrl Pts',(0.915946878120299,-5.49536117613315,
1.51));
#10323=CARTESIAN_POINT('',(0.842277027294036,-5.4905862480402,1.5));
#10324=CARTESIAN_POINT('Origin',(0.688798158988353,-5.4905862480402,1.5));
#10325=CARTESIAN_POINT('',(0.688798158988353,-5.4905862480402,1.51));
#10326=CARTESIAN_POINT('',(0.842277027294036,-5.4905862480402,1.51));
#10327=CARTESIAN_POINT('',(0.688798158988353,-5.4905862480402,1.5));
#10328=CARTESIAN_POINT('Origin',(0.688798158988353,-5.93465172946453,1.5));
#10329=CARTESIAN_POINT('',(0.688798158988353,-5.93465172946453,1.51));
#10330=CARTESIAN_POINT('',(0.688798158988353,-5.4905862480402,1.51));
#10331=CARTESIAN_POINT('',(0.688798158988353,-5.93465172946453,1.5));
#10332=CARTESIAN_POINT('Origin',(0.556465267762538,-5.93465172946453,1.5));
#10333=CARTESIAN_POINT('',(0.688798158988353,-5.93465172946453,1.51));
#10334=CARTESIAN_POINT('Origin',(1.26621973849833,-5.4326053455472,1.51));
#10335=CARTESIAN_POINT('Origin',(0.,1.11022302462516E-15,1.5));
#10336=CARTESIAN_POINT('Origin',(-7.04038920402527,-3.00562299654387,1.5));
#10337=CARTESIAN_POINT('',(-6.04038918912411,-3.00562299654387,1.51));
#10338=CARTESIAN_POINT('',(-6.04038918912411,-3.00562299654387,1.5));
#10339=CARTESIAN_POINT('',(-7.04038920402527,-3.00562299654387,1.51));
#10340=CARTESIAN_POINT('',(-6.04038918912411,-3.00562299654387,1.51));
#10341=CARTESIAN_POINT('',(-7.04038920402527,-3.00562299654387,1.5));
#10342=CARTESIAN_POINT('Origin',(-7.04038920402527,-2.87329017982386,1.5));
#10343=CARTESIAN_POINT('',(-7.04038920402527,-2.87329017982386,1.51));
#10344=CARTESIAN_POINT('',(-7.04038920402527,-3.00562299654387,1.51));
#10345=CARTESIAN_POINT('',(-7.04038920402527,-2.87329017982386,1.5));
#10346=CARTESIAN_POINT('Origin',(-6.04038918912411,-2.87329017982386,1.5));
#10347=CARTESIAN_POINT('',(-6.04038918912411,-2.87329017982386,1.51));
#10348=CARTESIAN_POINT('',(-7.04038920402527,-2.87329017982386,1.51));
#10349=CARTESIAN_POINT('',(-6.04038918912411,-2.87329017982386,1.5));
#10350=CARTESIAN_POINT('Origin',(-6.04038918912411,-3.00562299654387,1.5));
#10351=CARTESIAN_POINT('',(-6.04038918912411,-2.87329017982386,1.51));
#10352=CARTESIAN_POINT('Origin',(-6.54038919657469,-2.38113466516636,1.51));
#10353=CARTESIAN_POINT('Origin',(-6.59905219972134,-2.2211755798807,1.5));
#10354=CARTESIAN_POINT('',(-6.59905219972134,-2.505623100852,1.5));
#10355=CARTESIAN_POINT('',(-6.59905219972134,-2.2211755798807,1.5));
#10356=CARTESIAN_POINT('',(-6.59905219972134,-1.11058778994035,1.5));
#10357=CARTESIAN_POINT('',(-6.59905219972134,-2.505623100852,1.51));
#10358=CARTESIAN_POINT('',(-6.59905219972134,-2.505623100852,1.5));
#10359=CARTESIAN_POINT('',(-6.59905219972134,-2.2211755798807,1.51));
#10360=CARTESIAN_POINT('',(-6.59905219972134,-2.505623100852,1.51));
#10361=CARTESIAN_POINT('',(-6.59905219972134,-2.2211755798807,1.5));
#10362=CARTESIAN_POINT('Ctrl Pts',(-6.61781075000763,-2.07929283246897,
1.5));
#10363=CARTESIAN_POINT('Ctrl Pts',(-6.61781075000763,-2.07929283246897,
1.51));
#10364=CARTESIAN_POINT('Ctrl Pts',(-6.61236205021409,-2.09953431195469,
1.5));
#10365=CARTESIAN_POINT('Ctrl Pts',(-6.61236205021409,-2.09953431195469,
1.51));
#10366=CARTESIAN_POINT('Ctrl Pts',(-6.59987157965177,-2.14593540088126,
1.5));
#10367=CARTESIAN_POINT('Ctrl Pts',(-6.59987157965177,-2.14593540088126,
1.51));
#10368=CARTESIAN_POINT('Ctrl Pts',(-6.59934760287271,-2.19404996310509,
1.5));
#10369=CARTESIAN_POINT('Ctrl Pts',(-6.59934760287271,-2.19404996310509,
1.51));
#10370=CARTESIAN_POINT('Ctrl Pts',(-6.59905219972134,-2.2211755798807,1.5));
#10371=CARTESIAN_POINT('Ctrl Pts',(-6.59905219972134,-2.2211755798807,1.51));
#10372=CARTESIAN_POINT('',(-6.61781075000763,-2.07929283246897,1.5));
#10373=CARTESIAN_POINT('Ctrl Pts',(-6.59905219972134,-2.2211755798807,1.5));
#10374=CARTESIAN_POINT('Ctrl Pts',(-6.59934760287271,-2.19404996310509,
1.5));
#10375=CARTESIAN_POINT('Ctrl Pts',(-6.59987157965177,-2.14593540088126,
1.5));
#10376=CARTESIAN_POINT('Ctrl Pts',(-6.61236205021409,-2.09953431195469,
1.5));
#10377=CARTESIAN_POINT('Ctrl Pts',(-6.61781075000763,-2.07929283246897,
1.5));
#10378=CARTESIAN_POINT('',(-6.61781075000763,-2.07929283246897,1.51));
#10379=CARTESIAN_POINT('Ctrl Pts',(-6.61781075000763,-2.07929283246897,
1.51));
#10380=CARTESIAN_POINT('Ctrl Pts',(-6.61236205021409,-2.09953431195469,
1.51));
#10381=CARTESIAN_POINT('Ctrl Pts',(-6.59987157965177,-2.14593540088126,
1.51));
#10382=CARTESIAN_POINT('Ctrl Pts',(-6.59934760287271,-2.19404996310509,
1.51));
#10383=CARTESIAN_POINT('Ctrl Pts',(-6.59905219972134,-2.2211755798807,1.51));
#10384=CARTESIAN_POINT('',(-6.61781075000763,-2.07929283246897,1.5));
#10385=CARTESIAN_POINT('Ctrl Pts',(-6.67783799171448,-2.00153022870921,
1.5));
#10386=CARTESIAN_POINT('Ctrl Pts',(-6.67783799171448,-2.00153022870921,
1.51));
#10387=CARTESIAN_POINT('Ctrl Pts',(-6.66493794067363,-2.01164950077182,
1.5));
#10388=CARTESIAN_POINT('Ctrl Pts',(-6.66493794067363,-2.01164950077182,
1.51));
#10389=CARTESIAN_POINT('Ctrl Pts',(-6.63839072243872,-2.03247411014537,
1.5));
#10390=CARTESIAN_POINT('Ctrl Pts',(-6.63839072243872,-2.03247411014537,
1.51));
#10391=CARTESIAN_POINT('Ctrl Pts',(-6.62479825141159,-2.06339650952378,
1.5));
#10392=CARTESIAN_POINT('Ctrl Pts',(-6.62479825141159,-2.06339650952378,
1.51));
#10393=CARTESIAN_POINT('Ctrl Pts',(-6.61781075000763,-2.07929283246897,
1.5));
#10394=CARTESIAN_POINT('Ctrl Pts',(-6.61781075000763,-2.07929283246897,
1.51));
#10395=CARTESIAN_POINT('',(-6.67783799171448,-2.00153022870921,1.5));
#10396=CARTESIAN_POINT('Ctrl Pts',(-6.61781075000763,-2.07929283246897,
1.5));
#10397=CARTESIAN_POINT('Ctrl Pts',(-6.62479825141159,-2.06339650952378,
1.5));
#10398=CARTESIAN_POINT('Ctrl Pts',(-6.63839072243872,-2.03247411014537,
1.5));
#10399=CARTESIAN_POINT('Ctrl Pts',(-6.66493794067363,-2.01164950077182,
1.5));
#10400=CARTESIAN_POINT('Ctrl Pts',(-6.67783799171448,-2.00153022870921,
1.5));
#10401=CARTESIAN_POINT('',(-6.67783799171448,-2.00153022870921,1.51));
#10402=CARTESIAN_POINT('Ctrl Pts',(-6.67783799171448,-2.00153022870921,
1.51));
#10403=CARTESIAN_POINT('Ctrl Pts',(-6.66493794067363,-2.01164950077182,
1.51));
#10404=CARTESIAN_POINT('Ctrl Pts',(-6.63839072243872,-2.03247411014537,
1.51));
#10405=CARTESIAN_POINT('Ctrl Pts',(-6.62479825141159,-2.06339650952378,
1.51));
#10406=CARTESIAN_POINT('Ctrl Pts',(-6.61781075000763,-2.07929283246897,
1.51));
#10407=CARTESIAN_POINT('',(-6.67783799171448,-2.00153022870921,1.5));
#10408=CARTESIAN_POINT('Ctrl Pts',(-6.76753791570663,-1.97492718562983,
1.5));
#10409=CARTESIAN_POINT('Ctrl Pts',(-6.76753791570663,-1.97492718562983,
1.51));
#10410=CARTESIAN_POINT('Ctrl Pts',(-6.75166772354034,-1.97605169811738,
1.5));
#10411=CARTESIAN_POINT('Ctrl Pts',(-6.75166772354034,-1.97605169811738,
1.51));
#10412=CARTESIAN_POINT('Ctrl Pts',(-6.71981110404923,-1.97830895915451,
1.5));
#10413=CARTESIAN_POINT('Ctrl Pts',(-6.71981110404923,-1.97830895915451,
1.51));
#10414=CARTESIAN_POINT('Ctrl Pts',(-6.69186302052415,-1.99377100008913,
1.5));
#10415=CARTESIAN_POINT('Ctrl Pts',(-6.69186302052415,-1.99377100008913,
1.51));
#10416=CARTESIAN_POINT('Ctrl Pts',(-6.67783799171448,-2.00153022870921,
1.5));
#10417=CARTESIAN_POINT('Ctrl Pts',(-6.67783799171448,-2.00153022870921,
1.51));
#10418=CARTESIAN_POINT('',(-6.76753791570663,-1.97492718562983,1.5));
#10419=CARTESIAN_POINT('Ctrl Pts',(-6.67783799171448,-2.00153022870921,
1.5));
#10420=CARTESIAN_POINT('Ctrl Pts',(-6.69186302052415,-1.99377100008913,
1.5));
#10421=CARTESIAN_POINT('Ctrl Pts',(-6.71981110404923,-1.97830895915451,
1.5));
#10422=CARTESIAN_POINT('Ctrl Pts',(-6.75166772354034,-1.97605169811738,
1.5));
#10423=CARTESIAN_POINT('Ctrl Pts',(-6.76753791570663,-1.97492718562983,
1.5));
#10424=CARTESIAN_POINT('',(-6.76753791570663,-1.97492718562983,1.51));
#10425=CARTESIAN_POINT('Ctrl Pts',(-6.76753791570663,-1.97492718562983,
1.51));
#10426=CARTESIAN_POINT('Ctrl Pts',(-6.75166772354034,-1.97605169811738,
1.51));
#10427=CARTESIAN_POINT('Ctrl Pts',(-6.71981110404923,-1.97830895915451,
1.51));
#10428=CARTESIAN_POINT('Ctrl Pts',(-6.69186302052415,-1.99377100008913,
1.51));
#10429=CARTESIAN_POINT('Ctrl Pts',(-6.67783799171448,-2.00153022870921,
1.51));
#10430=CARTESIAN_POINT('',(-6.76753791570663,-1.97492718562983,1.5));
#10431=CARTESIAN_POINT('Ctrl Pts',(-6.88418182134628,-2.02642798290156,
1.5));
#10432=CARTESIAN_POINT('Ctrl Pts',(-6.88418182134628,-2.02642798290156,
1.51));
#10433=CARTESIAN_POINT('Ctrl Pts',(-6.86779662720063,-2.01140722715973,
1.5));
#10434=CARTESIAN_POINT('Ctrl Pts',(-6.86779662720063,-2.01140722715973,
1.51));
#10435=CARTESIAN_POINT('Ctrl Pts',(-6.83474407215857,-1.9811070456961,1.5));
#10436=CARTESIAN_POINT('Ctrl Pts',(-6.83474407215857,-1.9811070456961,1.51));
#10437=CARTESIAN_POINT('Ctrl Pts',(-6.79006710230927,-1.97699882947857,
1.5));
#10438=CARTESIAN_POINT('Ctrl Pts',(-6.79006710230927,-1.97699882947857,
1.51));
#10439=CARTESIAN_POINT('Ctrl Pts',(-6.76753791570663,-1.97492718562983,
1.5));
#10440=CARTESIAN_POINT('Ctrl Pts',(-6.76753791570663,-1.97492718562983,
1.51));
#10441=CARTESIAN_POINT('',(-6.88418182134628,-2.02642798290156,1.5));
#10442=CARTESIAN_POINT('Ctrl Pts',(-6.76753791570663,-1.97492718562983,
1.5));
#10443=CARTESIAN_POINT('Ctrl Pts',(-6.79006710230927,-1.97699882947857,
1.5));
#10444=CARTESIAN_POINT('Ctrl Pts',(-6.83474407215857,-1.9811070456961,1.5));
#10445=CARTESIAN_POINT('Ctrl Pts',(-6.86779662720063,-2.01140722715973,
1.5));
#10446=CARTESIAN_POINT('Ctrl Pts',(-6.88418182134628,-2.02642798290156,
1.5));
#10447=CARTESIAN_POINT('',(-6.88418182134628,-2.02642798290156,1.51));
#10448=CARTESIAN_POINT('Ctrl Pts',(-6.88418182134628,-2.02642798290156,
1.51));
#10449=CARTESIAN_POINT('Ctrl Pts',(-6.86779662720063,-2.01140722715973,
1.51));
#10450=CARTESIAN_POINT('Ctrl Pts',(-6.83474407215857,-1.9811070456961,1.51));
#10451=CARTESIAN_POINT('Ctrl Pts',(-6.79006710230927,-1.97699882947857,
1.51));
#10452=CARTESIAN_POINT('Ctrl Pts',(-6.76753791570663,-1.97492718562983,
1.51));
#10453=CARTESIAN_POINT('',(-6.88418182134628,-2.02642798290156,1.5));
#10454=CARTESIAN_POINT('Ctrl Pts',(-6.92988442778587,-2.18911558256053,
1.5));
#10455=CARTESIAN_POINT('Ctrl Pts',(-6.92988442778587,-2.18911558256053,
1.51));
#10456=CARTESIAN_POINT('Ctrl Pts',(-6.92918425206679,-2.15607488701419,
1.5));
#10457=CARTESIAN_POINT('Ctrl Pts',(-6.92918425206679,-2.15607488701419,
1.51));
#10458=CARTESIAN_POINT('Ctrl Pts',(-6.92794421551239,-2.09755861867755,
1.5));
#10459=CARTESIAN_POINT('Ctrl Pts',(-6.92794421551239,-2.09755861867755,
1.51));
#10460=CARTESIAN_POINT('Ctrl Pts',(-6.8974553970067,-2.04800262235485,1.5));
#10461=CARTESIAN_POINT('Ctrl Pts',(-6.8974553970067,-2.04800262235485,1.51));
#10462=CARTESIAN_POINT('Ctrl Pts',(-6.88418182134628,-2.02642798290156,
1.5));
#10463=CARTESIAN_POINT('Ctrl Pts',(-6.88418182134628,-2.02642798290156,
1.51));
#10464=CARTESIAN_POINT('',(-6.92988442778587,-2.18911558256053,1.5));
#10465=CARTESIAN_POINT('Ctrl Pts',(-6.88418182134628,-2.02642798290156,
1.5));
#10466=CARTESIAN_POINT('Ctrl Pts',(-6.8974553970067,-2.04800262235485,1.5));
#10467=CARTESIAN_POINT('Ctrl Pts',(-6.92794421551239,-2.09755861867755,
1.5));
#10468=CARTESIAN_POINT('Ctrl Pts',(-6.92918425206679,-2.15607488701419,
1.5));
#10469=CARTESIAN_POINT('Ctrl Pts',(-6.92988442778587,-2.18911558256053,
1.5));
#10470=CARTESIAN_POINT('',(-6.92988442778587,-2.18911558256053,1.51));
#10471=CARTESIAN_POINT('Ctrl Pts',(-6.92988442778587,-2.18911558256053,
1.51));
#10472=CARTESIAN_POINT('Ctrl Pts',(-6.92918425206679,-2.15607488701419,
1.51));
#10473=CARTESIAN_POINT('Ctrl Pts',(-6.92794421551239,-2.09755861867755,
1.51));
#10474=CARTESIAN_POINT('Ctrl Pts',(-6.8974553970067,-2.04800262235485,1.51));
#10475=CARTESIAN_POINT('Ctrl Pts',(-6.88418182134628,-2.02642798290156,
1.51));
#10476=CARTESIAN_POINT('',(-6.92988442778587,-2.18911558256053,1.5));
#10477=CARTESIAN_POINT('Origin',(-6.92988442778587,-2.505623100852,1.5));
#10478=CARTESIAN_POINT('',(-6.92988442778587,-2.505623100852,1.5));
#10479=CARTESIAN_POINT('',(-6.92988442778587,-1.252811550426,1.5));
#10480=CARTESIAN_POINT('',(-6.92988442778587,-2.505623100852,1.51));
#10481=CARTESIAN_POINT('',(-6.92988442778587,-2.18911558256053,1.51));
#10482=CARTESIAN_POINT('',(-6.92988442778587,-2.505623100852,1.5));
#10483=CARTESIAN_POINT('Origin',(-6.59905219972134,-2.505623100852,1.5));
#10484=CARTESIAN_POINT('',(-3.29952609986067,-2.505623100852,1.5));
#10485=CARTESIAN_POINT('',(-6.92988442778587,-2.505623100852,1.51));
#10486=CARTESIAN_POINT('Origin',(-7.04038920402527,-2.6379558430662,1.5));
#10487=CARTESIAN_POINT('',(-6.04038918912411,-2.6379558430662,1.51));
#10488=CARTESIAN_POINT('',(-6.04038918912411,-2.6379558430662,1.5));
#10489=CARTESIAN_POINT('',(-7.04038920402527,-2.6379558430662,1.51));
#10490=CARTESIAN_POINT('',(-6.04038918912411,-2.6379558430662,1.51));
#10491=CARTESIAN_POINT('',(-7.04038920402527,-2.6379558430662,1.5));
#10492=CARTESIAN_POINT('Origin',(-7.04038920402527,-2.19457268581294,1.5));
#10493=CARTESIAN_POINT('',(-7.04038920402527,-2.19457268581294,1.51));
#10494=CARTESIAN_POINT('',(-7.04038920402527,-2.6379558430662,1.51));
#10495=CARTESIAN_POINT('',(-7.04038920402527,-2.19457268581294,1.5));
#10496=CARTESIAN_POINT('Ctrl Pts',(-7.01344507336616,-1.99129834637545,
1.5));
#10497=CARTESIAN_POINT('Ctrl Pts',(-7.01344507336616,-1.99129834637545,
1.51));
#10498=CARTESIAN_POINT('Ctrl Pts',(-7.02126242020109,-2.01967672708474,
1.5));
#10499=CARTESIAN_POINT('Ctrl Pts',(-7.02126242020109,-2.01967672708474,
1.51));
#10500=CARTESIAN_POINT('Ctrl Pts',(-7.03955443009411,-2.08608002626587,
1.5));
#10501=CARTESIAN_POINT('Ctrl Pts',(-7.03955443009411,-2.08608002626587,
1.51));
#10502=CARTESIAN_POINT('Ctrl Pts',(-7.04008524201779,-2.15506780268087,
1.5));
#10503=CARTESIAN_POINT('Ctrl Pts',(-7.04008524201779,-2.15506780268087,
1.51));
#10504=CARTESIAN_POINT('Ctrl Pts',(-7.04038920402527,-2.19457268581294,
1.5));
#10505=CARTESIAN_POINT('Ctrl Pts',(-7.04038920402527,-2.19457268581294,
1.51));
#10506=CARTESIAN_POINT('',(-7.01344507336616,-1.99129834637545,1.51));
#10507=CARTESIAN_POINT('Ctrl Pts',(-7.01344507336616,-1.99129834637545,
1.51));
#10508=CARTESIAN_POINT('Ctrl Pts',(-7.02126242020109,-2.01967672708474,
1.51));
#10509=CARTESIAN_POINT('Ctrl Pts',(-7.03955443009411,-2.08608002626587,
1.51));
#10510=CARTESIAN_POINT('Ctrl Pts',(-7.04008524201779,-2.15506780268087,
1.51));
#10511=CARTESIAN_POINT('Ctrl Pts',(-7.04038920402527,-2.19457268581294,
1.51));
#10512=CARTESIAN_POINT('',(-7.01344507336616,-1.99129834637545,1.5));
#10513=CARTESIAN_POINT('Ctrl Pts',(-6.91828819513321,-1.8801113949766,1.5));
#10514=CARTESIAN_POINT('Ctrl Pts',(-6.91828819513321,-1.8801113949766,1.51));
#10515=CARTESIAN_POINT('Ctrl Pts',(-6.93921860895526,-1.89492419342277,
1.5));
#10516=CARTESIAN_POINT('Ctrl Pts',(-6.93921860895526,-1.89492419342277,
1.51));
#10517=CARTESIAN_POINT('Ctrl Pts',(-6.98031702043208,-1.9240102158416,1.5));
#10518=CARTESIAN_POINT('Ctrl Pts',(-6.98031702043208,-1.9240102158416,1.51));
#10519=CARTESIAN_POINT('Ctrl Pts',(-7.00253980727742,-1.96914808690969,
1.5));
#10520=CARTESIAN_POINT('Ctrl Pts',(-7.00253980727742,-1.96914808690969,
1.51));
#10521=CARTESIAN_POINT('Ctrl Pts',(-7.01344507336616,-1.99129834637545,
1.5));
#10522=CARTESIAN_POINT('Ctrl Pts',(-7.01344507336616,-1.99129834637545,
1.51));
#10523=CARTESIAN_POINT('',(-6.91828819513321,-1.8801113949766,1.51));
#10524=CARTESIAN_POINT('Ctrl Pts',(-6.91828819513321,-1.8801113949766,1.51));
#10525=CARTESIAN_POINT('Ctrl Pts',(-6.93921860895526,-1.89492419342277,
1.51));
#10526=CARTESIAN_POINT('Ctrl Pts',(-6.98031702043208,-1.9240102158416,1.51));
#10527=CARTESIAN_POINT('Ctrl Pts',(-7.00253980727742,-1.96914808690969,
1.51));
#10528=CARTESIAN_POINT('Ctrl Pts',(-7.01344507336616,-1.99129834637545,
1.51));
#10529=CARTESIAN_POINT('',(-6.91828819513321,-1.8801113949766,1.5));
#10530=CARTESIAN_POINT('Ctrl Pts',(-6.76753791570663,-1.83850169048213,
1.5));
#10531=CARTESIAN_POINT('Ctrl Pts',(-6.76753791570663,-1.83850169048213,
1.51));
#10532=CARTESIAN_POINT('Ctrl Pts',(-6.7943541764396,-1.840175176132,1.5));
#10533=CARTESIAN_POINT('Ctrl Pts',(-6.7943541764396,-1.840175176132,1.51));
#10534=CARTESIAN_POINT('Ctrl Pts',(-6.84753033280992,-1.84349366768037,
1.5));
#10535=CARTESIAN_POINT('Ctrl Pts',(-6.84753033280992,-1.84349366768037,
1.51));
#10536=CARTESIAN_POINT('Ctrl Pts',(-6.89483757344301,-1.86797552142441,
1.5));
#10537=CARTESIAN_POINT('Ctrl Pts',(-6.89483757344301,-1.86797552142441,
1.51));
#10538=CARTESIAN_POINT('Ctrl Pts',(-6.91828819513321,-1.8801113949766,1.5));
#10539=CARTESIAN_POINT('Ctrl Pts',(-6.91828819513321,-1.8801113949766,1.51));
#10540=CARTESIAN_POINT('',(-6.76753791570663,-1.83850169048213,1.51));
#10541=CARTESIAN_POINT('Ctrl Pts',(-6.76753791570663,-1.83850169048213,
1.51));
#10542=CARTESIAN_POINT('Ctrl Pts',(-6.7943541764396,-1.840175176132,1.51));
#10543=CARTESIAN_POINT('Ctrl Pts',(-6.84753033280992,-1.84349366768037,
1.51));
#10544=CARTESIAN_POINT('Ctrl Pts',(-6.89483757344301,-1.86797552142441,
1.51));
#10545=CARTESIAN_POINT('Ctrl Pts',(-6.91828819513321,-1.8801113949766,1.51));
#10546=CARTESIAN_POINT('',(-6.76753791570663,-1.83850169048213,1.5));
#10547=CARTESIAN_POINT('Ctrl Pts',(-6.58813814222813,-1.90739661321543,
1.5));
#10548=CARTESIAN_POINT('Ctrl Pts',(-6.58813814222813,-1.90739661321543,
1.51));
#10549=CARTESIAN_POINT('Ctrl Pts',(-6.61414025165394,-1.88730372098875,
1.5));
#10550=CARTESIAN_POINT('Ctrl Pts',(-6.61414025165394,-1.88730372098875,
1.51));
#10551=CARTESIAN_POINT('Ctrl Pts',(-6.66700505677498,-1.84645292636718,
1.5));
#10552=CARTESIAN_POINT('Ctrl Pts',(-6.66700505677498,-1.84645292636718,
1.51));
#10553=CARTESIAN_POINT('Ctrl Pts',(-6.7336652422978,-1.84118071124403,1.5));
#10554=CARTESIAN_POINT('Ctrl Pts',(-6.7336652422978,-1.84118071124403,1.51));
#10555=CARTESIAN_POINT('Ctrl Pts',(-6.76753791570663,-1.83850169048213,
1.5));
#10556=CARTESIAN_POINT('Ctrl Pts',(-6.76753791570663,-1.83850169048213,
1.51));
#10557=CARTESIAN_POINT('',(-6.58813814222813,-1.90739661321543,1.51));
#10558=CARTESIAN_POINT('Ctrl Pts',(-6.58813814222813,-1.90739661321543,
1.51));
#10559=CARTESIAN_POINT('Ctrl Pts',(-6.61414025165394,-1.88730372098875,
1.51));
#10560=CARTESIAN_POINT('Ctrl Pts',(-6.66700505677498,-1.84645292636718,
1.51));
#10561=CARTESIAN_POINT('Ctrl Pts',(-6.7336652422978,-1.84118071124403,1.51));
#10562=CARTESIAN_POINT('Ctrl Pts',(-6.76753791570663,-1.83850169048213,
1.51));
#10563=CARTESIAN_POINT('',(-6.58813814222813,-1.90739661321543,1.5));
#10564=CARTESIAN_POINT('Ctrl Pts',(-6.49536872804165,-2.12022065982722,
1.5));
#10565=CARTESIAN_POINT('Ctrl Pts',(-6.49536872804165,-2.12022065982722,
1.51));
#10566=CARTESIAN_POINT('Ctrl Pts',(-6.50275116261076,-2.07683364130411,
1.5));
#10567=CARTESIAN_POINT('Ctrl Pts',(-6.50275116261076,-2.07683364130411,
1.51));
#10568=CARTESIAN_POINT('Ctrl Pts',(-6.51618038371121,-1.99790928929245,
1.5));
#10569=CARTESIAN_POINT('Ctrl Pts',(-6.51618038371121,-1.99790928929245,
1.51));
#10570=CARTESIAN_POINT('Ctrl Pts',(-6.56579715668061,-1.93549841112827,
1.5));
#10571=CARTESIAN_POINT('Ctrl Pts',(-6.56579715668061,-1.93549841112827,
1.51));
#10572=CARTESIAN_POINT('Ctrl Pts',(-6.58813814222813,-1.90739661321543,
1.5));
#10573=CARTESIAN_POINT('Ctrl Pts',(-6.58813814222813,-1.90739661321543,
1.51));
#10574=CARTESIAN_POINT('',(-6.49536872804165,-2.12022065982722,1.51));
#10575=CARTESIAN_POINT('Ctrl Pts',(-6.49536872804165,-2.12022065982722,
1.51));
#10576=CARTESIAN_POINT('Ctrl Pts',(-6.50275116261076,-2.07683364130411,
1.51));
#10577=CARTESIAN_POINT('Ctrl Pts',(-6.51618038371121,-1.99790928929245,
1.51));
#10578=CARTESIAN_POINT('Ctrl Pts',(-6.56579715668061,-1.93549841112827,
1.51));
#10579=CARTESIAN_POINT('Ctrl Pts',(-6.58813814222813,-1.90739661321543,
1.51));
#10580=CARTESIAN_POINT('',(-6.49536872804165,-2.12022065982722,1.5));
#10581=CARTESIAN_POINT('Ctrl Pts',(-6.44557336866856,-2.04041153058909,
1.5));
#10582=CARTESIAN_POINT('Ctrl Pts',(-6.44557336866856,-2.04041153058909,
1.51));
#10583=CARTESIAN_POINT('Ctrl Pts',(-6.45417244897339,-2.05138334551116,
1.5));
#10584=CARTESIAN_POINT('Ctrl Pts',(-6.45417244897339,-2.05138334551116,
1.51));
#10585=CARTESIAN_POINT('Ctrl Pts',(-6.473609618649,-2.07618379169025,1.5));
#10586=CARTESIAN_POINT('Ctrl Pts',(-6.473609618649,-2.07618379169025,1.51));
#10587=CARTESIAN_POINT('Ctrl Pts',(-6.48757929271874,-2.10445612048021,
1.5));
#10588=CARTESIAN_POINT('Ctrl Pts',(-6.48757929271874,-2.10445612048021,
1.51));
#10589=CARTESIAN_POINT('Ctrl Pts',(-6.49536872804165,-2.12022065982722,
1.5));
#10590=CARTESIAN_POINT('Ctrl Pts',(-6.49536872804165,-2.12022065982722,
1.51));
#10591=CARTESIAN_POINT('',(-6.44557336866856,-2.04041153058909,1.51));
#10592=CARTESIAN_POINT('Ctrl Pts',(-6.44557336866856,-2.04041153058909,
1.51));
#10593=CARTESIAN_POINT('Ctrl Pts',(-6.45417244897339,-2.05138334551116,
1.51));
#10594=CARTESIAN_POINT('Ctrl Pts',(-6.473609618649,-2.07618379169025,1.51));
#10595=CARTESIAN_POINT('Ctrl Pts',(-6.48757929271874,-2.10445612048021,
1.51));
#10596=CARTESIAN_POINT('Ctrl Pts',(-6.49536872804165,-2.12022065982722,
1.51));
#10597=CARTESIAN_POINT('',(-6.44557336866856,-2.04041153058909,1.5));
#10598=CARTESIAN_POINT('Ctrl Pts',(-6.31255830228329,-1.93058892950915,
1.5));
#10599=CARTESIAN_POINT('Ctrl Pts',(-6.31255830228329,-1.93058892950915,
1.51));
#10600=CARTESIAN_POINT('Ctrl Pts',(-6.33757953586629,-1.94761651349153,
1.5));
#10601=CARTESIAN_POINT('Ctrl Pts',(-6.33757953586629,-1.94761651349153,
1.51));
#10602=CARTESIAN_POINT('Ctrl Pts',(-6.38533253060296,-1.98011363740797,
1.5));
#10603=CARTESIAN_POINT('Ctrl Pts',(-6.38533253060296,-1.98011363740797,
1.51));
#10604=CARTESIAN_POINT('Ctrl Pts',(-6.4261453331266,-2.02096509442643,1.5));
#10605=CARTESIAN_POINT('Ctrl Pts',(-6.4261453331266,-2.02096509442643,1.51));
#10606=CARTESIAN_POINT('Ctrl Pts',(-6.44557336866856,-2.04041153058909,
1.5));
#10607=CARTESIAN_POINT('Ctrl Pts',(-6.44557336866856,-2.04041153058909,
1.51));
#10608=CARTESIAN_POINT('',(-6.31255830228329,-1.93058892950915,1.51));
#10609=CARTESIAN_POINT('Ctrl Pts',(-6.31255830228329,-1.93058892950915,
1.51));
#10610=CARTESIAN_POINT('Ctrl Pts',(-6.33757953586629,-1.94761651349153,
1.51));
#10611=CARTESIAN_POINT('Ctrl Pts',(-6.38533253060296,-1.98011363740797,
1.51));
#10612=CARTESIAN_POINT('Ctrl Pts',(-6.4261453331266,-2.02096509442643,1.51));
#10613=CARTESIAN_POINT('Ctrl Pts',(-6.44557336866856,-2.04041153058909,
1.51));
#10614=CARTESIAN_POINT('',(-6.31255830228329,-1.93058892950915,1.5));
#10615=CARTESIAN_POINT('Origin',(-6.04038918912411,-1.75664633378886,1.5));
#10616=CARTESIAN_POINT('',(-6.04038918912411,-1.75664633378886,1.51));
#10617=CARTESIAN_POINT('',(-6.31255830228329,-1.93058892950915,1.51));
#10618=CARTESIAN_POINT('',(-6.04038918912411,-1.75664633378886,1.5));
#10619=CARTESIAN_POINT('Origin',(-6.04038918912411,-1.92308544978999,1.5));
#10620=CARTESIAN_POINT('',(-6.04038918912411,-1.92308544978999,1.51));
#10621=CARTESIAN_POINT('',(-6.04038918912411,-1.75664633378886,1.51));
#10622=CARTESIAN_POINT('',(-6.04038918912411,-1.92308544978999,1.5));
#10623=CARTESIAN_POINT('Origin',(-6.24843830764294,-2.05541849002741,1.5));
#10624=CARTESIAN_POINT('',(-6.24843830764294,-2.05541849002741,1.51));
#10625=CARTESIAN_POINT('',(-6.04038918912411,-1.92308544978999,1.51));
#10626=CARTESIAN_POINT('',(-6.24843830764294,-2.05541849002741,1.5));
#10627=CARTESIAN_POINT('Ctrl Pts',(-6.38622815310955,-2.1509164558401,1.5));
#10628=CARTESIAN_POINT('Ctrl Pts',(-6.38622815310955,-2.1509164558401,1.51));
#10629=CARTESIAN_POINT('Ctrl Pts',(-6.36691871859404,-2.13651732244249,
1.5));
#10630=CARTESIAN_POINT('Ctrl Pts',(-6.36691871859404,-2.13651732244249,
1.51));
#10631=CARTESIAN_POINT('Ctrl Pts',(-6.32209814344777,-2.10309441510827,
1.5));
#10632=CARTESIAN_POINT('Ctrl Pts',(-6.32209814344777,-2.10309441510827,
1.51));
#10633=CARTESIAN_POINT('Ctrl Pts',(-6.27515664387709,-2.07271178674287,
1.5));
#10634=CARTESIAN_POINT('Ctrl Pts',(-6.27515664387709,-2.07271178674287,
1.51));
#10635=CARTESIAN_POINT('Ctrl Pts',(-6.24843830764294,-2.05541849002741,
1.5));
#10636=CARTESIAN_POINT('Ctrl Pts',(-6.24843830764294,-2.05541849002741,
1.51));
#10637=CARTESIAN_POINT('',(-6.38622815310955,-2.1509164558401,1.51));
#10638=CARTESIAN_POINT('Ctrl Pts',(-6.38622815310955,-2.1509164558401,1.51));
#10639=CARTESIAN_POINT('Ctrl Pts',(-6.36691871859404,-2.13651732244249,
1.51));
#10640=CARTESIAN_POINT('Ctrl Pts',(-6.32209814344777,-2.10309441510827,
1.51));
#10641=CARTESIAN_POINT('Ctrl Pts',(-6.27515664387709,-2.07271178674287,
1.51));
#10642=CARTESIAN_POINT('Ctrl Pts',(-6.24843830764294,-2.05541849002741,
1.51));
#10643=CARTESIAN_POINT('',(-6.38622815310955,-2.1509164558401,1.5));
#10644=CARTESIAN_POINT('Ctrl Pts',(-6.45307684838772,-2.21810608968638,
1.5));
#10645=CARTESIAN_POINT('Ctrl Pts',(-6.45307684838772,-2.21810608968638,
1.51));
#10646=CARTESIAN_POINT('Ctrl Pts',(-6.44465893310928,-2.20723421685208,
1.5));
#10647=CARTESIAN_POINT('Ctrl Pts',(-6.44465893310928,-2.20723421685208,
1.51));
#10648=CARTESIAN_POINT('Ctrl Pts',(-6.42519337501282,-2.18209413581378,
1.5));
#10649=CARTESIAN_POINT('Ctrl Pts',(-6.42519337501282,-2.18209413581378,
1.51));
#10650=CARTESIAN_POINT('Ctrl Pts',(-6.40033594386932,-2.16220468067135,
1.5));
#10651=CARTESIAN_POINT('Ctrl Pts',(-6.40033594386932,-2.16220468067135,
1.51));
#10652=CARTESIAN_POINT('Ctrl Pts',(-6.38622815310955,-2.1509164558401,1.5));
#10653=CARTESIAN_POINT('Ctrl Pts',(-6.38622815310955,-2.1509164558401,1.51));
#10654=CARTESIAN_POINT('',(-6.45307684838772,-2.21810608968638,1.51));
#10655=CARTESIAN_POINT('Ctrl Pts',(-6.45307684838772,-2.21810608968638,
1.51));
#10656=CARTESIAN_POINT('Ctrl Pts',(-6.44465893310928,-2.20723421685208,
1.51));
#10657=CARTESIAN_POINT('Ctrl Pts',(-6.42519337501282,-2.18209413581378,
1.51));
#10658=CARTESIAN_POINT('Ctrl Pts',(-6.40033594386932,-2.16220468067135,
1.51));
#10659=CARTESIAN_POINT('Ctrl Pts',(-6.38622815310955,-2.1509164558401,1.51));
#10660=CARTESIAN_POINT('',(-6.45307684838772,-2.21810608968638,1.5));
#10661=CARTESIAN_POINT('Ctrl Pts',(-6.47967974245548,-2.27847426996134,
1.5));
#10662=CARTESIAN_POINT('Ctrl Pts',(-6.47967974245548,-2.27847426996134,
1.51));
#10663=CARTESIAN_POINT('Ctrl Pts',(-6.47661003254343,-2.26815346382309,
1.5));
#10664=CARTESIAN_POINT('Ctrl Pts',(-6.47661003254343,-2.26815346382309,
1.51));
#10665=CARTESIAN_POINT('Ctrl Pts',(-6.47029279365071,-2.24691399826809,
1.5));
#10666=CARTESIAN_POINT('Ctrl Pts',(-6.47029279365071,-2.24691399826809,
1.51));
#10667=CARTESIAN_POINT('Ctrl Pts',(-6.45892218430295,-2.22788724896071,
1.5));
#10668=CARTESIAN_POINT('Ctrl Pts',(-6.45892218430295,-2.22788724896071,
1.51));
#10669=CARTESIAN_POINT('Ctrl Pts',(-6.45307684838772,-2.21810608968638,
1.5));
#10670=CARTESIAN_POINT('Ctrl Pts',(-6.45307684838772,-2.21810608968638,
1.51));
#10671=CARTESIAN_POINT('',(-6.47967974245548,-2.27847426996134,1.51));
#10672=CARTESIAN_POINT('Ctrl Pts',(-6.47967974245548,-2.27847426996134,
1.51));
#10673=CARTESIAN_POINT('Ctrl Pts',(-6.47661003254343,-2.26815346382309,
1.51));
#10674=CARTESIAN_POINT('Ctrl Pts',(-6.47029279365071,-2.24691399826809,
1.51));
#10675=CARTESIAN_POINT('Ctrl Pts',(-6.45892218430295,-2.22788724896071,
1.51));
#10676=CARTESIAN_POINT('Ctrl Pts',(-6.45307684838772,-2.21810608968638,
1.51));
#10677=CARTESIAN_POINT('',(-6.47967974245548,-2.27847426996134,1.5));
#10678=CARTESIAN_POINT('Ctrl Pts',(-6.48445467054844,-2.35214412078761,
1.5));
#10679=CARTESIAN_POINT('Ctrl Pts',(-6.48445467054844,-2.35214412078761,
1.51));
#10680=CARTESIAN_POINT('Ctrl Pts',(-6.48446174384859,-2.3374485301704,1.5));
#10681=CARTESIAN_POINT('Ctrl Pts',(-6.48446174384859,-2.3374485301704,1.51));
#10682=CARTESIAN_POINT('Ctrl Pts',(-6.48447362039155,-2.31277365288414,
1.5));
#10683=CARTESIAN_POINT('Ctrl Pts',(-6.48447362039155,-2.31277365288414,
1.51));
#10684=CARTESIAN_POINT('Ctrl Pts',(-6.48106022539664,-2.28835139108306,
1.5));
#10685=CARTESIAN_POINT('Ctrl Pts',(-6.48106022539664,-2.28835139108306,
1.51));
#10686=CARTESIAN_POINT('Ctrl Pts',(-6.47967974245548,-2.27847426996134,
1.5));
#10687=CARTESIAN_POINT('Ctrl Pts',(-6.47967974245548,-2.27847426996134,
1.51));
#10688=CARTESIAN_POINT('',(-6.48445467054844,-2.35214412078761,1.51));
#10689=CARTESIAN_POINT('Ctrl Pts',(-6.48445467054844,-2.35214412078761,
1.51));
#10690=CARTESIAN_POINT('Ctrl Pts',(-6.48446174384859,-2.3374485301704,1.51));
#10691=CARTESIAN_POINT('Ctrl Pts',(-6.48447362039155,-2.31277365288414,
1.51));
#10692=CARTESIAN_POINT('Ctrl Pts',(-6.48106022539664,-2.28835139108306,
1.51));
#10693=CARTESIAN_POINT('Ctrl Pts',(-6.47967974245548,-2.27847426996134,
1.51));
#10694=CARTESIAN_POINT('',(-6.48445467054844,-2.35214412078761,1.5));
#10695=CARTESIAN_POINT('Origin',(-6.48445467054844,-2.505623100852,1.5));
#10696=CARTESIAN_POINT('',(-6.48445467054844,-2.505623100852,1.51));
#10697=CARTESIAN_POINT('',(-6.48445467054844,-2.35214412078761,1.51));
#10698=CARTESIAN_POINT('',(-6.48445467054844,-2.505623100852,1.5));
#10699=CARTESIAN_POINT('Origin',(-6.04038918912411,-2.505623100852,1.5));
#10700=CARTESIAN_POINT('',(-6.04038918912411,-2.505623100852,1.51));
#10701=CARTESIAN_POINT('',(-6.48445467054844,-2.505623100852,1.51));
#10702=CARTESIAN_POINT('',(-6.04038918912411,-2.505623100852,1.5));
#10703=CARTESIAN_POINT('Origin',(-6.04038918912411,-2.6379558430662,1.5));
#10704=CARTESIAN_POINT('',(-6.04038918912411,-2.505623100852,1.51));
#10705=CARTESIAN_POINT('Origin',(-6.54038919657469,-2.38113466516636,1.51));
#10706=CARTESIAN_POINT('Origin',(0.,1.11022302462516E-15,1.5));
#10707=CARTESIAN_POINT('Origin',(-6.14059968441725,-8.610093490728,1.5));
#10708=CARTESIAN_POINT('',(-6.36529280394316,-8.62973873461113,1.51));
#10709=CARTESIAN_POINT('',(-6.36529280394316,-8.62973873461113,1.5));
#10710=CARTESIAN_POINT('',(-6.14059968441725,-8.610093490728,1.51));
#10711=CARTESIAN_POINT('',(-6.36529280394316,-8.62973873461113,1.51));
#10712=CARTESIAN_POINT('',(-6.14059968441725,-8.610093490728,1.5));
#10713=CARTESIAN_POINT('Ctrl Pts',(-6.0663159057498,-8.83171697104797,1.5));
#10714=CARTESIAN_POINT('Ctrl Pts',(-6.0663159057498,-8.83171697104797,1.51));
#10715=CARTESIAN_POINT('Ctrl Pts',(-6.08413509954174,-8.79947846104244,
1.5));
#10716=CARTESIAN_POINT('Ctrl Pts',(-6.08413509954174,-8.79947846104244,
1.51));
#10717=CARTESIAN_POINT('Ctrl Pts',(-6.12239814722622,-8.73025290235434,
1.5));
#10718=CARTESIAN_POINT('Ctrl Pts',(-6.12239814722622,-8.73025290235434,
1.51));
#10719=CARTESIAN_POINT('Ctrl Pts',(-6.13426125474446,-8.65193731809947,
1.5));
#10720=CARTESIAN_POINT('Ctrl Pts',(-6.13426125474446,-8.65193731809947,
1.51));
#10721=CARTESIAN_POINT('Ctrl Pts',(-6.14059968441725,-8.610093490728,1.5));
#10722=CARTESIAN_POINT('Ctrl Pts',(-6.14059968441725,-8.610093490728,1.51));
#10723=CARTESIAN_POINT('',(-6.0663159057498,-8.83171697104797,1.51));
#10724=CARTESIAN_POINT('Ctrl Pts',(-6.0663159057498,-8.83171697104797,1.51));
#10725=CARTESIAN_POINT('Ctrl Pts',(-6.08413509954174,-8.79947846104244,
1.51));
#10726=CARTESIAN_POINT('Ctrl Pts',(-6.12239814722622,-8.73025290235434,
1.51));
#10727=CARTESIAN_POINT('Ctrl Pts',(-6.13426125474446,-8.65193731809947,
1.51));
#10728=CARTESIAN_POINT('Ctrl Pts',(-6.14059968441725,-8.610093490728,1.51));
#10729=CARTESIAN_POINT('',(-6.0663159057498,-8.83171697104797,1.5));
#10730=CARTESIAN_POINT('Ctrl Pts',(-5.88521091789007,-8.97168968761788,
1.5));
#10731=CARTESIAN_POINT('Ctrl Pts',(-5.88521091789007,-8.97168968761788,
1.51));
#10732=CARTESIAN_POINT('Ctrl Pts',(-5.92269850407715,-8.95357447699464,
1.5));
#10733=CARTESIAN_POINT('Ctrl Pts',(-5.92269850407715,-8.95357447699464,
1.51));
#10734=CARTESIAN_POINT('Ctrl Pts',(-5.99304685756995,-8.91957988384693,
1.5));
#10735=CARTESIAN_POINT('Ctrl Pts',(-5.99304685756995,-8.91957988384693,
1.51));
#10736=CARTESIAN_POINT('Ctrl Pts',(-6.04298776261359,-8.85969165690859,
1.5));
#10737=CARTESIAN_POINT('Ctrl Pts',(-6.04298776261359,-8.85969165690859,
1.51));
#10738=CARTESIAN_POINT('Ctrl Pts',(-6.0663159057498,-8.83171697104797,1.5));
#10739=CARTESIAN_POINT('Ctrl Pts',(-6.0663159057498,-8.83171697104797,1.51));
#10740=CARTESIAN_POINT('',(-5.88521091789007,-8.97168968761788,1.51));
#10741=CARTESIAN_POINT('Ctrl Pts',(-5.88521091789007,-8.97168968761788,
1.51));
#10742=CARTESIAN_POINT('Ctrl Pts',(-5.92269850407715,-8.95357447699464,
1.51));
#10743=CARTESIAN_POINT('Ctrl Pts',(-5.99304685756995,-8.91957988384693,
1.51));
#10744=CARTESIAN_POINT('Ctrl Pts',(-6.04298776261359,-8.85969165690859,
1.51));
#10745=CARTESIAN_POINT('Ctrl Pts',(-6.0663159057498,-8.83171697104797,1.51));
#10746=CARTESIAN_POINT('',(-5.88521091789007,-8.97168968761788,1.5));
#10747=CARTESIAN_POINT('Ctrl Pts',(-5.60894890278578,-9.02510036671982,
1.5));
#10748=CARTESIAN_POINT('Ctrl Pts',(-5.60894890278578,-9.02510036671982,
1.51));
#10749=CARTESIAN_POINT('Ctrl Pts',(-5.65805427331723,-9.02320503955282,
1.5));
#10750=CARTESIAN_POINT('Ctrl Pts',(-5.65805427331723,-9.02320503955282,
1.51));
#10751=CARTESIAN_POINT('Ctrl Pts',(-5.75292917734727,-9.01954313900858,
1.5));
#10752=CARTESIAN_POINT('Ctrl Pts',(-5.75292917734727,-9.01954313900858,
1.51));
#10753=CARTESIAN_POINT('Ctrl Pts',(-5.8421628339316,-8.98726250503558,1.5));
#10754=CARTESIAN_POINT('Ctrl Pts',(-5.8421628339316,-8.98726250503558,1.51));
#10755=CARTESIAN_POINT('Ctrl Pts',(-5.88521091789007,-8.97168968761788,
1.5));
#10756=CARTESIAN_POINT('Ctrl Pts',(-5.88521091789007,-8.97168968761788,
1.51));
#10757=CARTESIAN_POINT('',(-5.60894890278578,-9.02510036671982,1.51));
#10758=CARTESIAN_POINT('Ctrl Pts',(-5.60894890278578,-9.02510036671982,
1.51));
#10759=CARTESIAN_POINT('Ctrl Pts',(-5.65805427331723,-9.02320503955282,
1.51));
#10760=CARTESIAN_POINT('Ctrl Pts',(-5.75292917734727,-9.01954313900858,
1.51));
#10761=CARTESIAN_POINT('Ctrl Pts',(-5.8421628339316,-8.98726250503558,1.51));
#10762=CARTESIAN_POINT('Ctrl Pts',(-5.88521091789007,-8.97168968761788,
1.51));
#10763=CARTESIAN_POINT('',(-5.60894890278578,-9.02510036671982,1.5));
#10764=CARTESIAN_POINT('Ctrl Pts',(-5.36829395741224,-8.98458187425957,
1.5));
#10765=CARTESIAN_POINT('Ctrl Pts',(-5.36829395741224,-8.98458187425957,
1.51));
#10766=CARTESIAN_POINT('Ctrl Pts',(-5.4054518976874,-8.99639162216647,1.5));
#10767=CARTESIAN_POINT('Ctrl Pts',(-5.4054518976874,-8.99639162216647,1.51));
#10768=CARTESIAN_POINT('Ctrl Pts',(-5.48370225220229,-9.02126159487226,
1.5));
#10769=CARTESIAN_POINT('Ctrl Pts',(-5.48370225220229,-9.02126159487226,
1.51));
#10770=CARTESIAN_POINT('Ctrl Pts',(-5.56582364851505,-9.02377859075821,
1.5));
#10771=CARTESIAN_POINT('Ctrl Pts',(-5.56582364851505,-9.02377859075821,
1.51));
#10772=CARTESIAN_POINT('Ctrl Pts',(-5.60894890278578,-9.02510036671982,
1.5));
#10773=CARTESIAN_POINT('Ctrl Pts',(-5.60894890278578,-9.02510036671982,
1.51));
#10774=CARTESIAN_POINT('',(-5.36829395741224,-8.98458187425957,1.51));
#10775=CARTESIAN_POINT('Ctrl Pts',(-5.36829395741224,-8.98458187425957,
1.51));
#10776=CARTESIAN_POINT('Ctrl Pts',(-5.4054518976874,-8.99639162216647,1.51));
#10777=CARTESIAN_POINT('Ctrl Pts',(-5.48370225220229,-9.02126159487226,
1.51));
#10778=CARTESIAN_POINT('Ctrl Pts',(-5.56582364851505,-9.02377859075821,
1.51));
#10779=CARTESIAN_POINT('Ctrl Pts',(-5.60894890278578,-9.02510036671982,
1.51));
#10780=CARTESIAN_POINT('',(-5.36829395741224,-8.98458187425957,1.5));
#10781=CARTESIAN_POINT('Ctrl Pts',(-5.21297349184751,-8.87346317017899,
1.5));
#10782=CARTESIAN_POINT('Ctrl Pts',(-5.21297349184751,-8.87346317017899,
1.51));
#10783=CARTESIAN_POINT('Ctrl Pts',(-5.23321470688905,-8.89612585717095,
1.5));
#10784=CARTESIAN_POINT('Ctrl Pts',(-5.23321470688905,-8.89612585717095,
1.51));
#10785=CARTESIAN_POINT('Ctrl Pts',(-5.27658053702425,-8.94467957454832,
1.5));
#10786=CARTESIAN_POINT('Ctrl Pts',(-5.27658053702425,-8.94467957454832,
1.51));
#10787=CARTESIAN_POINT('Ctrl Pts',(-5.33639708052871,-8.97070431156618,
1.5));
#10788=CARTESIAN_POINT('Ctrl Pts',(-5.33639708052871,-8.97070431156618,
1.51));
#10789=CARTESIAN_POINT('Ctrl Pts',(-5.36829395741224,-8.98458187425957,
1.5));
#10790=CARTESIAN_POINT('Ctrl Pts',(-5.36829395741224,-8.98458187425957,
1.51));
#10791=CARTESIAN_POINT('',(-5.21297349184751,-8.87346317017899,1.51));
#10792=CARTESIAN_POINT('Ctrl Pts',(-5.21297349184751,-8.87346317017899,
1.51));
#10793=CARTESIAN_POINT('Ctrl Pts',(-5.23321470688905,-8.89612585717095,
1.51));
#10794=CARTESIAN_POINT('Ctrl Pts',(-5.27658053702425,-8.94467957454832,
1.51));
#10795=CARTESIAN_POINT('Ctrl Pts',(-5.33639708052871,-8.97070431156618,
1.51));
#10796=CARTESIAN_POINT('Ctrl Pts',(-5.36829395741224,-8.98458187425957,
1.51));
#10797=CARTESIAN_POINT('',(-5.21297349184751,-8.87346317017899,1.5));
#10798=CARTESIAN_POINT('Ctrl Pts',(-5.1620183750987,-8.71937041128502,1.5));
#10799=CARTESIAN_POINT('Ctrl Pts',(-5.1620183750987,-8.71937041128502,1.51));
#10800=CARTESIAN_POINT('Ctrl Pts',(-5.16423567444452,-8.74679371212071,
1.5));
#10801=CARTESIAN_POINT('Ctrl Pts',(-5.16423567444452,-8.74679371212071,
1.51));
#10802=CARTESIAN_POINT('Ctrl Pts',(-5.16872087362379,-8.80226613474745,
1.5));
#10803=CARTESIAN_POINT('Ctrl Pts',(-5.16872087362379,-8.80226613474745,
1.51));
#10804=CARTESIAN_POINT('Ctrl Pts',(-5.19811209187243,-8.84955300027131,
1.5));
#10805=CARTESIAN_POINT('Ctrl Pts',(-5.19811209187243,-8.84955300027131,
1.51));
#10806=CARTESIAN_POINT('Ctrl Pts',(-5.21297349184751,-8.87346317017899,
1.5));
#10807=CARTESIAN_POINT('Ctrl Pts',(-5.21297349184751,-8.87346317017899,
1.51));
#10808=CARTESIAN_POINT('',(-5.1620183750987,-8.71937041128502,1.51));
#10809=CARTESIAN_POINT('Ctrl Pts',(-5.1620183750987,-8.71937041128502,1.51));
#10810=CARTESIAN_POINT('Ctrl Pts',(-5.16423567444452,-8.74679371212071,
1.51));
#10811=CARTESIAN_POINT('Ctrl Pts',(-5.16872087362379,-8.80226613474745,
1.51));
#10812=CARTESIAN_POINT('Ctrl Pts',(-5.19811209187243,-8.84955300027131,
1.51));
#10813=CARTESIAN_POINT('Ctrl Pts',(-5.21297349184751,-8.87346317017899,
1.51));
#10814=CARTESIAN_POINT('',(-5.1620183750987,-8.71937041128502,1.5));
#10815=CARTESIAN_POINT('Ctrl Pts',(-5.21113170832396,-8.57141678179131,
1.5));
#10816=CARTESIAN_POINT('Ctrl Pts',(-5.21113170832396,-8.57141678179131,
1.51));
#10817=CARTESIAN_POINT('Ctrl Pts',(-5.19680797032328,-8.5936001979549,1.5));
#10818=CARTESIAN_POINT('Ctrl Pts',(-5.19680797032328,-8.5936001979549,1.51));
#10819=CARTESIAN_POINT('Ctrl Pts',(-5.16771449242958,-8.63865776098292,
1.5));
#10820=CARTESIAN_POINT('Ctrl Pts',(-5.16771449242958,-8.63865776098292,
1.51));
#10821=CARTESIAN_POINT('Ctrl Pts',(-5.16393638694604,-8.69219263201595,
1.5));
#10822=CARTESIAN_POINT('Ctrl Pts',(-5.16393638694604,-8.69219263201595,
1.51));
#10823=CARTESIAN_POINT('Ctrl Pts',(-5.1620183750987,-8.71937041128502,1.5));
#10824=CARTESIAN_POINT('Ctrl Pts',(-5.1620183750987,-8.71937041128502,1.51));
#10825=CARTESIAN_POINT('',(-5.21113170832396,-8.57141678179131,1.51));
#10826=CARTESIAN_POINT('Ctrl Pts',(-5.21113170832396,-8.57141678179131,
1.51));
#10827=CARTESIAN_POINT('Ctrl Pts',(-5.19680797032328,-8.5936001979549,1.51));
#10828=CARTESIAN_POINT('Ctrl Pts',(-5.16771449242958,-8.63865776098292,
1.51));
#10829=CARTESIAN_POINT('Ctrl Pts',(-5.16393638694604,-8.69219263201595,
1.51));
#10830=CARTESIAN_POINT('Ctrl Pts',(-5.1620183750987,-8.71937041128502,1.51));
#10831=CARTESIAN_POINT('',(-5.21113170832396,-8.57141678179131,1.5));
#10832=CARTESIAN_POINT('Ctrl Pts',(-5.37320538014173,-8.46520935142861,
1.5));
#10833=CARTESIAN_POINT('Ctrl Pts',(-5.37320538014173,-8.46520935142861,
1.51));
#10834=CARTESIAN_POINT('Ctrl Pts',(-5.33936890074852,-8.4789989435766,1.5));
#10835=CARTESIAN_POINT('Ctrl Pts',(-5.33936890074852,-8.4789989435766,1.51));
#10836=CARTESIAN_POINT('Ctrl Pts',(-5.27824782869196,-8.50390799648111,
1.5));
#10837=CARTESIAN_POINT('Ctrl Pts',(-5.27824782869196,-8.50390799648111,
1.51));
#10838=CARTESIAN_POINT('Ctrl Pts',(-5.23184572038627,-8.55058158175948,
1.5));
#10839=CARTESIAN_POINT('Ctrl Pts',(-5.23184572038627,-8.55058158175948,
1.51));
#10840=CARTESIAN_POINT('Ctrl Pts',(-5.21113170832396,-8.57141678179131,
1.5));
#10841=CARTESIAN_POINT('Ctrl Pts',(-5.21113170832396,-8.57141678179131,
1.51));
#10842=CARTESIAN_POINT('',(-5.37320538014173,-8.46520935142861,1.51));
#10843=CARTESIAN_POINT('Ctrl Pts',(-5.37320538014173,-8.46520935142861,
1.51));
#10844=CARTESIAN_POINT('Ctrl Pts',(-5.33936890074852,-8.4789989435766,1.51));
#10845=CARTESIAN_POINT('Ctrl Pts',(-5.27824782869196,-8.50390799648111,
1.51));
#10846=CARTESIAN_POINT('Ctrl Pts',(-5.23184572038627,-8.55058158175948,
1.51));
#10847=CARTESIAN_POINT('Ctrl Pts',(-5.21113170832396,-8.57141678179131,
1.51));
#10848=CARTESIAN_POINT('',(-5.37320538014173,-8.46520935142861,1.5));
#10849=CARTESIAN_POINT('Ctrl Pts',(-5.69366915673017,-8.37741945827828,
1.5));
#10850=CARTESIAN_POINT('Ctrl Pts',(-5.69366915673017,-8.37741945827828,
1.51));
#10851=CARTESIAN_POINT('Ctrl Pts',(-5.62531077870337,-8.39353727310252,
1.5));
#10852=CARTESIAN_POINT('Ctrl Pts',(-5.62531077870337,-8.39353727310252,
1.51));
#10853=CARTESIAN_POINT('Ctrl Pts',(-5.5174134113087,-8.41897775074242,1.5));
#10854=CARTESIAN_POINT('Ctrl Pts',(-5.5174134113087,-8.41897775074242,1.51));
#10855=CARTESIAN_POINT('Ctrl Pts',(-5.41187860794168,-8.45281111528028,
1.5));
#10856=CARTESIAN_POINT('Ctrl Pts',(-5.41187860794168,-8.45281111528028,
1.51));
#10857=CARTESIAN_POINT('Ctrl Pts',(-5.37320538014173,-8.46520935142861,
1.5));
#10858=CARTESIAN_POINT('Ctrl Pts',(-5.37320538014173,-8.46520935142861,
1.51));
#10859=CARTESIAN_POINT('',(-5.69366915673017,-8.37741945827828,1.51));
#10860=CARTESIAN_POINT('Ctrl Pts',(-5.69366915673017,-8.37741945827828,
1.51));
#10861=CARTESIAN_POINT('Ctrl Pts',(-5.62531077870337,-8.39353727310252,
1.51));
#10862=CARTESIAN_POINT('Ctrl Pts',(-5.5174134113087,-8.41897775074242,1.51));
#10863=CARTESIAN_POINT('Ctrl Pts',(-5.41187860794168,-8.45281111528028,
1.51));
#10864=CARTESIAN_POINT('Ctrl Pts',(-5.37320538014173,-8.46520935142861,
1.51));
#10865=CARTESIAN_POINT('',(-5.69366915673017,-8.37741945827828,1.5));
#10866=CARTESIAN_POINT('Ctrl Pts',(-6.0411454603076,-8.26507304752693,1.5));
#10867=CARTESIAN_POINT('Ctrl Pts',(-6.0411454603076,-8.26507304752693,1.51));
#10868=CARTESIAN_POINT('Ctrl Pts',(-5.99596345543367,-8.28427827060845,
1.5));
#10869=CARTESIAN_POINT('Ctrl Pts',(-5.99596345543367,-8.28427827060845,
1.51));
#10870=CARTESIAN_POINT('Ctrl Pts',(-5.88359786327772,-8.33204078734632,
1.5));
#10871=CARTESIAN_POINT('Ctrl Pts',(-5.88359786327772,-8.33204078734632,
1.51));
#10872=CARTESIAN_POINT('Ctrl Pts',(-5.76473654825844,-8.36043969870019,
1.5));
#10873=CARTESIAN_POINT('Ctrl Pts',(-5.76473654825844,-8.36043969870019,
1.51));
#10874=CARTESIAN_POINT('Ctrl Pts',(-5.69366915673017,-8.37741945827828,
1.5));
#10875=CARTESIAN_POINT('Ctrl Pts',(-5.69366915673017,-8.37741945827828,
1.51));
#10876=CARTESIAN_POINT('',(-6.0411454603076,-8.26507304752693,1.51));
#10877=CARTESIAN_POINT('Ctrl Pts',(-6.0411454603076,-8.26507304752693,1.51));
#10878=CARTESIAN_POINT('Ctrl Pts',(-5.99596345543367,-8.28427827060845,
1.51));
#10879=CARTESIAN_POINT('Ctrl Pts',(-5.88359786327772,-8.33204078734632,
1.51));
#10880=CARTESIAN_POINT('Ctrl Pts',(-5.76473654825844,-8.36043969870019,
1.51));
#10881=CARTESIAN_POINT('Ctrl Pts',(-5.69366915673017,-8.37741945827828,
1.51));
#10882=CARTESIAN_POINT('',(-6.0411454603076,-8.26507304752693,1.5));
#10883=CARTESIAN_POINT('Ctrl Pts',(-6.23330100029707,-8.09747402513847,
1.5));
#10884=CARTESIAN_POINT('Ctrl Pts',(-6.23330100029707,-8.09747402513847,
1.51));
#10885=CARTESIAN_POINT('Ctrl Pts',(-6.20842642400528,-8.13001394869811,
1.5));
#10886=CARTESIAN_POINT('Ctrl Pts',(-6.20842642400528,-8.13001394869811,
1.51));
#10887=CARTESIAN_POINT('Ctrl Pts',(-6.15582755042256,-8.1988216865919,1.5));
#10888=CARTESIAN_POINT('Ctrl Pts',(-6.15582755042256,-8.1988216865919,1.51));
#10889=CARTESIAN_POINT('Ctrl Pts',(-6.08072906147411,-8.24220576768086,
1.5));
#10890=CARTESIAN_POINT('Ctrl Pts',(-6.08072906147411,-8.24220576768086,
1.51));
#10891=CARTESIAN_POINT('Ctrl Pts',(-6.0411454603076,-8.26507304752693,1.5));
#10892=CARTESIAN_POINT('Ctrl Pts',(-6.0411454603076,-8.26507304752693,1.51));
#10893=CARTESIAN_POINT('',(-6.23330100029707,-8.09747402513847,1.51));
#10894=CARTESIAN_POINT('Ctrl Pts',(-6.23330100029707,-8.09747402513847,
1.51));
#10895=CARTESIAN_POINT('Ctrl Pts',(-6.20842642400528,-8.13001394869811,
1.51));
#10896=CARTESIAN_POINT('Ctrl Pts',(-6.15582755042256,-8.1988216865919,1.51));
#10897=CARTESIAN_POINT('Ctrl Pts',(-6.08072906147411,-8.24220576768086,
1.51));
#10898=CARTESIAN_POINT('Ctrl Pts',(-6.0411454603076,-8.26507304752693,1.51));
#10899=CARTESIAN_POINT('',(-6.23330100029707,-8.09747402513847,1.5));
#10900=CARTESIAN_POINT('Ctrl Pts',(-6.29653422683477,-7.87339498246536,
1.5));
#10901=CARTESIAN_POINT('Ctrl Pts',(-6.29653422683477,-7.87339498246536,
1.51));
#10902=CARTESIAN_POINT('Ctrl Pts',(-6.29403205327434,-7.91352297135365,
1.5));
#10903=CARTESIAN_POINT('Ctrl Pts',(-6.29403205327434,-7.91352297135365,
1.51));
#10904=CARTESIAN_POINT('Ctrl Pts',(-6.28908874099222,-7.99280011801712,
1.5));
#10905=CARTESIAN_POINT('Ctrl Pts',(-6.28908874099222,-7.99280011801712,
1.51));
#10906=CARTESIAN_POINT('Ctrl Pts',(-6.25174321271557,-8.06287111048819,
1.5));
#10907=CARTESIAN_POINT('Ctrl Pts',(-6.25174321271557,-8.06287111048819,
1.51));
#10908=CARTESIAN_POINT('Ctrl Pts',(-6.23330100029707,-8.09747402513847,
1.5));
#10909=CARTESIAN_POINT('Ctrl Pts',(-6.23330100029707,-8.09747402513847,
1.51));
#10910=CARTESIAN_POINT('',(-6.29653422683477,-7.87339498246536,1.51));
#10911=CARTESIAN_POINT('Ctrl Pts',(-6.29653422683477,-7.87339498246536,
1.51));
#10912=CARTESIAN_POINT('Ctrl Pts',(-6.29403205327434,-7.91352297135365,
1.51));
#10913=CARTESIAN_POINT('Ctrl Pts',(-6.28908874099222,-7.99280011801712,
1.51));
#10914=CARTESIAN_POINT('Ctrl Pts',(-6.25174321271557,-8.06287111048819,
1.51));
#10915=CARTESIAN_POINT('Ctrl Pts',(-6.23330100029707,-8.09747402513847,
1.51));
#10916=CARTESIAN_POINT('',(-6.29653422683477,-7.87339498246536,1.5));
#10917=CARTESIAN_POINT('Ctrl Pts',(-6.219180957973,-7.61861999476776,1.5));
#10918=CARTESIAN_POINT('Ctrl Pts',(-6.219180957973,-7.61861999476776,1.51));
#10919=CARTESIAN_POINT('Ctrl Pts',(-6.24174169720854,-7.65862569069071,
1.5));
#10920=CARTESIAN_POINT('Ctrl Pts',(-6.24174169720854,-7.65862569069071,
1.51));
#10921=CARTESIAN_POINT('Ctrl Pts',(-6.28641694267901,-7.73784580253702,
1.5));
#10922=CARTESIAN_POINT('Ctrl Pts',(-6.28641694267901,-7.73784580253702,
1.51));
#10923=CARTESIAN_POINT('Ctrl Pts',(-6.2931843305134,-7.82851379773081,1.5));
#10924=CARTESIAN_POINT('Ctrl Pts',(-6.2931843305134,-7.82851379773081,1.51));
#10925=CARTESIAN_POINT('Ctrl Pts',(-6.29653422683477,-7.87339498246536,
1.5));
#10926=CARTESIAN_POINT('Ctrl Pts',(-6.29653422683477,-7.87339498246536,
1.51));
#10927=CARTESIAN_POINT('',(-6.219180957973,-7.61861999476776,1.51));
#10928=CARTESIAN_POINT('Ctrl Pts',(-6.219180957973,-7.61861999476776,1.51));
#10929=CARTESIAN_POINT('Ctrl Pts',(-6.24174169720854,-7.65862569069071,
1.51));
#10930=CARTESIAN_POINT('Ctrl Pts',(-6.28641694267901,-7.73784580253702,
1.51));
#10931=CARTESIAN_POINT('Ctrl Pts',(-6.2931843305134,-7.82851379773081,1.51));
#10932=CARTESIAN_POINT('Ctrl Pts',(-6.29653422683477,-7.87339498246536,
1.51));
#10933=CARTESIAN_POINT('',(-6.219180957973,-7.61861999476776,1.5));
#10934=CARTESIAN_POINT('Ctrl Pts',(-5.99325998276472,-7.4387427135788,1.5));
#10935=CARTESIAN_POINT('Ctrl Pts',(-5.99325998276472,-7.4387427135788,1.51));
#10936=CARTESIAN_POINT('Ctrl Pts',(-6.03933776439507,-7.46087082369217,
1.5));
#10937=CARTESIAN_POINT('Ctrl Pts',(-6.03933776439507,-7.46087082369217,
1.51));
#10938=CARTESIAN_POINT('Ctrl Pts',(-6.12845653348175,-7.5036686725847,1.5));
#10939=CARTESIAN_POINT('Ctrl Pts',(-6.12845653348175,-7.5036686725847,1.51));
#10940=CARTESIAN_POINT('Ctrl Pts',(-6.18963437799546,-7.58118334577878,
1.5));
#10941=CARTESIAN_POINT('Ctrl Pts',(-6.18963437799546,-7.58118334577878,
1.51));
#10942=CARTESIAN_POINT('Ctrl Pts',(-6.219180957973,-7.61861999476776,1.5));
#10943=CARTESIAN_POINT('Ctrl Pts',(-6.219180957973,-7.61861999476776,1.51));
#10944=CARTESIAN_POINT('',(-5.99325998276472,-7.4387427135788,1.51));
#10945=CARTESIAN_POINT('Ctrl Pts',(-5.99325998276472,-7.4387427135788,1.51));
#10946=CARTESIAN_POINT('Ctrl Pts',(-6.03933776439507,-7.46087082369217,
1.51));
#10947=CARTESIAN_POINT('Ctrl Pts',(-6.12845653348175,-7.5036686725847,1.51));
#10948=CARTESIAN_POINT('Ctrl Pts',(-6.18963437799546,-7.58118334577878,
1.51));
#10949=CARTESIAN_POINT('Ctrl Pts',(-6.219180957973,-7.61861999476776,1.51));
#10950=CARTESIAN_POINT('',(-5.99325998276472,-7.4387427135788,1.5));
#10951=CARTESIAN_POINT('Ctrl Pts',(-5.6629733607173,-7.37735127056465,1.5));
#10952=CARTESIAN_POINT('Ctrl Pts',(-5.6629733607173,-7.37735127056465,1.51));
#10953=CARTESIAN_POINT('Ctrl Pts',(-5.72133145154354,-7.37957117846392,
1.5));
#10954=CARTESIAN_POINT('Ctrl Pts',(-5.72133145154354,-7.37957117846392,
1.51));
#10955=CARTESIAN_POINT('Ctrl Pts',(-5.83448277668621,-7.38387538919014,
1.5));
#10956=CARTESIAN_POINT('Ctrl Pts',(-5.83448277668621,-7.38387538919014,
1.51));
#10957=CARTESIAN_POINT('Ctrl Pts',(-5.94145766963956,-7.42084181716855,
1.5));
#10958=CARTESIAN_POINT('Ctrl Pts',(-5.94145766963956,-7.42084181716855,
1.51));
#10959=CARTESIAN_POINT('Ctrl Pts',(-5.99325998276472,-7.4387427135788,1.5));
#10960=CARTESIAN_POINT('Ctrl Pts',(-5.99325998276472,-7.4387427135788,1.51));
#10961=CARTESIAN_POINT('',(-5.6629733607173,-7.37735127056465,1.51));
#10962=CARTESIAN_POINT('Ctrl Pts',(-5.6629733607173,-7.37735127056465,1.51));
#10963=CARTESIAN_POINT('Ctrl Pts',(-5.72133145154354,-7.37957117846392,
1.51));
#10964=CARTESIAN_POINT('Ctrl Pts',(-5.83448277668621,-7.38387538919014,
1.51));
#10965=CARTESIAN_POINT('Ctrl Pts',(-5.94145766963956,-7.42084181716855,
1.51));
#10966=CARTESIAN_POINT('Ctrl Pts',(-5.99325998276472,-7.4387427135788,1.51));
#10967=CARTESIAN_POINT('',(-5.6629733607173,-7.37735127056465,1.5));
#10968=CARTESIAN_POINT('Ctrl Pts',(-5.30997200459242,-7.44181235278473,
1.5));
#10969=CARTESIAN_POINT('Ctrl Pts',(-5.30997200459242,-7.44181235278473,
1.51));
#10970=CARTESIAN_POINT('Ctrl Pts',(-5.36436462138384,-7.42302311624955,
1.5));
#10971=CARTESIAN_POINT('Ctrl Pts',(-5.36436462138384,-7.42302311624955,
1.51));
#10972=CARTESIAN_POINT('Ctrl Pts',(-5.47865594441055,-7.38354263472568,
1.5));
#10973=CARTESIAN_POINT('Ctrl Pts',(-5.47865594441055,-7.38354263472568,
1.51));
#10974=CARTESIAN_POINT('Ctrl Pts',(-5.59959215101097,-7.37948029427886,
1.5));
#10975=CARTESIAN_POINT('Ctrl Pts',(-5.59959215101097,-7.37948029427886,
1.51));
#10976=CARTESIAN_POINT('Ctrl Pts',(-5.6629733607173,-7.37735127056465,1.5));
#10977=CARTESIAN_POINT('Ctrl Pts',(-5.6629733607173,-7.37735127056465,1.51));
#10978=CARTESIAN_POINT('',(-5.30997200459242,-7.44181235278473,1.51));
#10979=CARTESIAN_POINT('Ctrl Pts',(-5.30997200459242,-7.44181235278473,
1.51));
#10980=CARTESIAN_POINT('Ctrl Pts',(-5.36436462138384,-7.42302311624955,
1.51));
#10981=CARTESIAN_POINT('Ctrl Pts',(-5.47865594441055,-7.38354263472568,
1.51));
#10982=CARTESIAN_POINT('Ctrl Pts',(-5.59959215101097,-7.37948029427886,
1.51));
#10983=CARTESIAN_POINT('Ctrl Pts',(-5.6629733607173,-7.37735127056465,1.51));
#10984=CARTESIAN_POINT('',(-5.30997200459242,-7.44181235278473,1.5));
#10985=CARTESIAN_POINT('Ctrl Pts',(-5.07484240978956,-7.63151218140945,
1.5));
#10986=CARTESIAN_POINT('Ctrl Pts',(-5.07484240978956,-7.63151218140945,
1.51));
#10987=CARTESIAN_POINT('Ctrl Pts',(-5.10586516969791,-7.59202568642201,
1.5));
#10988=CARTESIAN_POINT('Ctrl Pts',(-5.10586516969791,-7.59202568642201,
1.51));
#10989=CARTESIAN_POINT('Ctrl Pts',(-5.16964235656262,-7.51084859009381,
1.5));
#10990=CARTESIAN_POINT('Ctrl Pts',(-5.16964235656262,-7.51084859009381,
1.51));
#10991=CARTESIAN_POINT('Ctrl Pts',(-5.26235633730726,-7.46523724233929,
1.5));
#10992=CARTESIAN_POINT('Ctrl Pts',(-5.26235633730726,-7.46523724233929,
1.51));
#10993=CARTESIAN_POINT('Ctrl Pts',(-5.30997200459242,-7.44181235278473,
1.5));
#10994=CARTESIAN_POINT('Ctrl Pts',(-5.30997200459242,-7.44181235278473,
1.51));
#10995=CARTESIAN_POINT('',(-5.07484240978956,-7.63151218140945,1.51));
#10996=CARTESIAN_POINT('Ctrl Pts',(-5.07484240978956,-7.63151218140945,
1.51));
#10997=CARTESIAN_POINT('Ctrl Pts',(-5.10586516969791,-7.59202568642201,
1.51));
#10998=CARTESIAN_POINT('Ctrl Pts',(-5.16964235656262,-7.51084859009381,
1.51));
#10999=CARTESIAN_POINT('Ctrl Pts',(-5.26235633730726,-7.46523724233929,
1.51));
#11000=CARTESIAN_POINT('Ctrl Pts',(-5.30997200459242,-7.44181235278473,
1.51));
#11001=CARTESIAN_POINT('',(-5.07484240978956,-7.63151218140945,1.5));
#11002=CARTESIAN_POINT('Ctrl Pts',(-4.98643858879805,-7.91514118159637,
1.5));
#11003=CARTESIAN_POINT('Ctrl Pts',(-4.98643858879805,-7.91514118159637,
1.51));
#11004=CARTESIAN_POINT('Ctrl Pts',(-4.99144842529605,-7.86404579217373,
1.5));
#11005=CARTESIAN_POINT('Ctrl Pts',(-4.99144842529605,-7.86404579217373,
1.51));
#11006=CARTESIAN_POINT('Ctrl Pts',(-5.00132143086495,-7.76335087637842,
1.5));
#11007=CARTESIAN_POINT('Ctrl Pts',(-5.00132143086495,-7.76335087637842,
1.51));
#11008=CARTESIAN_POINT('Ctrl Pts',(-5.05057933205685,-7.67502102134874,
1.5));
#11009=CARTESIAN_POINT('Ctrl Pts',(-5.05057933205685,-7.67502102134874,
1.51));
#11010=CARTESIAN_POINT('Ctrl Pts',(-5.07484240978956,-7.63151218140945,
1.5));
#11011=CARTESIAN_POINT('Ctrl Pts',(-5.07484240978956,-7.63151218140945,
1.51));
#11012=CARTESIAN_POINT('',(-4.98643858879805,-7.91514118159637,1.51));
#11013=CARTESIAN_POINT('Ctrl Pts',(-4.98643858879805,-7.91514118159637,
1.51));
#11014=CARTESIAN_POINT('Ctrl Pts',(-4.99144842529605,-7.86404579217373,
1.51));
#11015=CARTESIAN_POINT('Ctrl Pts',(-5.00132143086495,-7.76335087637842,
1.51));
#11016=CARTESIAN_POINT('Ctrl Pts',(-5.05057933205685,-7.67502102134874,
1.51));
#11017=CARTESIAN_POINT('Ctrl Pts',(-5.07484240978956,-7.63151218140945,
1.51));
#11018=CARTESIAN_POINT('',(-4.98643858879805,-7.91514118159637,1.5));
#11019=CARTESIAN_POINT('Origin',(-5.21481527537107,-7.93233086312637,1.5));
#11020=CARTESIAN_POINT('',(-5.21481527537107,-7.93233086312637,1.51));
#11021=CARTESIAN_POINT('',(-4.98643858879805,-7.91514118159637,1.51));
#11022=CARTESIAN_POINT('',(-5.21481527537107,-7.93233086312637,1.5));
#11023=CARTESIAN_POINT('Ctrl Pts',(-5.33943994492292,-7.67448638523445,
1.5));
#11024=CARTESIAN_POINT('Ctrl Pts',(-5.33943994492292,-7.67448638523445,
1.51));
#11025=CARTESIAN_POINT('Ctrl Pts',(-5.30755379044325,-7.70860716861397,
1.5));
#11026=CARTESIAN_POINT('Ctrl Pts',(-5.30755379044325,-7.70860716861397,
1.51));
#11027=CARTESIAN_POINT('Ctrl Pts',(-5.23956494352296,-7.78136077455506,
1.5));
#11028=CARTESIAN_POINT('Ctrl Pts',(-5.23956494352296,-7.78136077455506,
1.51));
#11029=CARTESIAN_POINT('Ctrl Pts',(-5.22339935110654,-7.87996900250939,
1.5));
#11030=CARTESIAN_POINT('Ctrl Pts',(-5.22339935110654,-7.87996900250939,
1.51));
#11031=CARTESIAN_POINT('Ctrl Pts',(-5.21481527537107,-7.93233086312637,
1.5));
#11032=CARTESIAN_POINT('Ctrl Pts',(-5.21481527537107,-7.93233086312637,
1.51));
#11033=CARTESIAN_POINT('',(-5.33943994492292,-7.67448638523445,1.51));
#11034=CARTESIAN_POINT('Ctrl Pts',(-5.33943994492292,-7.67448638523445,
1.51));
#11035=CARTESIAN_POINT('Ctrl Pts',(-5.30755379044325,-7.70860716861397,
1.51));
#11036=CARTESIAN_POINT('Ctrl Pts',(-5.23956494352296,-7.78136077455506,
1.51));
#11037=CARTESIAN_POINT('Ctrl Pts',(-5.22339935110654,-7.87996900250939,
1.51));
#11038=CARTESIAN_POINT('Ctrl Pts',(-5.21481527537107,-7.93233086312637,
1.51));
#11039=CARTESIAN_POINT('',(-5.33943994492292,-7.67448638523445,1.5));
#11040=CARTESIAN_POINT('Ctrl Pts',(-5.65315081328154,-7.5873102709137,1.5));
#11041=CARTESIAN_POINT('Ctrl Pts',(-5.65315081328154,-7.5873102709137,1.51));
#11042=CARTESIAN_POINT('Ctrl Pts',(-5.5907692523296,-7.58903253017751,1.5));
#11043=CARTESIAN_POINT('Ctrl Pts',(-5.5907692523296,-7.58903253017751,1.51));
#11044=CARTESIAN_POINT('Ctrl Pts',(-5.47844755419678,-7.59213356006815,
1.5));
#11045=CARTESIAN_POINT('Ctrl Pts',(-5.47844755419678,-7.59213356006815,
1.51));
#11046=CARTESIAN_POINT('Ctrl Pts',(-5.38222301256728,-7.64914024405414,
1.5));
#11047=CARTESIAN_POINT('Ctrl Pts',(-5.38222301256728,-7.64914024405414,
1.51));
#11048=CARTESIAN_POINT('Ctrl Pts',(-5.33943994492292,-7.67448638523445,
1.5));
#11049=CARTESIAN_POINT('Ctrl Pts',(-5.33943994492292,-7.67448638523445,
1.51));
#11050=CARTESIAN_POINT('',(-5.65315081328154,-7.5873102709137,1.51));
#11051=CARTESIAN_POINT('Ctrl Pts',(-5.65315081328154,-7.5873102709137,1.51));
#11052=CARTESIAN_POINT('Ctrl Pts',(-5.5907692523296,-7.58903253017751,1.51));
#11053=CARTESIAN_POINT('Ctrl Pts',(-5.47844755419678,-7.59213356006815,
1.51));
#11054=CARTESIAN_POINT('Ctrl Pts',(-5.38222301256728,-7.64914024405414,
1.51));
#11055=CARTESIAN_POINT('Ctrl Pts',(-5.33943994492292,-7.67448638523445,
1.51));
#11056=CARTESIAN_POINT('',(-5.65315081328154,-7.5873102709137,1.5));
#11057=CARTESIAN_POINT('Ctrl Pts',(-5.96808953732252,-7.66650547231064,
1.5));
#11058=CARTESIAN_POINT('Ctrl Pts',(-5.96808953732252,-7.66650547231064,
1.51));
#11059=CARTESIAN_POINT('Ctrl Pts',(-5.92625179764998,-7.64352273726056,
1.5));
#11060=CARTESIAN_POINT('Ctrl Pts',(-5.92625179764998,-7.64352273726056,
1.51));
#11061=CARTESIAN_POINT('Ctrl Pts',(-5.82877938509481,-7.58997819470205,
1.5));
#11062=CARTESIAN_POINT('Ctrl Pts',(-5.82877938509481,-7.58997819470205,
1.51));
#11063=CARTESIAN_POINT('Ctrl Pts',(-5.71696914091631,-7.58827971701618,
1.5));
#11064=CARTESIAN_POINT('Ctrl Pts',(-5.71696914091631,-7.58827971701618,
1.51));
#11065=CARTESIAN_POINT('Ctrl Pts',(-5.65315081328154,-7.5873102709137,1.5));
#11066=CARTESIAN_POINT('Ctrl Pts',(-5.65315081328154,-7.5873102709137,1.51));
#11067=CARTESIAN_POINT('',(-5.96808953732252,-7.66650547231064,1.51));
#11068=CARTESIAN_POINT('Ctrl Pts',(-5.96808953732252,-7.66650547231064,
1.51));
#11069=CARTESIAN_POINT('Ctrl Pts',(-5.92625179764998,-7.64352273726056,
1.51));
#11070=CARTESIAN_POINT('Ctrl Pts',(-5.82877938509481,-7.58997819470205,
1.51));
#11071=CARTESIAN_POINT('Ctrl Pts',(-5.71696914091631,-7.58827971701618,
1.51));
#11072=CARTESIAN_POINT('Ctrl Pts',(-5.65315081328154,-7.5873102709137,1.51));
#11073=CARTESIAN_POINT('',(-5.96808953732252,-7.66650547231064,1.5));
#11074=CARTESIAN_POINT('Ctrl Pts',(-6.06692983359098,-7.85743315661774,
1.5));
#11075=CARTESIAN_POINT('Ctrl Pts',(-6.06692983359098,-7.85743315661774,
1.51));
#11076=CARTESIAN_POINT('Ctrl Pts',(-6.06224352388951,-7.82110147407051,
1.5));
#11077=CARTESIAN_POINT('Ctrl Pts',(-6.06224352388951,-7.82110147407051,
1.51));
#11078=CARTESIAN_POINT('Ctrl Pts',(-6.05251688153851,-7.74569346549711,
1.5));
#11079=CARTESIAN_POINT('Ctrl Pts',(-6.05251688153851,-7.74569346549711,
1.51));
#11080=CARTESIAN_POINT('Ctrl Pts',(-5.99690667147146,-7.69353428677627,
1.5));
#11081=CARTESIAN_POINT('Ctrl Pts',(-5.99690667147146,-7.69353428677627,
1.51));
#11082=CARTESIAN_POINT('Ctrl Pts',(-5.96808953732252,-7.66650547231064,
1.5));
#11083=CARTESIAN_POINT('Ctrl Pts',(-5.96808953732252,-7.66650547231064,
1.51));
#11084=CARTESIAN_POINT('',(-6.06692983359098,-7.85743315661774,1.51));
#11085=CARTESIAN_POINT('Ctrl Pts',(-6.06692983359098,-7.85743315661774,
1.51));
#11086=CARTESIAN_POINT('Ctrl Pts',(-6.06224352388951,-7.82110147407051,
1.51));
#11087=CARTESIAN_POINT('Ctrl Pts',(-6.05251688153851,-7.74569346549711,
1.51));
#11088=CARTESIAN_POINT('Ctrl Pts',(-5.99690667147146,-7.69353428677627,
1.51));
#11089=CARTESIAN_POINT('Ctrl Pts',(-5.96808953732252,-7.66650547231064,
1.51));
#11090=CARTESIAN_POINT('',(-6.06692983359098,-7.85743315661774,1.5));
#11091=CARTESIAN_POINT('Ctrl Pts',(-5.99694354981184,-8.01705111707077,
1.5));
#11092=CARTESIAN_POINT('Ctrl Pts',(-5.99694354981184,-8.01705111707077,
1.51));
#11093=CARTESIAN_POINT('Ctrl Pts',(-6.01735568531301,-7.99459863015659,
1.5));
#11094=CARTESIAN_POINT('Ctrl Pts',(-6.01735568531301,-7.99459863015659,
1.51));
#11095=CARTESIAN_POINT('Ctrl Pts',(-6.05856076724472,-7.94927478039003,
1.5));
#11096=CARTESIAN_POINT('Ctrl Pts',(-6.05856076724472,-7.94927478039003,
1.51));
#11097=CARTESIAN_POINT('Ctrl Pts',(-6.0641230096837,-7.88823507102755,1.5));
#11098=CARTESIAN_POINT('Ctrl Pts',(-6.0641230096837,-7.88823507102755,1.51));
#11099=CARTESIAN_POINT('Ctrl Pts',(-6.06692983359098,-7.85743315661774,
1.5));
#11100=CARTESIAN_POINT('Ctrl Pts',(-6.06692983359098,-7.85743315661774,
1.51));
#11101=CARTESIAN_POINT('',(-5.99694354981184,-8.01705111707077,1.51));
#11102=CARTESIAN_POINT('Ctrl Pts',(-5.99694354981184,-8.01705111707077,
1.51));
#11103=CARTESIAN_POINT('Ctrl Pts',(-6.01735568531301,-7.99459863015659,
1.51));
#11104=CARTESIAN_POINT('Ctrl Pts',(-6.05856076724472,-7.94927478039003,
1.51));
#11105=CARTESIAN_POINT('Ctrl Pts',(-6.0641230096837,-7.88823507102755,1.51));
#11106=CARTESIAN_POINT('Ctrl Pts',(-6.06692983359098,-7.85743315661774,
1.51));
#11107=CARTESIAN_POINT('',(-5.99694354981184,-8.01705111707077,1.5));
#11108=CARTESIAN_POINT('Ctrl Pts',(-5.6378029152751,-8.14535950268135,1.5));
#11109=CARTESIAN_POINT('Ctrl Pts',(-5.6378029152751,-8.14535950268135,1.51));
#11110=CARTESIAN_POINT('Ctrl Pts',(-5.7180212510121,-8.12858800927582,1.5));
#11111=CARTESIAN_POINT('Ctrl Pts',(-5.7180212510121,-8.12858800927582,1.51));
#11112=CARTESIAN_POINT('Ctrl Pts',(-5.84411340219397,-8.10222553662406,
1.5));
#11113=CARTESIAN_POINT('Ctrl Pts',(-5.84411340219397,-8.10222553662406,
1.51));
#11114=CARTESIAN_POINT('Ctrl Pts',(-5.95617442482881,-8.03977233150555,
1.5));
#11115=CARTESIAN_POINT('Ctrl Pts',(-5.95617442482881,-8.03977233150555,
1.51));
#11116=CARTESIAN_POINT('Ctrl Pts',(-5.99694354981184,-8.01705111707077,
1.5));
#11117=CARTESIAN_POINT('Ctrl Pts',(-5.99694354981184,-8.01705111707077,
1.51));
#11118=CARTESIAN_POINT('',(-5.6378029152751,-8.14535950268135,1.51));
#11119=CARTESIAN_POINT('Ctrl Pts',(-5.6378029152751,-8.14535950268135,1.51));
#11120=CARTESIAN_POINT('Ctrl Pts',(-5.7180212510121,-8.12858800927582,1.51));
#11121=CARTESIAN_POINT('Ctrl Pts',(-5.84411340219397,-8.10222553662406,
1.51));
#11122=CARTESIAN_POINT('Ctrl Pts',(-5.95617442482881,-8.03977233150555,
1.51));
#11123=CARTESIAN_POINT('Ctrl Pts',(-5.99694354981184,-8.01705111707077,
1.51));
#11124=CARTESIAN_POINT('',(-5.6378029152751,-8.14535950268135,1.5));
#11125=CARTESIAN_POINT('Ctrl Pts',(-5.23937179297209,-8.26016162479744,
1.5));
#11126=CARTESIAN_POINT('Ctrl Pts',(-5.23937179297209,-8.26016162479744,
1.51));
#11127=CARTESIAN_POINT('Ctrl Pts',(-5.29031739108278,-8.24152049076613,
1.5));
#11128=CARTESIAN_POINT('Ctrl Pts',(-5.29031739108278,-8.24152049076613,
1.51));
#11129=CARTESIAN_POINT('Ctrl Pts',(-5.42034909247833,-8.19394153470468,
1.5));
#11130=CARTESIAN_POINT('Ctrl Pts',(-5.42034909247833,-8.19394153470468,
1.51));
#11131=CARTESIAN_POINT('Ctrl Pts',(-5.55556421964765,-8.16373270437145,
1.5));
#11132=CARTESIAN_POINT('Ctrl Pts',(-5.55556421964765,-8.16373270437145,
1.51));
#11133=CARTESIAN_POINT('Ctrl Pts',(-5.6378029152751,-8.14535950268135,1.5));
#11134=CARTESIAN_POINT('Ctrl Pts',(-5.6378029152751,-8.14535950268135,1.51));
#11135=CARTESIAN_POINT('',(-5.23937179297209,-8.26016162479744,1.51));
#11136=CARTESIAN_POINT('Ctrl Pts',(-5.23937179297209,-8.26016162479744,
1.51));
#11137=CARTESIAN_POINT('Ctrl Pts',(-5.29031739108278,-8.24152049076613,
1.51));
#11138=CARTESIAN_POINT('Ctrl Pts',(-5.42034909247833,-8.19394153470468,
1.51));
#11139=CARTESIAN_POINT('Ctrl Pts',(-5.55556421964765,-8.16373270437145,
1.51));
#11140=CARTESIAN_POINT('Ctrl Pts',(-5.6378029152751,-8.14535950268135,1.51));
#11141=CARTESIAN_POINT('',(-5.23937179297209,-8.26016162479744,1.5));
#11142=CARTESIAN_POINT('Ctrl Pts',(-5.00731183737516,-8.44372247303352,
1.5));
#11143=CARTESIAN_POINT('Ctrl Pts',(-5.00731183737516,-8.44372247303352,
1.51));
#11144=CARTESIAN_POINT('Ctrl Pts',(-5.03727302689736,-8.40759873584925,
1.5));
#11145=CARTESIAN_POINT('Ctrl Pts',(-5.03727302689736,-8.40759873584925,
1.51));
#11146=CARTESIAN_POINT('Ctrl Pts',(-5.10151268564327,-8.33014598492874,
1.5));
#11147=CARTESIAN_POINT('Ctrl Pts',(-5.10151268564327,-8.33014598492874,
1.51));
#11148=CARTESIAN_POINT('Ctrl Pts',(-5.19140499472723,-8.28451203405046,
1.5));
#11149=CARTESIAN_POINT('Ctrl Pts',(-5.19140499472723,-8.28451203405046,
1.51));
#11150=CARTESIAN_POINT('Ctrl Pts',(-5.23937179297209,-8.26016162479744,
1.5));
#11151=CARTESIAN_POINT('Ctrl Pts',(-5.23937179297209,-8.26016162479744,
1.51));
#11152=CARTESIAN_POINT('',(-5.00731183737516,-8.44372247303352,1.51));
#11153=CARTESIAN_POINT('Ctrl Pts',(-5.00731183737516,-8.44372247303352,
1.51));
#11154=CARTESIAN_POINT('Ctrl Pts',(-5.03727302689736,-8.40759873584925,
1.51));
#11155=CARTESIAN_POINT('Ctrl Pts',(-5.10151268564327,-8.33014598492874,
1.51));
#11156=CARTESIAN_POINT('Ctrl Pts',(-5.19140499472723,-8.28451203405046,
1.51));
#11157=CARTESIAN_POINT('Ctrl Pts',(-5.23937179297209,-8.26016162479744,
1.51));
#11158=CARTESIAN_POINT('',(-5.00731183737516,-8.44372247303352,1.5));
#11159=CARTESIAN_POINT('Ctrl Pts',(-4.93241413086653,-8.69972516740189,
1.5));
#11160=CARTESIAN_POINT('Ctrl Pts',(-4.93241413086653,-8.69972516740189,
1.51));
#11161=CARTESIAN_POINT('Ctrl Pts',(-4.93526646573763,-8.65324102496045,
1.5));
#11162=CARTESIAN_POINT('Ctrl Pts',(-4.93526646573763,-8.65324102496045,
1.51));
#11163=CARTESIAN_POINT('Ctrl Pts',(-4.94085468095322,-8.56217058484238,
1.5));
#11164=CARTESIAN_POINT('Ctrl Pts',(-4.94085468095322,-8.56217058484238,
1.51));
#11165=CARTESIAN_POINT('Ctrl Pts',(-4.98546936491754,-8.48265281190351,
1.5));
#11166=CARTESIAN_POINT('Ctrl Pts',(-4.98546936491754,-8.48265281190351,
1.51));
#11167=CARTESIAN_POINT('Ctrl Pts',(-5.00731183737516,-8.44372247303352,
1.5));
#11168=CARTESIAN_POINT('Ctrl Pts',(-5.00731183737516,-8.44372247303352,
1.51));
#11169=CARTESIAN_POINT('',(-4.93241413086653,-8.69972516740189,1.51));
#11170=CARTESIAN_POINT('Ctrl Pts',(-4.93241413086653,-8.69972516740189,
1.51));
#11171=CARTESIAN_POINT('Ctrl Pts',(-4.93526646573763,-8.65324102496045,
1.51));
#11172=CARTESIAN_POINT('Ctrl Pts',(-4.94085468095322,-8.56217058484238,
1.51));
#11173=CARTESIAN_POINT('Ctrl Pts',(-4.98546936491754,-8.48265281190351,
1.51));
#11174=CARTESIAN_POINT('Ctrl Pts',(-5.00731183737516,-8.44372247303352,
1.51));
#11175=CARTESIAN_POINT('',(-4.93241413086653,-8.69972516740189,1.5));
#11176=CARTESIAN_POINT('Ctrl Pts',(-5.01467867344618,-8.9704618319355,1.5));
#11177=CARTESIAN_POINT('Ctrl Pts',(-5.01467867344618,-8.9704618319355,1.51));
#11178=CARTESIAN_POINT('Ctrl Pts',(-4.99068627337757,-8.92775377454751,
1.5));
#11179=CARTESIAN_POINT('Ctrl Pts',(-4.99068627337757,-8.92775377454751,
1.51));
#11180=CARTESIAN_POINT('Ctrl Pts',(-4.94336086163538,-8.84351141468287,
1.5));
#11181=CARTESIAN_POINT('Ctrl Pts',(-4.94336086163538,-8.84351141468287,
1.51));
#11182=CARTESIAN_POINT('Ctrl Pts',(-4.93602898928637,-8.74720664270408,
1.5));
#11183=CARTESIAN_POINT('Ctrl Pts',(-4.93602898928637,-8.74720664270408,
1.51));
#11184=CARTESIAN_POINT('Ctrl Pts',(-4.93241413086653,-8.69972516740189,
1.5));
#11185=CARTESIAN_POINT('Ctrl Pts',(-4.93241413086653,-8.69972516740189,
1.51));
#11186=CARTESIAN_POINT('',(-5.01467867344618,-8.9704618319355,1.51));
#11187=CARTESIAN_POINT('Ctrl Pts',(-5.01467867344618,-8.9704618319355,1.51));
#11188=CARTESIAN_POINT('Ctrl Pts',(-4.99068627337757,-8.92775377454751,
1.51));
#11189=CARTESIAN_POINT('Ctrl Pts',(-4.94336086163538,-8.84351141468287,
1.51));
#11190=CARTESIAN_POINT('Ctrl Pts',(-4.93602898928637,-8.74720664270408,
1.51));
#11191=CARTESIAN_POINT('Ctrl Pts',(-4.93241413086653,-8.69972516740189,
1.51));
#11192=CARTESIAN_POINT('',(-5.01467867344618,-8.9704618319355,1.5));
#11193=CARTESIAN_POINT('Ctrl Pts',(-5.25103612393141,-9.16814272249565,
1.5));
#11194=CARTESIAN_POINT('Ctrl Pts',(-5.25103612393141,-9.16814272249565,
1.51));
#11195=CARTESIAN_POINT('Ctrl Pts',(-5.20310663594366,-9.14292566565918,
1.5));
#11196=CARTESIAN_POINT('Ctrl Pts',(-5.20310663594366,-9.14292566565918,
1.51));
#11197=CARTESIAN_POINT('Ctrl Pts',(-5.11003765126324,-9.09395944517717,
1.5));
#11198=CARTESIAN_POINT('Ctrl Pts',(-5.11003765126324,-9.09395944517717,
1.51));
#11199=CARTESIAN_POINT('Ctrl Pts',(-5.04582333418643,-9.01079669452202,
1.5));
#11200=CARTESIAN_POINT('Ctrl Pts',(-5.04582333418643,-9.01079669452202,
1.51));
#11201=CARTESIAN_POINT('Ctrl Pts',(-5.01467867344618,-8.9704618319355,1.5));
#11202=CARTESIAN_POINT('Ctrl Pts',(-5.01467867344618,-8.9704618319355,1.51));
#11203=CARTESIAN_POINT('',(-5.25103612393141,-9.16814272249565,1.51));
#11204=CARTESIAN_POINT('Ctrl Pts',(-5.25103612393141,-9.16814272249565,
1.51));
#11205=CARTESIAN_POINT('Ctrl Pts',(-5.20310663594366,-9.14292566565918,
1.51));
#11206=CARTESIAN_POINT('Ctrl Pts',(-5.11003765126324,-9.09395944517717,
1.51));
#11207=CARTESIAN_POINT('Ctrl Pts',(-5.04582333418643,-9.01079669452202,
1.51));
#11208=CARTESIAN_POINT('Ctrl Pts',(-5.01467867344618,-8.9704618319355,1.51));
#11209=CARTESIAN_POINT('',(-5.25103612393141,-9.16814272249565,1.5));
#11210=CARTESIAN_POINT('Ctrl Pts',(-5.59789849966764,-9.23874293411598,
1.5));
#11211=CARTESIAN_POINT('Ctrl Pts',(-5.59789849966764,-9.23874293411598,
1.51));
#11212=CARTESIAN_POINT('Ctrl Pts',(-5.53616990550107,-9.23621267108235,
1.5));
#11213=CARTESIAN_POINT('Ctrl Pts',(-5.53616990550107,-9.23621267108235,
1.51));
#11214=CARTESIAN_POINT('Ctrl Pts',(-5.4166857789721,-9.23131500133069,1.5));
#11215=CARTESIAN_POINT('Ctrl Pts',(-5.4166857789721,-9.23131500133069,1.51));
#11216=CARTESIAN_POINT('Ctrl Pts',(-5.30501492344144,-9.18872811866198,
1.5));
#11217=CARTESIAN_POINT('Ctrl Pts',(-5.30501492344144,-9.18872811866198,
1.51));
#11218=CARTESIAN_POINT('Ctrl Pts',(-5.25103612393141,-9.16814272249565,
1.5));
#11219=CARTESIAN_POINT('Ctrl Pts',(-5.25103612393141,-9.16814272249565,
1.51));
#11220=CARTESIAN_POINT('',(-5.59789849966764,-9.23874293411598,1.51));
#11221=CARTESIAN_POINT('Ctrl Pts',(-5.59789849966764,-9.23874293411598,
1.51));
#11222=CARTESIAN_POINT('Ctrl Pts',(-5.53616990550107,-9.23621267108235,
1.51));
#11223=CARTESIAN_POINT('Ctrl Pts',(-5.4166857789721,-9.23131500133069,1.51));
#11224=CARTESIAN_POINT('Ctrl Pts',(-5.30501492344144,-9.18872811866198,
1.51));
#11225=CARTESIAN_POINT('Ctrl Pts',(-5.25103612393141,-9.16814272249565,
1.51));
#11226=CARTESIAN_POINT('',(-5.59789849966764,-9.23874293411598,1.5));
#11227=CARTESIAN_POINT('Ctrl Pts',(-6.00738002508879,-9.16752879465447,
1.5));
#11228=CARTESIAN_POINT('Ctrl Pts',(-6.00738002508879,-9.16752879465447,
1.51));
#11229=CARTESIAN_POINT('Ctrl Pts',(-5.94626688483776,-9.1882657387016,1.5));
#11230=CARTESIAN_POINT('Ctrl Pts',(-5.94626688483776,-9.1882657387016,1.51));
#11231=CARTESIAN_POINT('Ctrl Pts',(-5.81364526650948,-9.23326697849091,
1.5));
#11232=CARTESIAN_POINT('Ctrl Pts',(-5.81364526650948,-9.23326697849091,
1.51));
#11233=CARTESIAN_POINT('Ctrl Pts',(-5.6734763944446,-9.23682466111429,1.5));
#11234=CARTESIAN_POINT('Ctrl Pts',(-5.6734763944446,-9.23682466111429,1.51));
#11235=CARTESIAN_POINT('Ctrl Pts',(-5.59789849966764,-9.23874293411598,
1.5));
#11236=CARTESIAN_POINT('Ctrl Pts',(-5.59789849966764,-9.23874293411598,
1.51));
#11237=CARTESIAN_POINT('',(-6.00738002508879,-9.16752879465447,1.51));
#11238=CARTESIAN_POINT('Ctrl Pts',(-6.00738002508879,-9.16752879465447,
1.51));
#11239=CARTESIAN_POINT('Ctrl Pts',(-5.94626688483776,-9.1882657387016,1.51));
#11240=CARTESIAN_POINT('Ctrl Pts',(-5.81364526650948,-9.23326697849091,
1.51));
#11241=CARTESIAN_POINT('Ctrl Pts',(-5.6734763944446,-9.23682466111429,1.51));
#11242=CARTESIAN_POINT('Ctrl Pts',(-5.59789849966764,-9.23874293411598,
1.51));
#11243=CARTESIAN_POINT('',(-6.00738002508879,-9.16752879465447,1.5));
#11244=CARTESIAN_POINT('Ctrl Pts',(-6.26645235866308,-8.9532721504055,1.5));
#11245=CARTESIAN_POINT('Ctrl Pts',(-6.26645235866308,-8.9532721504055,1.51));
#11246=CARTESIAN_POINT('Ctrl Pts',(-6.23181950379539,-8.99811213215486,
1.5));
#11247=CARTESIAN_POINT('Ctrl Pts',(-6.23181950379539,-8.99811213215486,
1.51));
#11248=CARTESIAN_POINT('Ctrl Pts',(-6.16162446280732,-9.08899532295232,
1.5));
#11249=CARTESIAN_POINT('Ctrl Pts',(-6.16162446280732,-9.08899532295232,
1.51));
#11250=CARTESIAN_POINT('Ctrl Pts',(-6.05924664028053,-9.14112093569569,
1.5));
#11251=CARTESIAN_POINT('Ctrl Pts',(-6.05924664028053,-9.14112093569569,
1.51));
#11252=CARTESIAN_POINT('Ctrl Pts',(-6.00738002508879,-9.16752879465447,
1.5));
#11253=CARTESIAN_POINT('Ctrl Pts',(-6.00738002508879,-9.16752879465447,
1.51));
#11254=CARTESIAN_POINT('',(-6.26645235866308,-8.9532721504055,1.51));
#11255=CARTESIAN_POINT('Ctrl Pts',(-6.26645235866308,-8.9532721504055,1.51));
#11256=CARTESIAN_POINT('Ctrl Pts',(-6.23181950379539,-8.99811213215486,
1.51));
#11257=CARTESIAN_POINT('Ctrl Pts',(-6.16162446280732,-9.08899532295232,
1.51));
#11258=CARTESIAN_POINT('Ctrl Pts',(-6.05924664028053,-9.14112093569569,
1.51));
#11259=CARTESIAN_POINT('Ctrl Pts',(-6.00738002508879,-9.16752879465447,
1.51));
#11260=CARTESIAN_POINT('',(-6.26645235866308,-8.9532721504055,1.5));
#11261=CARTESIAN_POINT('Ctrl Pts',(-6.36529280394316,-8.62973873461113,
1.5));
#11262=CARTESIAN_POINT('Ctrl Pts',(-6.36529280394316,-8.62973873461113,
1.51));
#11263=CARTESIAN_POINT('Ctrl Pts',(-6.36017388497532,-8.68799298281182,
1.5));
#11264=CARTESIAN_POINT('Ctrl Pts',(-6.36017388497532,-8.68799298281182,
1.51));
#11265=CARTESIAN_POINT('Ctrl Pts',(-6.35007946305973,-8.80286937827875,
1.5));
#11266=CARTESIAN_POINT('Ctrl Pts',(-6.35007946305973,-8.80286937827875,
1.51));
#11267=CARTESIAN_POINT('Ctrl Pts',(-6.29406277531813,-8.90361500593716,
1.5));
#11268=CARTESIAN_POINT('Ctrl Pts',(-6.29406277531813,-8.90361500593716,
1.51));
#11269=CARTESIAN_POINT('Ctrl Pts',(-6.26645235866308,-8.9532721504055,1.5));
#11270=CARTESIAN_POINT('Ctrl Pts',(-6.26645235866308,-8.9532721504055,1.51));
#11271=CARTESIAN_POINT('Ctrl Pts',(-6.36529280394316,-8.62973873461113,
1.51));
#11272=CARTESIAN_POINT('Ctrl Pts',(-6.36017388497532,-8.68799298281182,
1.51));
#11273=CARTESIAN_POINT('Ctrl Pts',(-6.35007946305973,-8.80286937827875,
1.51));
#11274=CARTESIAN_POINT('Ctrl Pts',(-6.29406277531813,-8.90361500593716,
1.51));
#11275=CARTESIAN_POINT('Ctrl Pts',(-6.26645235866308,-8.9532721504055,1.51));
#11276=CARTESIAN_POINT('Origin',(-5.64885346740484,-8.30804710234032,1.51));
#11277=CARTESIAN_POINT('Origin',(1.8531910251826,-5.93465172946453,1.5));
#11278=CARTESIAN_POINT('',(1.97597420923411,-5.93465172946453,1.51));
#11279=CARTESIAN_POINT('',(1.97597420923411,-5.93465172946453,1.5));
#11280=CARTESIAN_POINT('',(1.8531910251826,-5.93465172946453,1.51));
#11281=CARTESIAN_POINT('',(1.97597420923411,-5.93465172946453,1.51));
#11282=CARTESIAN_POINT('',(1.8531910251826,-5.93465172946453,1.5));
#11283=CARTESIAN_POINT('Origin',(1.8531910251826,-5.1522506147623,1.5));
#11284=CARTESIAN_POINT('',(1.8531910251826,-5.1522506147623,1.51));
#11285=CARTESIAN_POINT('',(1.8531910251826,-5.93465172946453,1.51));
#11286=CARTESIAN_POINT('',(1.8531910251826,-5.1522506147623,1.5));
#11287=CARTESIAN_POINT('Ctrl Pts',(1.73688805811107,-5.23683452308178,1.5));
#11288=CARTESIAN_POINT('Ctrl Pts',(1.73688805811107,-5.23683452308178,1.51));
#11289=CARTESIAN_POINT('Ctrl Pts',(1.75904193956333,-5.22337461578362,1.5));
#11290=CARTESIAN_POINT('Ctrl Pts',(1.75904193956333,-5.22337461578362,1.51));
#11291=CARTESIAN_POINT('Ctrl Pts',(1.8001654230315,-5.19838945566836,1.5));
#11292=CARTESIAN_POINT('Ctrl Pts',(1.8001654230315,-5.19838945566836,1.51));
#11293=CARTESIAN_POINT('Ctrl Pts',(1.83645241771458,-5.16681527627723,1.5));
#11294=CARTESIAN_POINT('Ctrl Pts',(1.83645241771458,-5.16681527627723,1.51));
#11295=CARTESIAN_POINT('Ctrl Pts',(1.8531910251826,-5.1522506147623,1.5));
#11296=CARTESIAN_POINT('Ctrl Pts',(1.8531910251826,-5.1522506147623,1.51));
#11297=CARTESIAN_POINT('',(1.73688805811107,-5.23683452308178,1.51));
#11298=CARTESIAN_POINT('Ctrl Pts',(1.73688805811107,-5.23683452308178,1.51));
#11299=CARTESIAN_POINT('Ctrl Pts',(1.75904193956333,-5.22337461578362,1.51));
#11300=CARTESIAN_POINT('Ctrl Pts',(1.8001654230315,-5.19838945566836,1.51));
#11301=CARTESIAN_POINT('Ctrl Pts',(1.83645241771458,-5.16681527627723,1.51));
#11302=CARTESIAN_POINT('Ctrl Pts',(1.8531910251826,-5.1522506147623,1.51));
#11303=CARTESIAN_POINT('',(1.73688805811107,-5.23683452308178,1.5));
#11304=CARTESIAN_POINT('Ctrl Pts',(1.6076249551028,-5.30027249157429,1.5));
#11305=CARTESIAN_POINT('Ctrl Pts',(1.6076249551028,-5.30027249157429,1.51));
#11306=CARTESIAN_POINT('Ctrl Pts',(1.62814192813013,-5.29186299171724,1.5));
#11307=CARTESIAN_POINT('Ctrl Pts',(1.62814192813013,-5.29186299171724,1.51));
#11308=CARTESIAN_POINT('Ctrl Pts',(1.67264339028119,-5.27362272600655,1.5));
#11309=CARTESIAN_POINT('Ctrl Pts',(1.67264339028119,-5.27362272600655,1.51));
#11310=CARTESIAN_POINT('Ctrl Pts',(1.7143889103568,-5.24971813258864,1.5));
#11311=CARTESIAN_POINT('Ctrl Pts',(1.7143889103568,-5.24971813258864,1.51));
#11312=CARTESIAN_POINT('Ctrl Pts',(1.73688805811107,-5.23683452308178,1.5));
#11313=CARTESIAN_POINT('Ctrl Pts',(1.73688805811107,-5.23683452308178,1.51));
#11314=CARTESIAN_POINT('',(1.6076249551028,-5.30027249157429,1.51));
#11315=CARTESIAN_POINT('Ctrl Pts',(1.6076249551028,-5.30027249157429,1.51));
#11316=CARTESIAN_POINT('Ctrl Pts',(1.62814192813013,-5.29186299171724,1.51));
#11317=CARTESIAN_POINT('Ctrl Pts',(1.67264339028119,-5.27362272600655,1.51));
#11318=CARTESIAN_POINT('Ctrl Pts',(1.7143889103568,-5.24971813258864,1.51));
#11319=CARTESIAN_POINT('Ctrl Pts',(1.73688805811107,-5.23683452308178,1.51));
#11320=CARTESIAN_POINT('',(1.6076249551028,-5.30027249157429,1.5));
#11321=CARTESIAN_POINT('Origin',(1.6076249551028,-5.18158213496208,1.5));
#11322=CARTESIAN_POINT('',(1.6076249551028,-5.18158213496208,1.51));
#11323=CARTESIAN_POINT('',(1.6076249551028,-5.30027249157429,1.51));
#11324=CARTESIAN_POINT('',(1.6076249551028,-5.18158213496208,1.5));
#11325=CARTESIAN_POINT('Ctrl Pts',(1.78770668022334,-5.06425612866878,1.5));
#11326=CARTESIAN_POINT('Ctrl Pts',(1.78770668022334,-5.06425612866878,1.51));
#11327=CARTESIAN_POINT('Ctrl Pts',(1.76053287710059,-5.0865550493363,1.5));
#11328=CARTESIAN_POINT('Ctrl Pts',(1.76053287710059,-5.0865550493363,1.51));
#11329=CARTESIAN_POINT('Ctrl Pts',(1.70482559497323,-5.13226864559478,1.5));
#11330=CARTESIAN_POINT('Ctrl Pts',(1.70482559497323,-5.13226864559478,1.51));
#11331=CARTESIAN_POINT('Ctrl Pts',(1.6405481193728,-5.16487899274686,1.5));
#11332=CARTESIAN_POINT('Ctrl Pts',(1.6405481193728,-5.16487899274686,1.51));
#11333=CARTESIAN_POINT('Ctrl Pts',(1.6076249551028,-5.18158213496208,1.5));
#11334=CARTESIAN_POINT('Ctrl Pts',(1.6076249551028,-5.18158213496208,1.51));
#11335=CARTESIAN_POINT('',(1.78770668022334,-5.06425612866878,1.51));
#11336=CARTESIAN_POINT('Ctrl Pts',(1.78770668022334,-5.06425612866878,1.51));
#11337=CARTESIAN_POINT('Ctrl Pts',(1.76053287710059,-5.0865550493363,1.51));
#11338=CARTESIAN_POINT('Ctrl Pts',(1.70482559497323,-5.13226864559478,1.51));
#11339=CARTESIAN_POINT('Ctrl Pts',(1.6405481193728,-5.16487899274686,1.51));
#11340=CARTESIAN_POINT('Ctrl Pts',(1.6076249551028,-5.18158213496208,1.51));
#11341=CARTESIAN_POINT('',(1.78770668022334,-5.06425612866878,1.5));
#11342=CARTESIAN_POINT('Ctrl Pts',(1.89684725515544,-4.93055896162987,1.5));
#11343=CARTESIAN_POINT('Ctrl Pts',(1.89684725515544,-4.93055896162987,1.51));
#11344=CARTESIAN_POINT('Ctrl Pts',(1.88328343674627,-4.95320231271378,1.5));
#11345=CARTESIAN_POINT('Ctrl Pts',(1.88328343674627,-4.95320231271378,1.51));
#11346=CARTESIAN_POINT('Ctrl Pts',(1.85344457127689,-5.00301512252787,1.5));
#11347=CARTESIAN_POINT('Ctrl Pts',(1.85344457127689,-5.00301512252787,1.51));
#11348=CARTESIAN_POINT('Ctrl Pts',(1.81090764522168,-5.04264225549508,1.5));
#11349=CARTESIAN_POINT('Ctrl Pts',(1.81090764522168,-5.04264225549508,1.51));
#11350=CARTESIAN_POINT('Ctrl Pts',(1.78770668022334,-5.06425612866878,1.5));
#11351=CARTESIAN_POINT('Ctrl Pts',(1.78770668022334,-5.06425612866878,1.51));
#11352=CARTESIAN_POINT('',(1.89684725515544,-4.93055896162987,1.51));
#11353=CARTESIAN_POINT('Ctrl Pts',(1.89684725515544,-4.93055896162987,1.51));
#11354=CARTESIAN_POINT('Ctrl Pts',(1.88328343674627,-4.95320231271378,1.51));
#11355=CARTESIAN_POINT('Ctrl Pts',(1.85344457127689,-5.00301512252787,1.51));
#11356=CARTESIAN_POINT('Ctrl Pts',(1.81090764522168,-5.04264225549508,1.51));
#11357=CARTESIAN_POINT('Ctrl Pts',(1.78770668022334,-5.06425612866878,1.51));
#11358=CARTESIAN_POINT('',(1.89684725515544,-4.93055896162987,1.5));
#11359=CARTESIAN_POINT('Origin',(1.97597420923411,-4.93055896162987,1.5));
#11360=CARTESIAN_POINT('',(1.97597420923411,-4.93055896162987,1.51));
#11361=CARTESIAN_POINT('',(1.89684725515544,-4.93055896162987,1.51));
#11362=CARTESIAN_POINT('',(1.97597420923411,-4.93055896162987,1.5));
#11363=CARTESIAN_POINT('Origin',(1.97597420923411,-5.93465172946453,1.5));
#11364=CARTESIAN_POINT('',(1.97597420923411,-4.93055896162987,1.51));
#11365=CARTESIAN_POINT('Origin',(1.26621973849833,-5.4326053455472,1.51));
#11366=CARTESIAN_POINT('Origin',(-0.573783882335556,7.17728713452816,1.5));
#11367=CARTESIAN_POINT('',(-0.573783882335556,6.17728719413281,1.51));
#11368=CARTESIAN_POINT('',(-0.573783882335556,6.17728719413281,1.5));
#11369=CARTESIAN_POINT('',(-0.573783882335556,7.17728713452816,1.51));
#11370=CARTESIAN_POINT('',(-0.573783882335556,6.17728719413281,1.51));
#11371=CARTESIAN_POINT('',(-0.573783882335556,7.17728713452816,1.5));
#11372=CARTESIAN_POINT('Origin',(-0.441450991109741,7.17728713452816,1.5));
#11373=CARTESIAN_POINT('',(-0.441450991109741,7.17728713452816,1.51));
#11374=CARTESIAN_POINT('',(-0.573783882335556,7.17728713452816,1.51));
#11375=CARTESIAN_POINT('',(-0.441450991109741,7.17728713452816,1.5));
#11376=CARTESIAN_POINT('Origin',(-0.441450991109741,6.17728719413281,1.5));
#11377=CARTESIAN_POINT('',(-0.441450991109741,6.17728719413281,1.51));
#11378=CARTESIAN_POINT('',(-0.441450991109741,7.17728713452816,1.51));
#11379=CARTESIAN_POINT('',(-0.441450991109741,6.17728719413281,1.5));
#11380=CARTESIAN_POINT('Origin',(-0.573783882335556,6.17728719413281,1.5));
#11381=CARTESIAN_POINT('',(-0.441450991109741,6.17728719413281,1.51));
#11382=CARTESIAN_POINT('Origin',(-0.0154619593180544,7.44911527186632,1.51));
#11383=CARTESIAN_POINT('Origin',(0.115506879612076,8.148637804389,1.5));
#11384=CARTESIAN_POINT('',(-0.223510928825272,8.148637804389,1.5));
#11385=CARTESIAN_POINT('',(0.115506879612076,8.148637804389,1.5));
#11386=CARTESIAN_POINT('',(0.0577534398060378,8.148637804389,1.5));
#11387=CARTESIAN_POINT('',(-0.223510928825272,8.148637804389,1.51));
#11388=CARTESIAN_POINT('',(-0.223510928825272,8.148637804389,1.5));
#11389=CARTESIAN_POINT('',(0.115506879612076,8.148637804389,1.51));
#11390=CARTESIAN_POINT('',(-0.223510928825272,8.148637804389,1.51));
#11391=CARTESIAN_POINT('',(0.115506879612076,8.148637804389,1.5));
#11392=CARTESIAN_POINT('Origin',(0.0111412327729338,8.42558184564114,1.5));
#11393=CARTESIAN_POINT('',(0.0111412327729338,8.42558184564114,1.5));
#11394=CARTESIAN_POINT('',(1.40060608061807,4.73850643534724,1.5));
#11395=CARTESIAN_POINT('',(0.0111412327729338,8.42558184564114,1.51));
#11396=CARTESIAN_POINT('',(0.115506879612076,8.148637804389,1.51));
#11397=CARTESIAN_POINT('',(0.0111412327729338,8.42558184564114,1.5));
#11398=CARTESIAN_POINT('Ctrl Pts',(-0.0598002154387361,8.63294878900051,
1.5));
#11399=CARTESIAN_POINT('Ctrl Pts',(-0.0598002154387361,8.63294878900051,
1.51));
#11400=CARTESIAN_POINT('Ctrl Pts',(-0.0502940577708424,8.60204730368665,
1.5));
#11401=CARTESIAN_POINT('Ctrl Pts',(-0.0502940577708424,8.60204730368665,
1.51));
#11402=CARTESIAN_POINT('Ctrl Pts',(-0.0288047270182326,8.53219234631524,
1.5));
#11403=CARTESIAN_POINT('Ctrl Pts',(-0.0288047270182326,8.53219234631524,
1.51));
#11404=CARTESIAN_POINT('Ctrl Pts',(-0.00315944077509261,8.46374845810714,
1.5));
#11405=CARTESIAN_POINT('Ctrl Pts',(-0.00315944077509261,8.46374845810714,
1.51));
#11406=CARTESIAN_POINT('Ctrl Pts',(0.0111412327729338,8.42558184564114,
1.5));
#11407=CARTESIAN_POINT('Ctrl Pts',(0.0111412327729338,8.42558184564114,
1.51));
#11408=CARTESIAN_POINT('',(-0.0598002154387361,8.63294878900051,1.5));
#11409=CARTESIAN_POINT('Ctrl Pts',(0.0111412327729338,8.42558184564114,
1.5));
#11410=CARTESIAN_POINT('Ctrl Pts',(-0.00315944077509261,8.46374845810714,
1.5));
#11411=CARTESIAN_POINT('Ctrl Pts',(-0.0288047270182326,8.53219234631524,
1.5));
#11412=CARTESIAN_POINT('Ctrl Pts',(-0.0502940577708424,8.60204730368665,
1.5));
#11413=CARTESIAN_POINT('Ctrl Pts',(-0.0598002154387361,8.63294878900051,
1.5));
#11414=CARTESIAN_POINT('',(-0.0598002154387361,8.63294878900051,1.51));
#11415=CARTESIAN_POINT('Ctrl Pts',(-0.0598002154387361,8.63294878900051,
1.51));
#11416=CARTESIAN_POINT('Ctrl Pts',(-0.0502940577708424,8.60204730368665,
1.51));
#11417=CARTESIAN_POINT('Ctrl Pts',(-0.0288047270182326,8.53219234631524,
1.51));
#11418=CARTESIAN_POINT('Ctrl Pts',(-0.00315944077509261,8.46374845810714,
1.51));
#11419=CARTESIAN_POINT('Ctrl Pts',(0.0111412327729338,8.42558184564114,
1.51));
#11420=CARTESIAN_POINT('',(-0.0598002154387361,8.63294878900051,1.5));
#11421=CARTESIAN_POINT('Ctrl Pts',(-0.113688327745331,8.44195285737515,
1.5));
#11422=CARTESIAN_POINT('Ctrl Pts',(-0.113688327745331,8.44195285737515,
1.51));
#11423=CARTESIAN_POINT('Ctrl Pts',(-0.102769896564774,8.47349435469559,
1.5));
#11424=CARTESIAN_POINT('Ctrl Pts',(-0.102769896564774,8.47349435469559,
1.51));
#11425=CARTESIAN_POINT('Ctrl Pts',(-0.0810937391892963,8.53611309986787,
1.5));
#11426=CARTESIAN_POINT('Ctrl Pts',(-0.0810937391892963,8.53611309986787,
1.51));
#11427=CARTESIAN_POINT('Ctrl Pts',(-0.0668628879594776,8.60083016135223,
1.5));
#11428=CARTESIAN_POINT('Ctrl Pts',(-0.0668628879594776,8.60083016135223,
1.51));
#11429=CARTESIAN_POINT('Ctrl Pts',(-0.0598002154387361,8.63294878900051,
1.5));
#11430=CARTESIAN_POINT('Ctrl Pts',(-0.0598002154387361,8.63294878900051,
1.51));
#11431=CARTESIAN_POINT('',(-0.113688327745331,8.44195285737515,1.5));
#11432=CARTESIAN_POINT('Ctrl Pts',(-0.0598002154387361,8.63294878900051,
1.5));
#11433=CARTESIAN_POINT('Ctrl Pts',(-0.0668628879594776,8.60083016135223,
1.5));
#11434=CARTESIAN_POINT('Ctrl Pts',(-0.0810937391892963,8.53611309986787,
1.5));
#11435=CARTESIAN_POINT('Ctrl Pts',(-0.102769896564774,8.47349435469559,
1.5));
#11436=CARTESIAN_POINT('Ctrl Pts',(-0.113688327745331,8.44195285737515,
1.5));
#11437=CARTESIAN_POINT('',(-0.113688327745331,8.44195285737515,1.51));
#11438=CARTESIAN_POINT('Ctrl Pts',(-0.113688327745331,8.44195285737515,
1.51));
#11439=CARTESIAN_POINT('Ctrl Pts',(-0.102769896564774,8.47349435469559,
1.51));
#11440=CARTESIAN_POINT('Ctrl Pts',(-0.0810937391892963,8.53611309986787,
1.51));
#11441=CARTESIAN_POINT('Ctrl Pts',(-0.0668628879594776,8.60083016135223,
1.51));
#11442=CARTESIAN_POINT('Ctrl Pts',(-0.0598002154387361,8.63294878900051,
1.51));
#11443=CARTESIAN_POINT('',(-0.113688327745331,8.44195285737515,1.5));
#11444=CARTESIAN_POINT('Origin',(-0.223510928825272,8.148637804389,1.5));
#11445=CARTESIAN_POINT('',(-1.54770663006525,4.61196567630395,1.5));
#11446=CARTESIAN_POINT('',(-0.113688327745331,8.44195285737515,1.51));
#11447=CARTESIAN_POINT('Origin',(-0.128012963012589,8.7379965364933,1.5));
#11448=CARTESIAN_POINT('',(-0.512051202730072,7.73799652159214,1.51));
#11449=CARTESIAN_POINT('',(-0.512051202730072,7.73799652159214,1.5));
#11450=CARTESIAN_POINT('',(-0.128012963012589,8.7379965364933,1.51));
#11451=CARTESIAN_POINT('',(-0.512051202730072,7.73799652159214,1.51));
#11452=CARTESIAN_POINT('',(-0.128012963012589,8.7379965364933,1.5));
#11453=CARTESIAN_POINT('Origin',(0.0145518105469816,8.7379965364933,1.5));
#11454=CARTESIAN_POINT('',(0.0145518105469816,8.7379965364933,1.51));
#11455=CARTESIAN_POINT('',(-0.128012963012589,8.7379965364933,1.51));
#11456=CARTESIAN_POINT('',(0.0145518105469816,8.7379965364933,1.5));
#11457=CARTESIAN_POINT('Origin',(0.423828743024933,7.73799652159214,1.5));
#11458=CARTESIAN_POINT('',(0.423828743024933,7.73799652159214,1.51));
#11459=CARTESIAN_POINT('',(0.0145518105469816,8.7379965364933,1.51));
#11460=CARTESIAN_POINT('',(0.423828743024933,7.73799652159214,1.5));
#11461=CARTESIAN_POINT('Origin',(0.273078314586746,7.73799652159214,1.5));
#11462=CARTESIAN_POINT('',(0.273078314586746,7.73799652159214,1.51));
#11463=CARTESIAN_POINT('',(0.423828743024933,7.73799652159214,1.51));
#11464=CARTESIAN_POINT('',(0.273078314586746,7.73799652159214,1.5));
#11465=CARTESIAN_POINT('Origin',(0.156434408947098,8.0408614307642,1.5));
#11466=CARTESIAN_POINT('',(0.156434408947098,8.0408614307642,1.51));
#11467=CARTESIAN_POINT('',(0.273078314586746,7.73799652159214,1.51));
#11468=CARTESIAN_POINT('',(0.156434408947098,8.0408614307642,1.5));
#11469=CARTESIAN_POINT('Origin',(-0.261710204557312,8.0408614307642,1.5));
#11470=CARTESIAN_POINT('',(-0.261710204557312,8.0408614307642,1.51));
#11471=CARTESIAN_POINT('',(0.156434408947098,8.0408614307642,1.51));
#11472=CARTESIAN_POINT('',(-0.261710204557312,8.0408614307642,1.5));
#11473=CARTESIAN_POINT('Origin',(-0.371532805637253,7.73799652159214,1.5));
#11474=CARTESIAN_POINT('',(-0.371532805637253,7.73799652159214,1.51));
#11475=CARTESIAN_POINT('',(-0.261710204557312,8.0408614307642,1.51));
#11476=CARTESIAN_POINT('',(-0.371532805637253,7.73799652159214,1.5));
#11477=CARTESIAN_POINT('Origin',(-0.512051202730072,7.73799652159214,1.5));
#11478=CARTESIAN_POINT('',(-0.371532805637253,7.73799652159214,1.51));
#11479=CARTESIAN_POINT('Origin',(-0.0154619593180544,7.44911527186632,1.51));
#11480=CARTESIAN_POINT('Origin',(0.,1.11022302462516E-15,1.5));
#11481=CARTESIAN_POINT('Origin',(-1.07978518413569,-0.117145367495066,1.5));
#11482=CARTESIAN_POINT('',(1.05422905087626,-0.14783084088831,1.5));
#11483=CARTESIAN_POINT('',(-1.07978518413569,-0.117145367495066,1.5));
#11484=CARTESIAN_POINT('',(-0.540846254106178,-0.124894892276428,1.5));
#11485=CARTESIAN_POINT('',(1.05422905087626,-0.14783084088831,1.51));
#11486=CARTESIAN_POINT('',(1.05422905087626,-0.14783084088831,1.5));
#11487=CARTESIAN_POINT('',(-1.07978518413569,-0.117145367495066,1.51));
#11488=CARTESIAN_POINT('',(1.05422905087627,-0.14783084088831,1.51));
#11489=CARTESIAN_POINT('',(-1.07978518413569,-0.117145367495066,1.5));
#11490=CARTESIAN_POINT('Origin',(0.,0.756159619579138,1.5));
#11491=CARTESIAN_POINT('Origin',(0.,0.756159619579138,1.5));
#11492=CARTESIAN_POINT('Origin',(0.,0.756159619579138,1.51));
#11493=CARTESIAN_POINT('Origin',(1.33904770272539,-0.0019108063489634,1.5));
#11494=CARTESIAN_POINT('',(-1.36029051401846,0.0369035884522947,1.51));
#11495=CARTESIAN_POINT('',(-1.36029051401846,0.0369035884522947,1.5));
#11496=CARTESIAN_POINT('',(1.33904770272539,-0.00191080634896312,1.51));
#11497=CARTESIAN_POINT('',(1.33904770272539,-0.0019108063489634,1.51));
#11498=CARTESIAN_POINT('',(1.33904770272539,-0.00191080634896312,1.5));
#11499=CARTESIAN_POINT('Origin',(0.,0.756159619579138,1.5));
#11500=CARTESIAN_POINT('Origin',(0.,0.756159619579138,1.51));
#11501=CARTESIAN_POINT('Origin',(-0.0106214056465373,-0.372838190173162,
1.51));
#11502=CARTESIAN_POINT('Origin',(0.,1.11022302462516E-15,1.5));
#11503=CARTESIAN_POINT('Origin',(2.225,0.750000000000001,0.));
#11504=CARTESIAN_POINT('',(1.525,0.75,0.));
#11505=CARTESIAN_POINT('Origin',(2.225,0.750000000000001,0.));
#11506=CARTESIAN_POINT('',(1.525,0.75,0.01));
#11507=CARTESIAN_POINT('',(1.525,0.75,0.));
#11508=CARTESIAN_POINT('Origin',(2.225,0.750000000000001,0.01));
#11509=CARTESIAN_POINT('Origin',(2.225,0.750000000000001,0.01));
#11510=CARTESIAN_POINT('',(1.725,0.750000000000001,0.01));
#11511=CARTESIAN_POINT('Origin',(2.225,0.750000000000001,0.01));
#11512=CARTESIAN_POINT('Origin',(-4.525,-5.45,0.));
#11513=CARTESIAN_POINT('',(-5.225,-5.45,0.));
#11514=CARTESIAN_POINT('Origin',(-4.525,-5.45,0.));
#11515=CARTESIAN_POINT('',(-5.225,-5.45,0.01));
#11516=CARTESIAN_POINT('',(-5.225,-5.45,0.));
#11517=CARTESIAN_POINT('Origin',(-4.525,-5.45,0.01));
#11518=CARTESIAN_POINT('Origin',(-4.525,-5.45,0.01));
#11519=CARTESIAN_POINT('',(-5.025,-5.45,0.01));
#11520=CARTESIAN_POINT('Origin',(-4.525,-5.45,0.01));
#11521=CARTESIAN_POINT('Origin',(-4.525,7.55,0.));
#11522=CARTESIAN_POINT('',(-5.225,7.55,0.));
#11523=CARTESIAN_POINT('Origin',(-4.525,7.55,0.));
#11524=CARTESIAN_POINT('',(-5.225,7.55,0.01));
#11525=CARTESIAN_POINT('',(-5.225,7.55,0.));
#11526=CARTESIAN_POINT('Origin',(-4.525,7.55,0.01));
#11527=CARTESIAN_POINT('Origin',(-4.525,7.55,0.01));
#11528=CARTESIAN_POINT('',(-5.025,7.55,0.01));
#11529=CARTESIAN_POINT('Origin',(-4.525,7.55,0.01));
#11530=CARTESIAN_POINT('Origin',(-2.225,-2.25,0.));
#11531=CARTESIAN_POINT('',(-2.925,-2.25,0.));
#11532=CARTESIAN_POINT('Origin',(-2.225,-2.25,0.));
#11533=CARTESIAN_POINT('',(-2.925,-2.25,0.01));
#11534=CARTESIAN_POINT('',(-2.925,-2.25,0.));
#11535=CARTESIAN_POINT('Origin',(-2.225,-2.25,0.01));
#11536=CARTESIAN_POINT('Origin',(-2.225,-2.25,0.01));
#11537=CARTESIAN_POINT('',(-2.725,-2.25,0.01));
#11538=CARTESIAN_POINT('Origin',(-2.225,-2.25,0.01));
#11539=CARTESIAN_POINT('Origin',(2.225,-2.25,0.));
#11540=CARTESIAN_POINT('',(1.525,-2.25,0.));
#11541=CARTESIAN_POINT('Origin',(2.225,-2.25,0.));
#11542=CARTESIAN_POINT('',(1.525,-2.25,0.01));
#11543=CARTESIAN_POINT('',(1.525,-2.25,0.));
#11544=CARTESIAN_POINT('Origin',(2.225,-2.25,0.01));
#11545=CARTESIAN_POINT('Origin',(2.225,-2.25,0.01));
#11546=CARTESIAN_POINT('',(1.725,-2.25,0.01));
#11547=CARTESIAN_POINT('Origin',(2.225,-2.25,0.01));
#11548=CARTESIAN_POINT('Origin',(2.225,3.75,0.));
#11549=CARTESIAN_POINT('',(1.525,3.75,0.));
#11550=CARTESIAN_POINT('Origin',(2.225,3.75,0.));
#11551=CARTESIAN_POINT('',(1.525,3.75,0.01));
#11552=CARTESIAN_POINT('',(1.525,3.75,0.));
#11553=CARTESIAN_POINT('Origin',(2.225,3.75,0.01));
#11554=CARTESIAN_POINT('Origin',(2.225,3.75,0.01));
#11555=CARTESIAN_POINT('',(1.725,3.75,0.01));
#11556=CARTESIAN_POINT('Origin',(2.225,3.75,0.01));
#11557=CARTESIAN_POINT('Origin',(0.274999999999996,-6.2,0.));
#11558=CARTESIAN_POINT('',(0.274999999999996,-6.2,0.));
#11559=CARTESIAN_POINT('',(0.274999999999996,-4.7,0.));
#11560=CARTESIAN_POINT('',(0.274999999999996,-3.1,0.));
#11561=CARTESIAN_POINT('',(0.274999999999996,-6.2,0.01));
#11562=CARTESIAN_POINT('',(0.274999999999996,-6.2,0.));
#11563=CARTESIAN_POINT('',(0.274999999999996,-4.7,0.01));
#11564=CARTESIAN_POINT('',(0.274999999999996,-4.7,0.01));
#11565=CARTESIAN_POINT('',(0.274999999999996,-4.7,0.));
#11566=CARTESIAN_POINT('Origin',(-2.725,-6.2,0.));
#11567=CARTESIAN_POINT('',(-2.725,-6.2,0.));
#11568=CARTESIAN_POINT('',(-1.3625,-6.2,0.));
#11569=CARTESIAN_POINT('',(-2.725,-6.2,0.01));
#11570=CARTESIAN_POINT('',(-2.725,-6.2,0.));
#11571=CARTESIAN_POINT('',(0.274999999999996,-6.2,0.01));
#11572=CARTESIAN_POINT('Origin',(-2.725,-4.7,0.));
#11573=CARTESIAN_POINT('',(-2.725,-4.7,0.));
#11574=CARTESIAN_POINT('',(-2.725,-2.35,0.));
#11575=CARTESIAN_POINT('',(-2.725,-4.7,0.01));
#11576=CARTESIAN_POINT('',(-2.725,-4.7,0.));
#11577=CARTESIAN_POINT('',(-2.725,-6.2,0.01));
#11578=CARTESIAN_POINT('Origin',(0.274999999999996,-4.7,0.));
#11579=CARTESIAN_POINT('',(0.137499999999998,-4.7,0.));
#11580=CARTESIAN_POINT('',(-2.725,-4.7,0.01));
#11581=CARTESIAN_POINT('Origin',(-1.225,-5.45,0.01));
#11582=CARTESIAN_POINT('Origin',(-2.225,3.75,0.));
#11583=CARTESIAN_POINT('',(-2.925,3.75,0.));
#11584=CARTESIAN_POINT('Origin',(-2.225,3.75,0.));
#11585=CARTESIAN_POINT('',(-2.925,3.75,0.01));
#11586=CARTESIAN_POINT('',(-2.925,3.75,0.));
#11587=CARTESIAN_POINT('Origin',(-2.225,3.75,0.01));
#11588=CARTESIAN_POINT('Origin',(-2.225,3.75,0.01));
#11589=CARTESIAN_POINT('',(-2.725,3.75,0.01));
#11590=CARTESIAN_POINT('Origin',(-2.225,3.75,0.01));
#11591=CARTESIAN_POINT('Origin',(-2.225,0.750000000000001,0.));
#11592=CARTESIAN_POINT('',(-2.925,0.750000000000001,0.));
#11593=CARTESIAN_POINT('Origin',(-2.225,0.750000000000001,0.));
#11594=CARTESIAN_POINT('',(-2.925,0.750000000000001,0.01));
#11595=CARTESIAN_POINT('',(-2.925,0.750000000000001,0.));
#11596=CARTESIAN_POINT('Origin',(-2.225,0.750000000000001,0.01));
#11597=CARTESIAN_POINT('Origin',(-2.225,0.750000000000001,0.01));
#11598=CARTESIAN_POINT('',(-2.725,0.750000000000001,0.01));
#11599=CARTESIAN_POINT('Origin',(-2.225,0.750000000000001,0.01));
#11600=CARTESIAN_POINT('Origin',(4.525,-5.45,0.));
#11601=CARTESIAN_POINT('',(3.825,-5.45,0.));
#11602=CARTESIAN_POINT('Origin',(4.525,-5.45,0.));
#11603=CARTESIAN_POINT('',(3.825,-5.45,0.01));
#11604=CARTESIAN_POINT('',(3.825,-5.45,0.));
#11605=CARTESIAN_POINT('Origin',(4.525,-5.45,0.01));
#11606=CARTESIAN_POINT('Origin',(4.525,-5.45,0.01));
#11607=CARTESIAN_POINT('',(4.025,-5.45,0.01));
#11608=CARTESIAN_POINT('Origin',(4.525,-5.45,0.01));
#11609=CARTESIAN_POINT('Origin',(4.525,7.55,0.));
#11610=CARTESIAN_POINT('',(3.825,7.55,0.));
#11611=CARTESIAN_POINT('Origin',(4.525,7.55,0.));
#11612=CARTESIAN_POINT('',(3.825,7.55,0.01));
#11613=CARTESIAN_POINT('',(3.825,7.55,0.));
#11614=CARTESIAN_POINT('Origin',(4.525,7.55,0.01));
#11615=CARTESIAN_POINT('Origin',(4.525,7.55,0.01));
#11616=CARTESIAN_POINT('',(4.025,7.55,0.01));
#11617=CARTESIAN_POINT('Origin',(4.525,7.55,0.01));
#11618=CARTESIAN_POINT('Origin',(4.525,7.55,1.5));
#11619=CARTESIAN_POINT('',(3.825,7.55,1.49));
#11620=CARTESIAN_POINT('',(3.825,7.55,1.5));
#11621=CARTESIAN_POINT('Origin',(4.525,7.55,1.49));
#11622=CARTESIAN_POINT('Origin',(0.,1.05,1.49));
#11623=CARTESIAN_POINT('',(4.025,7.55,1.49));
#11624=CARTESIAN_POINT('Origin',(4.525,7.55,1.49));
#11625=CARTESIAN_POINT('Origin',(-2.225,-2.25,1.5));
#11626=CARTESIAN_POINT('',(-2.925,-2.25,1.49));
#11627=CARTESIAN_POINT('',(-2.925,-2.25,1.5));
#11628=CARTESIAN_POINT('Origin',(-2.225,-2.25,1.49));
#11629=CARTESIAN_POINT('Origin',(0.,1.05,1.49));
#11630=CARTESIAN_POINT('',(-2.725,-2.25,1.49));
#11631=CARTESIAN_POINT('Origin',(-2.225,-2.25,1.49));
#11632=CARTESIAN_POINT('Origin',(2.225,-2.25,1.5));
#11633=CARTESIAN_POINT('',(1.525,-2.25,1.49));
#11634=CARTESIAN_POINT('',(1.525,-2.25,1.5));
#11635=CARTESIAN_POINT('Origin',(2.225,-2.25,1.49));
#11636=CARTESIAN_POINT('Origin',(0.,1.05,1.49));
#11637=CARTESIAN_POINT('',(1.725,-2.25,1.49));
#11638=CARTESIAN_POINT('Origin',(2.225,-2.25,1.49));
#11639=CARTESIAN_POINT('Origin',(-2.225,0.750000000000001,1.5));
#11640=CARTESIAN_POINT('',(-2.925,0.750000000000001,1.49));
#11641=CARTESIAN_POINT('',(-2.925,0.750000000000001,1.5));
#11642=CARTESIAN_POINT('Origin',(-2.225,0.750000000000001,1.49));
#11643=CARTESIAN_POINT('Origin',(0.,1.05,1.49));
#11644=CARTESIAN_POINT('',(-2.725,0.750000000000001,1.49));
#11645=CARTESIAN_POINT('Origin',(-2.225,0.750000000000001,1.49));
#11646=CARTESIAN_POINT('Origin',(2.225,0.750000000000001,1.5));
#11647=CARTESIAN_POINT('',(1.525,0.750000000000001,1.49));
#11648=CARTESIAN_POINT('',(1.525,0.750000000000001,1.5));
#11649=CARTESIAN_POINT('Origin',(2.225,0.750000000000001,1.49));
#11650=CARTESIAN_POINT('Origin',(0.,1.05,1.49));
#11651=CARTESIAN_POINT('',(1.725,0.750000000000001,1.49));
#11652=CARTESIAN_POINT('Origin',(2.225,0.750000000000001,1.49));
#11653=CARTESIAN_POINT('Origin',(2.225,3.75,1.5));
#11654=CARTESIAN_POINT('',(1.525,3.75,1.49));
#11655=CARTESIAN_POINT('',(1.525,3.75,1.5));
#11656=CARTESIAN_POINT('Origin',(2.225,3.75,1.49));
#11657=CARTESIAN_POINT('Origin',(0.,1.05,1.49));
#11658=CARTESIAN_POINT('',(1.725,3.75,1.49));
#11659=CARTESIAN_POINT('Origin',(2.225,3.75,1.49));
#11660=CARTESIAN_POINT('Origin',(-4.525,-5.45,1.5));
#11661=CARTESIAN_POINT('',(-5.225,-5.45,1.49));
#11662=CARTESIAN_POINT('',(-5.225,-5.45,1.5));
#11663=CARTESIAN_POINT('Origin',(-4.525,-5.45,1.49));
#11664=CARTESIAN_POINT('Origin',(0.,1.05,1.49));
#11665=CARTESIAN_POINT('',(-5.025,-5.45,1.49));
#11666=CARTESIAN_POINT('Origin',(-4.525,-5.45,1.49));
#11667=CARTESIAN_POINT('Origin',(4.525,-5.45,1.5));
#11668=CARTESIAN_POINT('',(3.825,-5.45,1.49));
#11669=CARTESIAN_POINT('',(3.825,-5.45,1.5));
#11670=CARTESIAN_POINT('Origin',(4.525,-5.45,1.49));
#11671=CARTESIAN_POINT('Origin',(0.,1.05,1.49));
#11672=CARTESIAN_POINT('',(4.025,-5.45,1.49));
#11673=CARTESIAN_POINT('Origin',(4.525,-5.45,1.49));
#11674=CARTESIAN_POINT('Origin',(-2.225,3.75,1.5));
#11675=CARTESIAN_POINT('',(-2.925,3.75,1.49));
#11676=CARTESIAN_POINT('',(-2.925,3.75,1.5));
#11677=CARTESIAN_POINT('Origin',(-2.225,3.75,1.49));
#11678=CARTESIAN_POINT('Origin',(0.,1.05,1.49));
#11679=CARTESIAN_POINT('',(-2.725,3.75,1.49));
#11680=CARTESIAN_POINT('Origin',(-2.225,3.75,1.49));
#11681=CARTESIAN_POINT('Origin',(-4.525,7.55,1.5));
#11682=CARTESIAN_POINT('',(-5.225,7.55,1.49));
#11683=CARTESIAN_POINT('',(-5.225,7.55,1.5));
#11684=CARTESIAN_POINT('Origin',(-4.525,7.55,1.49));
#11685=CARTESIAN_POINT('Origin',(0.,1.05,1.49));
#11686=CARTESIAN_POINT('',(-5.025,7.55,1.49));
#11687=CARTESIAN_POINT('Origin',(-4.525,7.55,1.49));
#11688=CARTESIAN_POINT('Origin',(2.5,-8.3,0.75));
#11689=CARTESIAN_POINT('',(2.5,-8.8,0.));
#11690=CARTESIAN_POINT('',(2.5,-8.8,0.75));
#11691=CARTESIAN_POINT('Origin',(2.5,-8.3,0.));
#11692=CARTESIAN_POINT('Origin',(0.,1.11022302462516E-15,1.5));
#11693=CARTESIAN_POINT('Origin',(1.11022302462516E-15,-8.3,0.75));
#11694=CARTESIAN_POINT('',(1.04899068466779E-15,-8.8,0.));
#11695=CARTESIAN_POINT('',(1.04899068466779E-15,-8.8,0.75));
#11696=CARTESIAN_POINT('Origin',(1.11022302462516E-15,-8.3,0.));
#11697=CARTESIAN_POINT('Origin',(-2.5,-8.3,0.75));
#11698=CARTESIAN_POINT('',(-2.5,-8.8,0.));
#11699=CARTESIAN_POINT('',(-2.5,-8.8,0.75));
#11700=CARTESIAN_POINT('Origin',(-2.5,-8.3,0.));
#11701=CARTESIAN_POINT('Origin',(-2.725,-6.2,0.));
#11702=CARTESIAN_POINT('',(0.274999999999996,-6.2,1.7));
#11703=CARTESIAN_POINT('',(0.274999999999996,-6.2,0.));
#11704=CARTESIAN_POINT('',(-2.725,-6.2,1.7));
#11705=CARTESIAN_POINT('',(0.274999999999996,-6.2,1.7));
#11706=CARTESIAN_POINT('',(-2.725,-6.2,0.));
#11707=CARTESIAN_POINT('Origin',(0.274999999999996,-6.2,0.));
#11708=CARTESIAN_POINT('',(0.274999999999996,-4.7,1.7));
#11709=CARTESIAN_POINT('',(0.274999999999996,-4.7,0.));
#11710=CARTESIAN_POINT('',(0.274999999999996,-4.7,1.7));
#11711=CARTESIAN_POINT('Origin',(-2.725,-4.7,0.));
#11712=CARTESIAN_POINT('',(-2.725,-4.7,1.7));
#11713=CARTESIAN_POINT('',(-2.725,-6.2,1.7));
#11714=CARTESIAN_POINT('',(-2.725,-4.7,0.));
#11715=CARTESIAN_POINT('Origin',(0.274999999999996,-4.7,0.));
#11716=CARTESIAN_POINT('',(-2.725,-4.7,1.7));
#11717=CARTESIAN_POINT('Origin',(-1.225,-5.45,1.7));
#11718=CARTESIAN_POINT('Origin',(2.225,-2.25,0.));
#11719=CARTESIAN_POINT('',(1.725,-2.25,0.));
#11720=CARTESIAN_POINT('Origin',(-4.05,0.675,0.));
#11721=CARTESIAN_POINT('',(-4.925,0.675,0.));
#11722=CARTESIAN_POINT('',(-4.925,0.675,0.));
#11723=CARTESIAN_POINT('Origin',(-4.05,0.675,0.));
#11724=CARTESIAN_POINT('Origin',(-4.525,-5.45,0.));
#11725=CARTESIAN_POINT('',(-5.025,-5.45,0.));
#11726=CARTESIAN_POINT('Origin',(4.525,-5.45,0.));
#11727=CARTESIAN_POINT('',(4.025,-5.45,0.));
#11728=CARTESIAN_POINT('Origin',(-5.025,3.75000000000001,0.));
#11729=CARTESIAN_POINT('',(-6.525,3.75000000000001,0.));
#11730=CARTESIAN_POINT('',(-6.525,3.75000000000001,0.));
#11731=CARTESIAN_POINT('Origin',(-5.025,3.75000000000001,0.));
#11732=CARTESIAN_POINT('Origin',(4.525,7.55,0.));
#11733=CARTESIAN_POINT('',(4.025,7.55,0.));
#11734=CARTESIAN_POINT('Origin',(2.225,3.75,0.));
#11735=CARTESIAN_POINT('',(1.725,3.75,0.));
#11736=CARTESIAN_POINT('Origin',(-2.225,0.750000000000001,0.));
#11737=CARTESIAN_POINT('',(-2.725,0.750000000000001,0.));
#11738=CARTESIAN_POINT('Origin',(4.05,0.675,0.));
#11739=CARTESIAN_POINT('',(3.175,0.675,0.));
#11740=CARTESIAN_POINT('',(3.175,0.675,0.));
#11741=CARTESIAN_POINT('Origin',(4.05,0.675,0.));
#11742=CARTESIAN_POINT('Origin',(-4.525,7.55,0.));
#11743=CARTESIAN_POINT('',(-5.025,7.55,0.));
#11744=CARTESIAN_POINT('Origin',(2.225,0.750000000000001,0.));
#11745=CARTESIAN_POINT('',(1.725,0.750000000000001,0.));
#11746=CARTESIAN_POINT('Origin',(-2.225,-2.25,0.));
#11747=CARTESIAN_POINT('',(-2.725,-2.25,0.));
#11748=CARTESIAN_POINT('Origin',(-2.225,3.75,0.));
#11749=CARTESIAN_POINT('',(-2.725,3.75,0.));
#11750=CARTESIAN_POINT('Origin',(5.025,3.75000000000001,0.));
#11751=CARTESIAN_POINT('',(3.525,3.75000000000001,0.));
#11752=CARTESIAN_POINT('',(3.525,3.75000000000001,0.));
#11753=CARTESIAN_POINT('Origin',(5.025,3.75000000000001,0.));
#11754=CARTESIAN_POINT('Origin',(7.525,-9.55,0.));
#11755=CARTESIAN_POINT('',(7.525,9.55,0.));
#11756=CARTESIAN_POINT('',(7.525,-9.55,0.));
#11757=CARTESIAN_POINT('',(7.525,9.55,0.));
#11758=CARTESIAN_POINT('',(7.525,9.55,0.));
#11759=CARTESIAN_POINT('',(7.525,-9.55,0.));
#11760=CARTESIAN_POINT('Origin',(-7.525,-9.55,0.));
#11761=CARTESIAN_POINT('',(-7.525,-9.55,0.));
#11762=CARTESIAN_POINT('',(7.525,-9.55,0.));
#11763=CARTESIAN_POINT('',(-7.525,-9.55,0.));
#11764=CARTESIAN_POINT('Origin',(-7.525,9.55,0.));
#11765=CARTESIAN_POINT('',(-7.525,9.55,0.));
#11766=CARTESIAN_POINT('',(-7.525,-9.55,0.));
#11767=CARTESIAN_POINT('',(-7.525,9.55,0.));
#11768=CARTESIAN_POINT('Origin',(7.525,9.55,0.));
#11769=CARTESIAN_POINT('',(-7.525,9.55,0.));
#11770=CARTESIAN_POINT('Origin',(0.,1.11022302462516E-15,0.));
#11771=CARTESIAN_POINT('Origin',(-2.175,-7.975,4.2));
#11772=CARTESIAN_POINT('',(-2.175,-7.975,1.5));
#11773=CARTESIAN_POINT('',(-2.825,-7.975,1.5));
#11774=CARTESIAN_POINT('',(-1.0875,-7.975,1.5));
#11775=CARTESIAN_POINT('',(-2.175,-7.975,4.2));
#11776=CARTESIAN_POINT('',(-2.175,-7.975,4.2));
#11777=CARTESIAN_POINT('',(-2.825,-7.975,4.2));
#11778=CARTESIAN_POINT('',(-2.3375,-7.975,4.2));
#11779=CARTESIAN_POINT('',(-2.825,-7.975,4.2));
#11780=CARTESIAN_POINT('Origin',(-2.175,-8.625,4.2));
#11781=CARTESIAN_POINT('',(-2.175,-8.625,1.5));
#11782=CARTESIAN_POINT('',(-2.175,-8.4625,1.5));
#11783=CARTESIAN_POINT('',(-2.175,-8.625,4.2));
#11784=CARTESIAN_POINT('',(-2.175,-8.625,4.2));
#11785=CARTESIAN_POINT('',(-2.175,-8.4625,4.2));
#11786=CARTESIAN_POINT('Origin',(-2.825,-8.625,4.2));
#11787=CARTESIAN_POINT('',(-2.825,-8.625,1.5));
#11788=CARTESIAN_POINT('',(-1.4125,-8.625,1.5));
#11789=CARTESIAN_POINT('',(-2.825,-8.625,4.2));
#11790=CARTESIAN_POINT('',(-2.825,-8.625,4.2));
#11791=CARTESIAN_POINT('',(-2.6625,-8.625,4.2));
#11792=CARTESIAN_POINT('Origin',(-2.825,-7.975,4.2));
#11793=CARTESIAN_POINT('',(-2.825,-8.1375,1.5));
#11794=CARTESIAN_POINT('',(-2.825,-8.1375,4.2));
#11795=CARTESIAN_POINT('Origin',(-3.75,-9.55,0.));
#11796=CARTESIAN_POINT('',(-3.75,-9.55,1.5));
#11797=CARTESIAN_POINT('',(-1.25,-9.55,1.5));
#11798=CARTESIAN_POINT('',(-1.875,-9.55,1.5));
#11799=CARTESIAN_POINT('',(-1.25,-9.55,4.05));
#11800=CARTESIAN_POINT('',(-1.25,-9.55,0.));
#11801=CARTESIAN_POINT('',(-3.75,-9.55,4.05));
#11802=CARTESIAN_POINT('',(-3.125,-9.55,4.05));
#11803=CARTESIAN_POINT('',(-3.75,-9.55,0.));
#11804=CARTESIAN_POINT('Origin',(-2.5,-8.3,4.2));
#11805=CARTESIAN_POINT('',(-3.6,-7.2,4.2));
#11806=CARTESIAN_POINT('',(-1.4,-7.2,4.2));
#11807=CARTESIAN_POINT('',(-1.875,-7.2,4.2));
#11808=CARTESIAN_POINT('',(-3.6,-9.4,4.2));
#11809=CARTESIAN_POINT('',(-3.6,-7.675,4.2));
#11810=CARTESIAN_POINT('',(-1.4,-9.4,4.2));
#11811=CARTESIAN_POINT('',(-3.125,-9.4,4.2));
#11812=CARTESIAN_POINT('',(-1.4,-8.925,4.2));
#11813=CARTESIAN_POINT('Origin',(-3.75,-7.05,0.));
#11814=CARTESIAN_POINT('',(-3.75,-7.05,1.5));
#11815=CARTESIAN_POINT('',(-3.75,-7.675,1.5));
#11816=CARTESIAN_POINT('',(-3.75,-7.05,4.05));
#11817=CARTESIAN_POINT('',(-3.75,-7.675,4.05));
#11818=CARTESIAN_POINT('',(-3.75,-7.05,0.));
#11819=CARTESIAN_POINT('Origin',(-3.675,-7.675,4.125));
#11820=CARTESIAN_POINT('',(-3.6,-9.4,4.2));
#11821=CARTESIAN_POINT('',(-3.6,-7.2,4.2));
#11822=CARTESIAN_POINT('Origin',(-3.125,-9.475,4.125));
#11823=CARTESIAN_POINT('',(-1.4,-9.4,4.2));
#11824=CARTESIAN_POINT('Origin',(-1.325,-8.925,4.125));
#11825=CARTESIAN_POINT('',(-1.25,-7.05,4.05));
#11826=CARTESIAN_POINT('',(-1.25,-8.925,4.05));
#11827=CARTESIAN_POINT('',(-1.4,-7.2,4.2));
#11828=CARTESIAN_POINT('Origin',(-1.875,-7.125,4.125));
#11829=CARTESIAN_POINT('',(-1.875,-7.05,4.05));
#11830=CARTESIAN_POINT('Origin',(-1.25,-7.05,0.));
#11831=CARTESIAN_POINT('',(-1.25,-7.05,1.5));
#11832=CARTESIAN_POINT('',(-0.624999999999999,-7.05,1.5));
#11833=CARTESIAN_POINT('',(-1.25,-7.05,0.));
#11834=CARTESIAN_POINT('Origin',(-1.25,-9.55,0.));
#11835=CARTESIAN_POINT('',(-1.25,-8.925,1.5));
#11836=CARTESIAN_POINT('Origin',(1.11022302462516E-15,-8.3,1.5));
#11837=CARTESIAN_POINT('Origin',(0.325,-7.975,4.2));
#11838=CARTESIAN_POINT('',(0.325,-7.975,1.5));
#11839=CARTESIAN_POINT('',(-0.325,-7.975,1.5));
#11840=CARTESIAN_POINT('',(0.162500000000001,-7.975,1.5));
#11841=CARTESIAN_POINT('',(0.325,-7.975,4.2));
#11842=CARTESIAN_POINT('',(0.325,-7.975,4.2));
#11843=CARTESIAN_POINT('',(-0.325,-7.975,4.2));
#11844=CARTESIAN_POINT('',(0.162500000000001,-7.975,4.2));
#11845=CARTESIAN_POINT('',(-0.325,-7.975,4.2));
#11846=CARTESIAN_POINT('Origin',(0.325,-8.625,4.2));
#11847=CARTESIAN_POINT('',(0.325,-8.625,1.5));
#11848=CARTESIAN_POINT('',(0.325,-8.4625,1.5));
#11849=CARTESIAN_POINT('',(0.325,-8.625,4.2));
#11850=CARTESIAN_POINT('',(0.325,-8.625,4.2));
#11851=CARTESIAN_POINT('',(0.325,-8.4625,4.2));
#11852=CARTESIAN_POINT('Origin',(-0.325,-8.625,4.2));
#11853=CARTESIAN_POINT('',(-0.325,-8.625,1.5));
#11854=CARTESIAN_POINT('',(-0.162499999999999,-8.625,1.5));
#11855=CARTESIAN_POINT('',(-0.325,-8.625,4.2));
#11856=CARTESIAN_POINT('',(-0.325,-8.625,4.2));
#11857=CARTESIAN_POINT('',(-0.162499999999999,-8.625,4.2));
#11858=CARTESIAN_POINT('Origin',(-0.325,-7.975,4.2));
#11859=CARTESIAN_POINT('',(-0.325,-8.1375,1.5));
#11860=CARTESIAN_POINT('',(-0.325,-8.1375,4.2));
#11861=CARTESIAN_POINT('Origin',(-1.25,-9.55,0.));
#11862=CARTESIAN_POINT('',(-1.23,-9.55,1.5));
#11863=CARTESIAN_POINT('',(1.23,-9.55,1.5));
#11864=CARTESIAN_POINT('',(-0.624999999999999,-9.55,1.5));
#11865=CARTESIAN_POINT('',(1.23,-9.55,4.05));
#11866=CARTESIAN_POINT('',(1.23,-9.55,0.));
#11867=CARTESIAN_POINT('',(-1.23,-9.55,4.05));
#11868=CARTESIAN_POINT('',(-0.624999999999999,-9.55,4.05));
#11869=CARTESIAN_POINT('',(-1.23,-9.55,0.));
#11870=CARTESIAN_POINT('Origin',(-0.624999999999999,-9.475,4.125));
#11871=CARTESIAN_POINT('',(1.08,-9.4,4.2));
#11872=CARTESIAN_POINT('',(0.766666666666668,-9.08666666666667,4.51333333333333));
#11873=CARTESIAN_POINT('',(-1.08,-9.4,4.2));
#11874=CARTESIAN_POINT('',(-0.624999999999999,-9.4,4.2));
#11875=CARTESIAN_POINT('',(-0.766666666666665,-9.08666666666667,4.51333333333333));
#11876=CARTESIAN_POINT('Origin',(1.25,-7.05,0.));
#11877=CARTESIAN_POINT('',(1.23,-7.05,1.5));
#11878=CARTESIAN_POINT('',(-1.23,-7.05,1.5));
#11879=CARTESIAN_POINT('',(0.625000000000001,-7.05,1.5));
#11880=CARTESIAN_POINT('',(-1.23,-7.05,4.05));
#11881=CARTESIAN_POINT('',(-1.23,-7.05,0.));
#11882=CARTESIAN_POINT('',(1.23,-7.05,4.05));
#11883=CARTESIAN_POINT('',(0.625000000000001,-7.05,4.05));
#11884=CARTESIAN_POINT('',(1.23,-7.05,0.));
#11885=CARTESIAN_POINT('Origin',(1.11022302462516E-15,-8.3,1.5));
#11886=CARTESIAN_POINT('',(-1.23,-7.675,1.5));
#11887=CARTESIAN_POINT('',(1.23,-8.925,1.5));
#11888=CARTESIAN_POINT('Origin',(1.23,-9.55,0.));
#11889=CARTESIAN_POINT('',(1.23,-8.925,4.05));
#11890=CARTESIAN_POINT('Origin',(-1.23,-7.05,0.));
#11891=CARTESIAN_POINT('',(-1.23,-7.675,4.05));
#11892=CARTESIAN_POINT('Origin',(-1.155,-7.675,4.125));
#11893=CARTESIAN_POINT('',(-1.08,-7.2,4.2));
#11894=CARTESIAN_POINT('',(-0.766666666666666,-7.51333333333333,4.51333333333333));
#11895=CARTESIAN_POINT('',(-1.08,-7.675,4.2));
#11896=CARTESIAN_POINT('Origin',(0.625000000000001,-7.125,4.125));
#11897=CARTESIAN_POINT('',(1.08,-7.2,4.2));
#11898=CARTESIAN_POINT('',(0.766666666666668,-7.51333333333333,4.51333333333333));
#11899=CARTESIAN_POINT('',(0.625000000000001,-7.2,4.2));
#11900=CARTESIAN_POINT('Origin',(1.11022302462516E-15,-8.3,4.2));
#11901=CARTESIAN_POINT('',(1.08,-8.925,4.2));
#11902=CARTESIAN_POINT('Origin',(1.155,-8.925,4.125));
#11903=CARTESIAN_POINT('Origin',(2.82451034068697,-7.975,4.2));
#11904=CARTESIAN_POINT('',(2.82451034068697,-7.975,1.5));
#11905=CARTESIAN_POINT('',(2.17451034068697,-7.975,1.5));
#11906=CARTESIAN_POINT('',(1.41225517034348,-7.975,1.5));
#11907=CARTESIAN_POINT('',(2.82451034068697,-7.975,4.2));
#11908=CARTESIAN_POINT('',(2.82451034068697,-7.975,4.2));
#11909=CARTESIAN_POINT('',(2.17451034068697,-7.975,4.2));
#11910=CARTESIAN_POINT('',(2.66225517034348,-7.975,4.2));
#11911=CARTESIAN_POINT('',(2.17451034068697,-7.975,4.2));
#11912=CARTESIAN_POINT('Origin',(2.82451034068697,-8.625,4.2));
#11913=CARTESIAN_POINT('',(2.82451034068697,-8.625,1.5));
#11914=CARTESIAN_POINT('',(2.82451034068697,-8.4625,1.5));
#11915=CARTESIAN_POINT('',(2.82451034068697,-8.625,4.2));
#11916=CARTESIAN_POINT('',(2.82451034068697,-8.625,4.2));
#11917=CARTESIAN_POINT('',(2.82451034068697,-8.4625,4.2));
#11918=CARTESIAN_POINT('Origin',(2.17451034068697,-8.625,4.2));
#11919=CARTESIAN_POINT('',(2.17451034068697,-8.625,1.5));
#11920=CARTESIAN_POINT('',(1.08725517034348,-8.625,1.5));
#11921=CARTESIAN_POINT('',(2.17451034068697,-8.625,4.2));
#11922=CARTESIAN_POINT('',(2.17451034068697,-8.625,4.2));
#11923=CARTESIAN_POINT('',(2.33725517034348,-8.625,4.2));
#11924=CARTESIAN_POINT('Origin',(2.17451034068697,-7.975,4.2));
#11925=CARTESIAN_POINT('',(2.17451034068697,-8.1375,1.5));
#11926=CARTESIAN_POINT('',(2.17451034068697,-8.1375,4.2));
#11927=CARTESIAN_POINT('Origin',(1.25,-9.55,0.));
#11928=CARTESIAN_POINT('',(1.25,-9.55,1.5));
#11929=CARTESIAN_POINT('',(3.75,-9.55,1.5));
#11930=CARTESIAN_POINT('',(0.625000000000001,-9.55,1.5));
#11931=CARTESIAN_POINT('',(3.75,-9.55,4.05));
#11932=CARTESIAN_POINT('',(3.75,-9.55,0.));
#11933=CARTESIAN_POINT('',(1.25,-9.55,4.05));
#11934=CARTESIAN_POINT('',(1.875,-9.55,4.05));
#11935=CARTESIAN_POINT('',(1.25,-9.55,0.));
#11936=CARTESIAN_POINT('Origin',(2.5,-8.3,4.2));
#11937=CARTESIAN_POINT('',(1.4,-7.2,4.2));
#11938=CARTESIAN_POINT('',(3.6,-7.2,4.2));
#11939=CARTESIAN_POINT('',(3.125,-7.2,4.2));
#11940=CARTESIAN_POINT('',(1.4,-9.4,4.2));
#11941=CARTESIAN_POINT('',(1.4,-7.675,4.2));
#11942=CARTESIAN_POINT('',(3.6,-9.4,4.2));
#11943=CARTESIAN_POINT('',(1.875,-9.4,4.2));
#11944=CARTESIAN_POINT('',(3.6,-8.925,4.2));
#11945=CARTESIAN_POINT('Origin',(1.25,-7.05,0.));
#11946=CARTESIAN_POINT('',(1.25,-7.05,1.5));
#11947=CARTESIAN_POINT('',(1.25,-7.675,1.5));
#11948=CARTESIAN_POINT('',(1.25,-7.05,4.05));
#11949=CARTESIAN_POINT('',(1.25,-7.675,4.05));
#11950=CARTESIAN_POINT('',(1.25,-7.05,0.));
#11951=CARTESIAN_POINT('Origin',(1.325,-7.675,4.125));
#11952=CARTESIAN_POINT('',(1.4,-9.4,4.2));
#11953=CARTESIAN_POINT('',(1.4,-7.2,4.2));
#11954=CARTESIAN_POINT('Origin',(1.875,-9.475,4.125));
#11955=CARTESIAN_POINT('',(3.6,-9.4,4.2));
#11956=CARTESIAN_POINT('Origin',(3.675,-8.925,4.125));
#11957=CARTESIAN_POINT('',(3.75,-7.05,4.05));
#11958=CARTESIAN_POINT('',(3.75,-8.925,4.05));
#11959=CARTESIAN_POINT('',(3.6,-7.2,4.2));
#11960=CARTESIAN_POINT('Origin',(3.125,-7.125,4.125));
#11961=CARTESIAN_POINT('',(3.125,-7.05,4.05));
#11962=CARTESIAN_POINT('Origin',(3.75,-7.05,0.));
#11963=CARTESIAN_POINT('',(3.75,-7.05,1.5));
#11964=CARTESIAN_POINT('',(1.875,-7.05,1.5));
#11965=CARTESIAN_POINT('',(3.75,-7.05,0.));
#11966=CARTESIAN_POINT('Origin',(3.75,-9.55,0.));
#11967=CARTESIAN_POINT('',(3.75,-8.925,1.5));
#11968=CARTESIAN_POINT('Origin',(1.11022302462516E-15,-8.3,1.5));
#11969=CARTESIAN_POINT('Origin',(-0.0199999999999954,13.2500000149012,1.05));
#11970=CARTESIAN_POINT('',(-0.0200000000000038,13.2500000149012,6.3));
#11971=CARTESIAN_POINT('Origin',(-0.0199999999999977,13.2500000149012,3.5));
#11972=CARTESIAN_POINT('',(-0.0200000000000025,13.2500000149012,5.95));
#11973=CARTESIAN_POINT('Origin',(-0.0199999999999977,13.2500000149012,3.5));
#11974=CARTESIAN_POINT('Origin',(-0.0199999999999977,12.7500000074506,3.5));
#11975=CARTESIAN_POINT('',(-0.0200000000000032,12.25,6.3));
#11976=CARTESIAN_POINT('',(-0.0200000000000032,12.7500000074506,6.3));
#11977=CARTESIAN_POINT('Origin',(-0.0199999999999977,12.25,3.5));
#11978=CARTESIAN_POINT('Origin',(-0.0199999999999954,12.25,0.600000000000001));
#11979=CARTESIAN_POINT('Origin',(-0.0199999999999977,17.2500000074506,3.5));
#11980=CARTESIAN_POINT('',(-0.0200000000000024,18.3,5.95));
#11981=CARTESIAN_POINT('',(-0.0199999999999926,18.3,1.05));
#11982=CARTESIAN_POINT('Origin',(-0.0199999999999977,18.3,3.5));
#11983=CARTESIAN_POINT('',(-0.0200000000000025,17.2500000074506,5.95));
#11984=CARTESIAN_POINT('Origin',(-0.0199999999999977,18.3,3.5));
#11985=CARTESIAN_POINT('Origin',(-0.0199999999999977,18.3,3.5));
#11986=CARTESIAN_POINT('',(-0.0199999999999977,20.75,3.5));
#11987=CARTESIAN_POINT('Origin',(-0.0199999999999977,18.3,3.5));
#11988=CARTESIAN_POINT('Origin',(-2.5,-8.3,-0.75));
#11989=CARTESIAN_POINT('',(-2.2,-8.3,-1.));
#11990=CARTESIAN_POINT('Origin',(-2.5,-8.3,-1.));
#11991=CARTESIAN_POINT('',(-2.,-8.3,-0.5));
#11992=CARTESIAN_POINT('',(-2.1,-8.3,-0.75));
#11993=CARTESIAN_POINT('',(-3.,-8.3,-0.5));
#11994=CARTESIAN_POINT('Origin',(-2.5,-8.3,-0.5));
#11995=CARTESIAN_POINT('Origin',(-2.5,-8.3,-0.5));
#11996=CARTESIAN_POINT('Origin',(-2.5,-8.3,-0.5));
#11997=CARTESIAN_POINT('',(-3.,-8.3,0.));
#11998=CARTESIAN_POINT('Origin',(-2.5,-8.3,0.));
#11999=CARTESIAN_POINT('',(-3.,-8.3,-0.5));
#12000=CARTESIAN_POINT('Origin',(1.11022302462516E-15,-11.3375,-1.));
#12001=CARTESIAN_POINT('Origin',(-2.5,-8.3,0.));
#12002=CARTESIAN_POINT('',(-2.825,-7.975,0.));
#12003=CARTESIAN_POINT('',(-2.825,-8.625,0.));
#12004=CARTESIAN_POINT('',(-2.825,-8.1375,0.));
#12005=CARTESIAN_POINT('',(-2.175,-7.975,0.));
#12006=CARTESIAN_POINT('',(-2.3375,-7.975,0.));
#12007=CARTESIAN_POINT('',(-2.175,-8.625,0.));
#12008=CARTESIAN_POINT('',(-2.175,-8.4625,0.));
#12009=CARTESIAN_POINT('',(-2.6625,-8.625,0.));
#12010=CARTESIAN_POINT('Origin',(-2.175,-8.625,4.2));
#12011=CARTESIAN_POINT('',(-2.175,-7.975,5.2));
#12012=CARTESIAN_POINT('',(-2.175,-7.975,4.2));
#12013=CARTESIAN_POINT('',(-2.175,-8.475,5.7));
#12014=CARTESIAN_POINT('Origin',(-2.175,-8.475,5.2));
#12015=CARTESIAN_POINT('',(-2.175,-15.475,5.7));
#12016=CARTESIAN_POINT('',(-2.175,-12.125,5.7));
#12017=CARTESIAN_POINT('',(-2.175,-15.475,5.05));
#12018=CARTESIAN_POINT('',(-2.175,-15.475,4.7875));
#12019=CARTESIAN_POINT('',(-2.175,-8.725,5.05));
#12020=CARTESIAN_POINT('',(-2.175,-12.125,5.05));
#12021=CARTESIAN_POINT('',(-2.175,-8.625,4.95));
#12022=CARTESIAN_POINT('Origin',(-2.175,-8.725,4.95));
#12023=CARTESIAN_POINT('',(-2.175,-8.625,4.2));
#12024=CARTESIAN_POINT('Origin',(-2.175,-7.975,4.2));
#12025=CARTESIAN_POINT('',(-2.825,-7.975,5.2));
#12026=CARTESIAN_POINT('',(-2.825,-7.975,4.2));
#12027=CARTESIAN_POINT('',(-1.08762241482826,-7.975,5.2));
#12028=CARTESIAN_POINT('Origin',(-2.5,-15.55,5.125));
#12029=CARTESIAN_POINT('',(-2.325,-15.625,5.2));
#12030=CARTESIAN_POINT('',(-2.675,-15.625,5.2));
#12031=CARTESIAN_POINT('',(-2.5,-15.625,5.2));
#12032=CARTESIAN_POINT('',(-2.825,-15.475,5.05));
#12033=CARTESIAN_POINT('',(-2.675,-15.625,5.2));
#12034=CARTESIAN_POINT('',(-2.5,-15.475,5.05));
#12035=CARTESIAN_POINT('',(-2.175,-15.475,5.05));
#12036=CARTESIAN_POINT('Origin',(-2.75,-15.55,4.7875));
#12037=CARTESIAN_POINT('',(-2.825,-15.475,5.7));
#12038=CARTESIAN_POINT('',(-2.825,-15.475,4.7875));
#12039=CARTESIAN_POINT('',(-2.675,-15.625,5.55));
#12040=CARTESIAN_POINT('',(-2.675,-15.625,4.7875));
#12041=CARTESIAN_POINT('',(-2.825,-15.475,5.7));
#12042=CARTESIAN_POINT('Origin',(-2.25,-15.55,4.7875));
#12043=CARTESIAN_POINT('',(-2.325,-15.625,5.55));
#12044=CARTESIAN_POINT('',(-2.325,-15.625,4.7875));
#12045=CARTESIAN_POINT('',(-2.175,-15.475,5.7));
#12046=CARTESIAN_POINT('Origin',(-1.25012241482826,-15.55,5.625));
#12047=CARTESIAN_POINT('',(-1.25012241482826,-15.625,5.55));
#12048=CARTESIAN_POINT('',(-1.25012241482826,-15.475,5.7));
#12049=CARTESIAN_POINT('Origin',(-2.5,-12.125,5.05));
#12050=CARTESIAN_POINT('',(-2.825,-8.725,5.05));
#12051=CARTESIAN_POINT('',(-2.825,-12.125,5.05));
#12052=CARTESIAN_POINT('',(-2.6625,-8.725,5.05));
#12053=CARTESIAN_POINT('Origin',(-2.5,-15.625,5.375));
#12054=CARTESIAN_POINT('Origin',(-2.6625,-8.725,4.95));
#12055=CARTESIAN_POINT('',(-2.825,-8.625,4.95));
#12056=CARTESIAN_POINT('Origin',(-2.825,-8.725,4.95));
#12057=CARTESIAN_POINT('',(-2.6625,-8.625,4.95));
#12058=CARTESIAN_POINT('Origin',(-1.08762241482826,-8.475,5.2));
#12059=CARTESIAN_POINT('',(-2.825,-8.475,5.7));
#12060=CARTESIAN_POINT('Origin',(-2.825,-8.475,5.2));
#12061=CARTESIAN_POINT('',(-1.08762241482826,-8.475,5.7));
#12062=CARTESIAN_POINT('Origin',(-0.000244829656516343,-8.3,5.7));
#12063=CARTESIAN_POINT('',(-2.825,-8.1375,5.7));
#12064=CARTESIAN_POINT('Origin',(-2.825,-7.975,4.2));
#12065=CARTESIAN_POINT('',(-2.825,-8.625,4.2));
#12066=CARTESIAN_POINT('Origin',(-2.825,-8.625,4.2));
#12067=CARTESIAN_POINT('Origin',(0.,-8.3,-0.75));
#12068=CARTESIAN_POINT('',(0.3,-8.3,-1.));
#12069=CARTESIAN_POINT('Origin',(0.,-8.3,-1.));
#12070=CARTESIAN_POINT('',(0.5,-8.3,-0.5));
#12071=CARTESIAN_POINT('',(0.4,-8.3,-0.75));
#12072=CARTESIAN_POINT('',(-0.5,-8.3,-0.5));
#12073=CARTESIAN_POINT('Origin',(0.,-8.3,-0.5));
#12074=CARTESIAN_POINT('Origin',(0.,-8.3,-0.5));
#12075=CARTESIAN_POINT('Origin',(0.,-8.3,-0.5));
#12076=CARTESIAN_POINT('',(-0.5,-8.3,0.));
#12077=CARTESIAN_POINT('Origin',(0.,-8.3,0.));
#12078=CARTESIAN_POINT('',(-0.5,-8.3,-0.5));
#12079=CARTESIAN_POINT('Origin',(1.11022302462516E-15,-11.3375,-1.));
#12080=CARTESIAN_POINT('Origin',(0.,-8.3,0.));
#12081=CARTESIAN_POINT('',(-0.325,-7.975,0.));
#12082=CARTESIAN_POINT('',(-0.325,-8.625,0.));
#12083=CARTESIAN_POINT('',(-0.325,-8.1375,0.));
#12084=CARTESIAN_POINT('',(0.325,-7.975,0.));
#12085=CARTESIAN_POINT('',(0.1625,-7.975,0.));
#12086=CARTESIAN_POINT('',(0.325,-8.625,0.));
#12087=CARTESIAN_POINT('',(0.325,-8.4625,0.));
#12088=CARTESIAN_POINT('',(-0.1625,-8.625,0.));
#12089=CARTESIAN_POINT('Origin',(0.325,-8.625,4.2));
#12090=CARTESIAN_POINT('',(0.325,-7.975,5.2));
#12091=CARTESIAN_POINT('',(0.325,-7.975,4.2));
#12092=CARTESIAN_POINT('',(0.325,-8.475,5.7));
#12093=CARTESIAN_POINT('Origin',(0.325,-8.475,5.2));
#12094=CARTESIAN_POINT('',(0.325,-15.475,5.7));
#12095=CARTESIAN_POINT('',(0.325,-12.125,5.7));
#12096=CARTESIAN_POINT('',(0.325,-15.475,5.05));
#12097=CARTESIAN_POINT('',(0.325,-15.475,4.7875));
#12098=CARTESIAN_POINT('',(0.325,-8.725,5.05));
#12099=CARTESIAN_POINT('',(0.325,-12.125,5.05));
#12100=CARTESIAN_POINT('',(0.325,-8.625,4.95));
#12101=CARTESIAN_POINT('Origin',(0.325,-8.725,4.95));
#12102=CARTESIAN_POINT('',(0.325,-8.625,4.2));
#12103=CARTESIAN_POINT('Origin',(0.325,-7.975,4.2));
#12104=CARTESIAN_POINT('',(-0.325,-7.975,5.2));
#12105=CARTESIAN_POINT('',(-0.325,-7.975,4.2));
#12106=CARTESIAN_POINT('',(0.162377585171742,-7.975,5.2));
#12107=CARTESIAN_POINT('Origin',(0.,-15.55,5.125));
#12108=CARTESIAN_POINT('',(0.175,-15.625,5.2));
#12109=CARTESIAN_POINT('',(-0.175,-15.625,5.2));
#12110=CARTESIAN_POINT('',(0.,-15.625,5.2));
#12111=CARTESIAN_POINT('',(-0.325,-15.475,5.05));
#12112=CARTESIAN_POINT('',(-0.175,-15.625,5.2));
#12113=CARTESIAN_POINT('',(0.,-15.475,5.05));
#12114=CARTESIAN_POINT('',(0.325,-15.475,5.05));
#12115=CARTESIAN_POINT('Origin',(-0.25,-15.55,4.7875));
#12116=CARTESIAN_POINT('',(-0.325,-15.475,5.7));
#12117=CARTESIAN_POINT('',(-0.325,-15.475,4.7875));
#12118=CARTESIAN_POINT('',(-0.175,-15.625,5.55));
#12119=CARTESIAN_POINT('',(-0.175,-15.625,4.7875));
#12120=CARTESIAN_POINT('',(-0.325,-15.475,5.7));
#12121=CARTESIAN_POINT('Origin',(0.25,-15.55,4.7875));
#12122=CARTESIAN_POINT('',(0.175,-15.625,5.55));
#12123=CARTESIAN_POINT('',(0.175,-15.625,4.7875));
#12124=CARTESIAN_POINT('',(0.325,-15.475,5.7));
#12125=CARTESIAN_POINT('Origin',(-0.000122414828258172,-15.55,5.625));
#12126=CARTESIAN_POINT('',(-0.000122414828258172,-15.625,5.55));
#12127=CARTESIAN_POINT('',(-0.000122414828258172,-15.475,5.7));
#12128=CARTESIAN_POINT('Origin',(0.,-12.125,5.05));
#12129=CARTESIAN_POINT('',(-0.325,-8.725,5.05));
#12130=CARTESIAN_POINT('',(-0.325,-12.125,5.05));
#12131=CARTESIAN_POINT('',(-0.1625,-8.725,5.05));
#12132=CARTESIAN_POINT('Origin',(0.,-15.625,5.375));
#12133=CARTESIAN_POINT('Origin',(-0.1625,-8.725,4.95));
#12134=CARTESIAN_POINT('',(-0.325,-8.625,4.95));
#12135=CARTESIAN_POINT('Origin',(-0.325,-8.725,4.95));
#12136=CARTESIAN_POINT('',(-0.1625,-8.625,4.95));
#12137=CARTESIAN_POINT('Origin',(0.162377585171742,-8.475,5.2));
#12138=CARTESIAN_POINT('',(-0.325,-8.475,5.7));
#12139=CARTESIAN_POINT('Origin',(-0.325,-8.475,5.2));
#12140=CARTESIAN_POINT('',(0.162377585171742,-8.475,5.7));
#12141=CARTESIAN_POINT('Origin',(-0.000244829656516343,-8.3,5.7));
#12142=CARTESIAN_POINT('',(-0.325,-8.1375,5.7));
#12143=CARTESIAN_POINT('Origin',(-0.325,-7.975,4.2));
#12144=CARTESIAN_POINT('',(-0.325,-8.625,4.2));
#12145=CARTESIAN_POINT('Origin',(-0.325,-8.625,4.2));
#12146=CARTESIAN_POINT('Origin',(2.49951034068697,-8.3,-0.75));
#12147=CARTESIAN_POINT('',(2.79951034068697,-8.3,-1.));
#12148=CARTESIAN_POINT('Origin',(2.49951034068697,-8.3,-1.));
#12149=CARTESIAN_POINT('',(2.99951034068697,-8.3,-0.5));
#12150=CARTESIAN_POINT('',(2.89951034068697,-8.3,-0.75));
#12151=CARTESIAN_POINT('',(1.99951034068697,-8.3,-0.5));
#12152=CARTESIAN_POINT('Origin',(2.49951034068697,-8.3,-0.5));
#12153=CARTESIAN_POINT('Origin',(2.49951034068697,-8.3,-0.5));
#12154=CARTESIAN_POINT('Origin',(2.49951034068697,-8.3,-0.5));
#12155=CARTESIAN_POINT('',(1.99951034068697,-8.3,0.));
#12156=CARTESIAN_POINT('Origin',(2.49951034068697,-8.3,0.));
#12157=CARTESIAN_POINT('',(1.99951034068697,-8.3,-0.5));
#12158=CARTESIAN_POINT('Origin',(1.11022302462516E-15,-11.3375,-1.));
#12159=CARTESIAN_POINT('Origin',(2.49951034068697,-8.3,0.));
#12160=CARTESIAN_POINT('',(2.17451034068697,-7.975,0.));
#12161=CARTESIAN_POINT('',(2.17451034068697,-8.625,0.));
#12162=CARTESIAN_POINT('',(2.17451034068697,-8.1375,0.));
#12163=CARTESIAN_POINT('',(2.82451034068697,-7.975,0.));
#12164=CARTESIAN_POINT('',(2.66201034068697,-7.975,0.));
#12165=CARTESIAN_POINT('',(2.82451034068697,-8.625,0.));
#12166=CARTESIAN_POINT('',(2.82451034068697,-8.4625,0.));
#12167=CARTESIAN_POINT('',(2.33701034068697,-8.625,0.));
#12168=CARTESIAN_POINT('Origin',(2.82451034068697,-8.625,4.2));
#12169=CARTESIAN_POINT('',(2.82451034068697,-7.975,5.2));
#12170=CARTESIAN_POINT('',(2.82451034068697,-7.975,4.2));
#12171=CARTESIAN_POINT('',(2.82451034068697,-8.475,5.7));
#12172=CARTESIAN_POINT('Origin',(2.82451034068697,-8.475,5.2));
#12173=CARTESIAN_POINT('',(2.82451034068697,-15.475,5.7));
#12174=CARTESIAN_POINT('',(2.82451034068697,-12.125,5.7));
#12175=CARTESIAN_POINT('',(2.82451034068697,-15.475,5.05));
#12176=CARTESIAN_POINT('',(2.82451034068697,-15.475,4.7875));
#12177=CARTESIAN_POINT('',(2.82451034068697,-8.725,5.05));
#12178=CARTESIAN_POINT('',(2.82451034068697,-12.125,5.05));
#12179=CARTESIAN_POINT('',(2.82451034068697,-8.625,4.95));
#12180=CARTESIAN_POINT('Origin',(2.82451034068697,-8.725,4.95));
#12181=CARTESIAN_POINT('',(2.82451034068697,-8.625,4.2));
#12182=CARTESIAN_POINT('Origin',(2.82451034068697,-7.975,4.2));
#12183=CARTESIAN_POINT('',(2.17451034068697,-7.975,5.2));
#12184=CARTESIAN_POINT('',(2.17451034068697,-7.975,4.2));
#12185=CARTESIAN_POINT('',(1.41213275551522,-7.975,5.2));
#12186=CARTESIAN_POINT('Origin',(2.49951034068697,-15.55,5.125));
#12187=CARTESIAN_POINT('',(2.67451034068697,-15.625,5.2));
#12188=CARTESIAN_POINT('',(2.32451034068697,-15.625,5.2));
#12189=CARTESIAN_POINT('',(2.49951034068697,-15.625,5.2));
#12190=CARTESIAN_POINT('',(2.17451034068697,-15.475,5.05));
#12191=CARTESIAN_POINT('',(2.32451034068697,-15.625,5.2));
#12192=CARTESIAN_POINT('',(2.49951034068697,-15.475,5.05));
#12193=CARTESIAN_POINT('',(2.82451034068697,-15.475,5.05));
#12194=CARTESIAN_POINT('Origin',(2.24951034068697,-15.55,4.7875));
#12195=CARTESIAN_POINT('',(2.17451034068697,-15.475,5.7));
#12196=CARTESIAN_POINT('',(2.17451034068697,-15.475,4.7875));
#12197=CARTESIAN_POINT('',(2.32451034068697,-15.625,5.55));
#12198=CARTESIAN_POINT('',(2.32451034068697,-15.625,4.7875));
#12199=CARTESIAN_POINT('',(2.17451034068697,-15.475,5.7));
#12200=CARTESIAN_POINT('Origin',(2.74951034068697,-15.55,4.7875));
#12201=CARTESIAN_POINT('',(2.67451034068697,-15.625,5.55));
#12202=CARTESIAN_POINT('',(2.67451034068697,-15.625,4.7875));
#12203=CARTESIAN_POINT('',(2.82451034068697,-15.475,5.7));
#12204=CARTESIAN_POINT('Origin',(1.24963275551522,-15.55,5.625));
#12205=CARTESIAN_POINT('',(1.24963275551522,-15.625,5.55));
#12206=CARTESIAN_POINT('',(1.24963275551522,-15.475,5.7));
#12207=CARTESIAN_POINT('Origin',(2.49951034068697,-12.125,5.05));
#12208=CARTESIAN_POINT('',(2.17451034068697,-8.725,5.05));
#12209=CARTESIAN_POINT('',(2.17451034068697,-12.125,5.05));
#12210=CARTESIAN_POINT('',(2.33701034068697,-8.725,5.05));
#12211=CARTESIAN_POINT('Origin',(2.49951034068697,-15.625,5.375));
#12212=CARTESIAN_POINT('Origin',(2.33701034068697,-8.725,4.95));
#12213=CARTESIAN_POINT('',(2.17451034068697,-8.625,4.95));
#12214=CARTESIAN_POINT('Origin',(2.17451034068697,-8.725,4.95));
#12215=CARTESIAN_POINT('',(2.33701034068697,-8.625,4.95));
#12216=CARTESIAN_POINT('Origin',(1.41213275551522,-8.475,5.2));
#12217=CARTESIAN_POINT('',(2.17451034068697,-8.475,5.7));
#12218=CARTESIAN_POINT('Origin',(2.17451034068697,-8.475,5.2));
#12219=CARTESIAN_POINT('',(1.41213275551522,-8.475,5.7));
#12220=CARTESIAN_POINT('Origin',(-0.000244829656516621,-8.3,5.7));
#12221=CARTESIAN_POINT('',(2.17451034068697,-8.1375,5.7));
#12222=CARTESIAN_POINT('Origin',(2.17451034068697,-7.975,4.2));
#12223=CARTESIAN_POINT('',(2.17451034068697,-8.625,4.2));
#12224=CARTESIAN_POINT('Origin',(2.17451034068697,-8.625,4.2));
#12225=CARTESIAN_POINT('Origin',(-2.26295292179718,16.3440506819553,3.85));
#12226=CARTESIAN_POINT('',(-1.98935662346906,16.3440506819553,3.3));
#12227=CARTESIAN_POINT('',(-1.98935662346906,16.3440506819553,3.85));
#12228=CARTESIAN_POINT('Origin',(-1.98935662346906,16.3440506819553,3.575));
#12229=CARTESIAN_POINT('',(-1.70529734839653,16.3440506819553,3.85));
#12230=CARTESIAN_POINT('',(-1.70529734839653,16.3440506819553,3.85));
#12231=CARTESIAN_POINT('',(-1.70529734839653,16.3440506819553,3.3));
#12232=CARTESIAN_POINT('',(-1.70529734839653,16.3440506819553,3.85));
#12233=CARTESIAN_POINT('',(-1.70529734839653,16.3440506819553,3.3));
#12234=CARTESIAN_POINT('Ctrl Pts',(-1.98935662346906,14.25,3.3));
#12235=CARTESIAN_POINT('Ctrl Pts',(-2.26439851368114,14.25,3.3));
#12236=CARTESIAN_POINT('Ctrl Pts',(-2.26439851368114,14.25,3.575));
#12237=CARTESIAN_POINT('Ctrl Pts',(-2.26439851368114,14.25,3.85));
#12238=CARTESIAN_POINT('Ctrl Pts',(-1.98935662346906,14.25,3.85));
#12239=CARTESIAN_POINT('Ctrl Pts',(-1.98935662346906,16.3440506819553,3.3));
#12240=CARTESIAN_POINT('Ctrl Pts',(-2.26439851368114,16.3440506819553,3.3));
#12241=CARTESIAN_POINT('Ctrl Pts',(-2.26439851368114,16.3440506819553,3.575));
#12242=CARTESIAN_POINT('Ctrl Pts',(-2.26439851368114,16.3440506819553,3.85));
#12243=CARTESIAN_POINT('Ctrl Pts',(-1.98935662346906,16.3440506819553,3.85));
#12244=CARTESIAN_POINT('',(-1.98935662346906,14.25,3.3));
#12245=CARTESIAN_POINT('',(-1.98935662346906,14.25,3.3));
#12246=CARTESIAN_POINT('',(-1.98935662346906,14.25,3.85));
#12247=CARTESIAN_POINT('Origin',(-1.98935662346906,14.25,3.575));
#12248=CARTESIAN_POINT('',(-1.98935662346906,14.25,3.85));
#12249=CARTESIAN_POINT('Origin',(-0.514314733256989,13.75,3.85));
#12250=CARTESIAN_POINT('',(-0.946854580164537,13.75,3.85));
#12251=CARTESIAN_POINT('',(-0.946854580164537,13.75,3.3));
#12252=CARTESIAN_POINT('',(-0.946854580164537,13.75,3.85));
#12253=CARTESIAN_POINT('',(-1.99808415593317,13.75,3.85));
#12254=CARTESIAN_POINT('',(-1.71431473325699,13.75,3.85));
#12255=CARTESIAN_POINT('',(-1.7230422657211,13.75,3.575));
#12256=CARTESIAN_POINT('Origin',(-1.99808415593317,13.75,3.575));
#12257=CARTESIAN_POINT('',(-1.99808415888265,13.75,3.3));
#12258=CARTESIAN_POINT('Origin',(-1.99808415593317,13.75,3.575));
#12259=CARTESIAN_POINT('',(-1.71431473325699,13.75,3.3));
#12260=CARTESIAN_POINT('Origin',(-1.70529734839653,15.5034633483007,3.85));
#12261=CARTESIAN_POINT('',(-1.70529734839653,15.5034633483007,3.85));
#12262=CARTESIAN_POINT('',(-0.514314733256989,12.75,3.85));
#12263=CARTESIAN_POINT('',(-1.70529734839653,15.5034633483007,3.3));
#12264=CARTESIAN_POINT('',(-0.514314733256989,12.75,3.3));
#12265=CARTESIAN_POINT('',(-1.70529734839653,15.5034633483007,3.85));
#12266=CARTESIAN_POINT('Origin',(-1.70529734839653,17.8440506819553,3.85));
#12267=CARTESIAN_POINT('',(-1.70529734839653,17.0034633483007,3.85));
#12268=CARTESIAN_POINT('',(-1.70529734839653,17.0034633483007,3.3));
#12269=CARTESIAN_POINT('Origin',(-1.38935662346906,16.0470253409777,3.85));
#12270=CARTESIAN_POINT('',(-2.20623866307992,1.82483627229312,3.85));
#12271=CARTESIAN_POINT('Origin',(-1.38935662346906,16.0470253409777,3.3));
#12272=CARTESIAN_POINT('',(-2.20623866307992,1.82483627229312,3.3));
#12273=CARTESIAN_POINT('Origin',(-2.225,0.750000000000001,1.7));
#12274=CARTESIAN_POINT('',(-2.7,0.75,1.5));
#12275=CARTESIAN_POINT('Origin',(-2.225,0.750000000000001,1.5));
#12276=CARTESIAN_POINT('',(-2.5,0.750000000000001,1.7));
#12277=CARTESIAN_POINT('Origin',(-2.7,0.750000000000001,1.7));
#12278=CARTESIAN_POINT('',(-1.95004188383199,0.745200588229748,1.7));
#12279=CARTESIAN_POINT('Origin',(-2.225,0.750000000000001,1.7));
#12280=CARTESIAN_POINT('Origin',(-2.225,0.750000000000001,1.7));
#12281=CARTESIAN_POINT('Origin',(-2.225,0.750000000000001,1.5));
#12282=CARTESIAN_POINT('',(-1.95004188383199,0.745200588229748,2.5));
#12283=CARTESIAN_POINT('',(-2.22020058822975,1.02495811616801,2.5));
#12284=CARTESIAN_POINT('Origin',(-2.225,0.750000000000001,2.5));
#12285=CARTESIAN_POINT('',(-1.95004188383199,0.745200588229748,1.5));
#12286=CARTESIAN_POINT('Origin',(-2.225,0.750000000000001,2.5));
#12287=CARTESIAN_POINT('Origin',(-2.225,0.75,-0.635889894354067));
#12288=CARTESIAN_POINT('',(-2.69992765519929,0.758289893057709,-2.77555756156289E-16));
#12289=CARTESIAN_POINT('',(-2.7,0.750000000000001,0.));
#12290=CARTESIAN_POINT('Origin',(-2.225,0.750000000000001,0.));
#12291=CARTESIAN_POINT('Origin',(-2.225,0.750000000000001,0.));
#12292=CARTESIAN_POINT('',(-2.49995811616801,0.754799411770253,-0.4));
#12293=CARTESIAN_POINT('Origin',(-3.4715898981074,0.771759307610325,-0.635889894354067));
#12294=CARTESIAN_POINT('',(-1.95004188383199,0.745200588229747,-0.4));
#12295=CARTESIAN_POINT('Origin',(-2.225,0.75,-0.4));
#12296=CARTESIAN_POINT('Origin',(-2.225,0.75,-0.4));
#12297=CARTESIAN_POINT('Origin',(-2.225,0.750000000000001,0.75));
#12298=CARTESIAN_POINT('',(-2.7,0.750000000000001,0.75));
#12299=CARTESIAN_POINT('Origin',(-2.225,0.75,-0.45));
#12300=CARTESIAN_POINT('',(-2.05002665334763,0.746945828873475,-0.5));
#12301=CARTESIAN_POINT('Origin',(-2.225,0.75,-0.5));
#12302=CARTESIAN_POINT('',(-2.00003426858981,0.746073208551611,-0.45));
#12303=CARTESIAN_POINT('Origin',(-2.225,0.750000000000001,-0.5));
#12304=CARTESIAN_POINT('Origin',(-2.20623866307992,1.82483627229312,3.575));
#12305=CARTESIAN_POINT('',(-1.93128054691191,1.82003686052287,3.575));
#12306=CARTESIAN_POINT('',(-1.93128054691191,1.82003686052287,3.575));
#12307=CARTESIAN_POINT('',(-2.20623866307992,1.82483627229312,3.3));
#12308=CARTESIAN_POINT('Origin',(-2.20623866307992,1.82483627229312,3.575));
#12309=CARTESIAN_POINT('Origin',(-2.20623866307992,1.82483627229312,3.575));
#12310=CARTESIAN_POINT('Origin',(-2.20623866307992,1.82483627229312,2.5));
#12311=CARTESIAN_POINT('Origin',(-2.20623866307992,1.82483627229312,2.5));
#12312=CARTESIAN_POINT('Ctrl Pts',(1.75356961186141,14.25,3.85));
#12313=CARTESIAN_POINT('Ctrl Pts',(2.02873723654358,14.25,3.85));
#12314=CARTESIAN_POINT('Ctrl Pts',(2.02873723654358,14.25,3.575));
#12315=CARTESIAN_POINT('Ctrl Pts',(2.02873723654358,14.25,3.3));
#12316=CARTESIAN_POINT('Ctrl Pts',(1.75356961186141,14.25,3.3));
#12317=CARTESIAN_POINT('Ctrl Pts',(1.75356961186141,16.3721226910008,3.85));
#12318=CARTESIAN_POINT('Ctrl Pts',(2.02873723654358,16.3721226910008,3.85));
#12319=CARTESIAN_POINT('Ctrl Pts',(2.02873723654358,16.3721226910008,3.575));
#12320=CARTESIAN_POINT('Ctrl Pts',(2.02873723654358,16.3721226910008,3.3));
#12321=CARTESIAN_POINT('Ctrl Pts',(1.75356961186141,16.3721226910008,3.3));
#12322=CARTESIAN_POINT('',(1.75356961186141,16.3721226910008,3.85));
#12323=CARTESIAN_POINT('',(1.75356961186141,16.3721226910008,3.3));
#12324=CARTESIAN_POINT('Origin',(1.75356961186141,16.3721226910008,3.575));
#12325=CARTESIAN_POINT('',(1.75356961186141,14.25,3.85));
#12326=CARTESIAN_POINT('',(1.75356961186141,14.25,3.85));
#12327=CARTESIAN_POINT('',(2.02873723654358,14.25,3.575));
#12328=CARTESIAN_POINT('Origin',(1.75356961186141,14.25,3.575));
#12329=CARTESIAN_POINT('',(1.75356961186141,14.25,3.3));
#12330=CARTESIAN_POINT('Origin',(1.75356961186141,14.25,3.575));
#12331=CARTESIAN_POINT('',(1.75356961186141,14.25,3.3));
#12332=CARTESIAN_POINT('Origin',(0.460395256019011,16.0610613455004,3.85));
#12333=CARTESIAN_POINT('',(-0.459136954144237,16.3721226910008,3.85));
#12334=CARTESIAN_POINT('',(-0.323775734243275,16.3721226910008,3.85));
#12335=CARTESIAN_POINT('',(0.675035593194057,13.75,3.85));
#12336=CARTESIAN_POINT('',(-1.10794672450556,17.8721226910008,3.85));
#12337=CARTESIAN_POINT('',(1.77102999660728,13.75,3.85));
#12338=CARTESIAN_POINT('',(0.458765669740284,13.75,3.85));
#12339=CARTESIAN_POINT('',(2.18748304104481,1.82434513904553,3.85));
#12340=CARTESIAN_POINT('Origin',(2.02873723654358,13.75,3.85));
#12341=CARTESIAN_POINT('',(0.675035593194058,13.75,3.3));
#12342=CARTESIAN_POINT('',(0.675035593194057,13.75,3.85));
#12343=CARTESIAN_POINT('',(1.77102999956604,13.75,3.3));
#12344=CARTESIAN_POINT('',(0.458765669740284,13.75,3.3));
#12345=CARTESIAN_POINT('Origin',(1.77102999660728,13.75,3.575));
#12346=CARTESIAN_POINT('Origin',(-1.10794672450556,16.3721226910008,3.85));
#12347=CARTESIAN_POINT('',(-0.459136954144236,16.3721226910008,3.3));
#12348=CARTESIAN_POINT('',(-0.323775734243275,16.3721226910008,3.3));
#12349=CARTESIAN_POINT('',(-0.459136954144237,16.3721226910008,3.85));
#12350=CARTESIAN_POINT('Origin',(0.458765669740283,14.25,3.85));
#12351=CARTESIAN_POINT('',(-1.10794672450556,17.8721226910008,3.3));
#12352=CARTESIAN_POINT('Origin',(0.460395256019011,16.0610613455004,3.3));
#12353=CARTESIAN_POINT('',(2.18748304104481,1.82434513904553,3.3));
#12354=CARTESIAN_POINT('Origin',(2.225,0.750000000000001,1.7));
#12355=CARTESIAN_POINT('',(1.75,0.75,1.5));
#12356=CARTESIAN_POINT('Origin',(2.225,0.750000000000001,1.5));
#12357=CARTESIAN_POINT('',(1.95,0.75,1.7));
#12358=CARTESIAN_POINT('Origin',(1.75,0.75,1.7));
#12359=CARTESIAN_POINT('',(2.49983247743025,0.759597361593188,1.7));
#12360=CARTESIAN_POINT('Origin',(2.225,0.750000000000001,1.7));
#12361=CARTESIAN_POINT('Origin',(2.225,0.750000000000001,1.7));
#12362=CARTESIAN_POINT('Origin',(2.225,0.750000000000001,1.5));
#12363=CARTESIAN_POINT('',(2.49983247743025,0.759597361593188,2.5));
#12364=CARTESIAN_POINT('',(2.21540263840681,1.02483247743025,2.5));
#12365=CARTESIAN_POINT('Origin',(2.225,0.750000000000001,2.5));
#12366=CARTESIAN_POINT('',(2.49983247743025,0.759597361593188,1.5));
#12367=CARTESIAN_POINT('Origin',(2.225,0.750000000000001,2.5));
#12368=CARTESIAN_POINT('Origin',(2.225,0.75,-0.635889894354067));
#12369=CARTESIAN_POINT('',(1.75028935716593,0.733422739066311,-1.38777878078145E-16));
#12370=CARTESIAN_POINT('',(1.75,0.750000000000001,0.));
#12371=CARTESIAN_POINT('Origin',(2.225,0.750000000000001,0.));
#12372=CARTESIAN_POINT('Origin',(2.225,0.750000000000001,0.));
#12373=CARTESIAN_POINT('',(1.95016752256975,0.740402638406812,-0.4));
#12374=CARTESIAN_POINT('Origin',(0.978979715852284,0.706488012875235,-0.635889894354067));
#12375=CARTESIAN_POINT('',(2.49983247743025,0.759597361593188,-0.4));
#12376=CARTESIAN_POINT('Origin',(2.225,0.75,-0.4));
#12377=CARTESIAN_POINT('Origin',(2.225,0.75,-0.4));
#12378=CARTESIAN_POINT('Origin',(2.225,0.750000000000001,0.75));
#12379=CARTESIAN_POINT('',(1.75,0.750000000000001,0.75));
#12380=CARTESIAN_POINT('Origin',(2.225,0.75,-0.45));
#12381=CARTESIAN_POINT('',(2.39989339472834,0.756107411922938,-0.5));
#12382=CARTESIAN_POINT('Origin',(2.225,0.75,-0.5));
#12383=CARTESIAN_POINT('',(2.4498629360793,0.757852386758063,-0.45));
#12384=CARTESIAN_POINT('Origin',(2.225,0.750000000000001,-0.5));
#12385=CARTESIAN_POINT('Origin',(2.18748304104481,1.82434513904553,3.575));
#12386=CARTESIAN_POINT('',(2.46231551847506,1.83394250063872,3.575));
#12387=CARTESIAN_POINT('',(2.46231551847506,1.83394250063872,3.575));
#12388=CARTESIAN_POINT('',(2.18748304104481,1.82434513904553,3.3));
#12389=CARTESIAN_POINT('Origin',(2.18748304104481,1.82434513904553,3.575));
#12390=CARTESIAN_POINT('Origin',(2.18748304104481,1.82434513904553,3.575));
#12391=CARTESIAN_POINT('Origin',(2.18748304104481,1.82434513904553,2.5));
#12392=CARTESIAN_POINT('Origin',(2.18748304104481,1.82434513904553,2.5));
#12393=UNCERTAINTY_MEASURE_WITH_UNIT(LENGTH_MEASURE(0.01),#12397,
'DISTANCE_ACCURACY_VALUE',
'Maximum model space distance between geometric entities at asserted c
onnectivities');
#12394=UNCERTAINTY_MEASURE_WITH_UNIT(LENGTH_MEASURE(0.01),#12397,
'DISTANCE_ACCURACY_VALUE',
'Maximum model space distance between geometric entities at asserted c
onnectivities');
#12395=(
GEOMETRIC_REPRESENTATION_CONTEXT(3)
GLOBAL_UNCERTAINTY_ASSIGNED_CONTEXT((#12393))
GLOBAL_UNIT_ASSIGNED_CONTEXT((#12397,#12399,#12400))
REPRESENTATION_CONTEXT('','3D')
);
#12396=(
GEOMETRIC_REPRESENTATION_CONTEXT(3)
GLOBAL_UNCERTAINTY_ASSIGNED_CONTEXT((#12394))
GLOBAL_UNIT_ASSIGNED_CONTEXT((#12397,#12399,#12400))
REPRESENTATION_CONTEXT('','3D')
);
#12397=(
LENGTH_UNIT()
NAMED_UNIT(*)
SI_UNIT(.MILLI.,.METRE.)
);
#12398=(
LENGTH_UNIT()
NAMED_UNIT(*)
SI_UNIT($,.METRE.)
);
#12399=(
NAMED_UNIT(*)
PLANE_ANGLE_UNIT()
SI_UNIT($,.RADIAN.)
);
#12400=(
NAMED_UNIT(*)
SI_UNIT($,.STERADIAN.)
SOLID_ANGLE_UNIT()
);
#12401=SHAPE_DEFINITION_REPRESENTATION(#12402,#12403);
#12402=PRODUCT_DEFINITION_SHAPE('',$,#12405);
#12403=SHAPE_REPRESENTATION('',(#6773),#12395);
#12404=PRODUCT_DEFINITION_CONTEXT('part definition',#12409,'design');
#12405=PRODUCT_DEFINITION('KY-005 transmitter','KY-005 transmitter v1',
#12406,#12404);
#12406=PRODUCT_DEFINITION_FORMATION('',$,#12411);
#12407=PRODUCT_RELATED_PRODUCT_CATEGORY('KY-005 transmitter v1',
'KY-005 transmitter v1',(#12411));
#12408=APPLICATION_PROTOCOL_DEFINITION('international standard',
'ap242_managed_model_based_3d_engineering',2011,#12409);
#12409=APPLICATION_CONTEXT('Managed model based 3d engineering');
#12410=PRODUCT_CONTEXT('part definition',#12409,'mechanical');
#12411=PRODUCT('KY-005 transmitter','KY-005 transmitter v1',$,(#12410));
#12412=PRESENTATION_STYLE_ASSIGNMENT((#12418));
#12413=PRESENTATION_STYLE_ASSIGNMENT((#12419));
#12414=PRESENTATION_STYLE_ASSIGNMENT((#12420));
#12415=PRESENTATION_STYLE_ASSIGNMENT((#12421));
#12416=PRESENTATION_STYLE_ASSIGNMENT((#12422));
#12417=PRESENTATION_STYLE_ASSIGNMENT((#12423));
#12418=SURFACE_STYLE_USAGE(.BOTH.,#12424);
#12419=SURFACE_STYLE_USAGE(.BOTH.,#12425);
#12420=SURFACE_STYLE_USAGE(.BOTH.,#12426);
#12421=SURFACE_STYLE_USAGE(.BOTH.,#12427);
#12422=SURFACE_STYLE_USAGE(.BOTH.,#12428);
#12423=SURFACE_STYLE_USAGE(.BOTH.,#12429);
#12424=SURFACE_SIDE_STYLE('',(#12430));
#12425=SURFACE_SIDE_STYLE('',(#12431));
#12426=SURFACE_SIDE_STYLE('',(#12432));
#12427=SURFACE_SIDE_STYLE('',(#12433));
#12428=SURFACE_SIDE_STYLE('',(#12434));
#12429=SURFACE_SIDE_STYLE('',(#12435));
#12430=SURFACE_STYLE_FILL_AREA(#12436);
#12431=SURFACE_STYLE_FILL_AREA(#12437);
#12432=SURFACE_STYLE_FILL_AREA(#12438);
#12433=SURFACE_STYLE_FILL_AREA(#12439);
#12434=SURFACE_STYLE_FILL_AREA(#12440);
#12435=SURFACE_STYLE_FILL_AREA(#12441);
#12436=FILL_AREA_STYLE('Acciaio - Satinato',(#12442));
#12437=FILL_AREA_STYLE('Vernice - Smalto lucido (nero)',(#12443));
#12438=FILL_AREA_STYLE('Vernice - Smalto lucido (bianco)',(#12444));
#12439=FILL_AREA_STYLE('Argento - Lucidato',(#12445));
#12440=FILL_AREA_STYLE('Rivestimento a polvere (nero)',(#12446));
#12441=FILL_AREA_STYLE('Vetro (grigio)',(#12447));
#12442=FILL_AREA_STYLE_COLOUR('Acciaio - Satinato',#12448);
#12443=FILL_AREA_STYLE_COLOUR('Vernice - Smalto lucido (nero)',#12449);
#12444=FILL_AREA_STYLE_COLOUR('Vernice - Smalto lucido (bianco)',#12450);
#12445=FILL_AREA_STYLE_COLOUR('Argento - Lucidato',#12451);
#12446=FILL_AREA_STYLE_COLOUR('Rivestimento a polvere (nero)',#12452);
#12447=FILL_AREA_STYLE_COLOUR('Vetro (grigio)',#12453);
#12448=COLOUR_RGB('Acciaio - Satinato',0.627450980392157,0.627450980392157,
0.627450980392157);
#12449=COLOUR_RGB('Vernice - Smalto lucido (nero)',0.0980392156862745,0.0980392156862745,
0.0980392156862745);
#12450=COLOUR_RGB('Vernice - Smalto lucido (bianco)',0.964705882352941,
0.964705882352941,0.952941176470588);
#12451=COLOUR_RGB('Argento - Lucidato',0.984313725490196,0.980392156862745,
0.96078431372549);
#12452=COLOUR_RGB('Rivestimento a polvere (nero)',0.0980392156862745,0.0980392156862745,
0.0980392156862745);
#12453=COLOUR_RGB('Vetro (grigio)',0.701960784313725,0.701960784313725,
0.701960784313725);
ENDSEC;
END-ISO-10303-21;
