ISO-10303-21;
HEADER;
FILE_DESCRIPTION (( 'STEP AP214' ),
    '1' );
FILE_NAME ('Push_Button.STEP',
    '2025-12-29T23:44:51',
    ( '' ),
    ( '' ),
    'SwSTEP 2.0',
    'SolidWorks 2025',
    '' );
FILE_SCHEMA (( 'AUTOMOTIVE_DESIGN' ));
ENDSEC;

DATA;
#1 = PLANE ( 'NONE',  #2909 ) ;
#2 = CARTESIAN_POINT ( 'NONE',  ( -1.800000000000000044, 3.399999999999999911, 1.800000000000000044 ) ) ;
#3 = ADVANCED_FACE ( 'NONE', ( #2086, #28, #551 ), #718, .T. ) ;
#4 = CIRCLE ( 'NONE', #474, 0.2000000000000002887 ) ;
#5 = CARTESIAN_POINT ( 'NONE',  ( -0.5000000000000000000, 1.612297934832824797, -1.795952692852370136 ) ) ;
#6 = DIRECTION ( 'NONE',  ( 0.000000000000000000, 0.000000000000000000, -1.000000000000000000 ) ) ;
#7 = ORIENTED_EDGE ( 'NONE', *, *, #2873, .T. ) ;
#8 = ORIENTED_EDGE ( 'NONE', *, *, #193, .T. ) ;
#9 = SURFACE_STYLE_USAGE ( .BOTH. , #438 ) ;
#10 = EDGE_CURVE ( 'NONE', #1547, #2732, #2315, .T. ) ;
#11 = ADVANCED_BREP_SHAPE_REPRESENTATION ( '', ( #2815, #799 ), #361 ) ;
#12 = LINE ( 'NONE', #224, #2841 ) ;
#13 = PRESENTATION_LAYER_ASSIGNMENT (  '', '', ( #1783 ) ) ;
#14 = SURFACE_SIDE_STYLE ('',( #237 ) ) ;
#15 = CARTESIAN_POINT ( 'NONE',  ( 1.500000000000000000, 0.2000000000000000111, 2.200000000000000178 ) ) ;
#16 = DIRECTION ( 'NONE',  ( 0.000000000000000000, 0.000000000000000000, 1.000000000000000000 ) ) ;
#17 = PRESENTATION_LAYER_ASSIGNMENT (  '', '', ( #2505 ) ) ;
#18 = ORIENTED_EDGE ( 'NONE', *, *, #20, .F. ) ;
#19 = CARTESIAN_POINT ( 'NONE',  ( 0.5000000000000000000, 4.150000000000000355, 0.000000000000000000 ) ) ;
#20 = EDGE_CURVE ( 'NONE', #2397, #208, #443, .T. ) ;
#21 = CYLINDRICAL_SURFACE ( 'NONE', #1125, 1.500000000000000000 ) ;
#22 = EDGE_LOOP ( 'NONE', ( #2271, #2202, #2144, #175 ) ) ;
#23 = CARTESIAN_POINT ( 'NONE',  ( -0.5000000000000000000, 2.156023520308475216, -1.477456796944291773 ) ) ;
#24 = ORIENTED_EDGE ( 'NONE', *, *, #2096, .F. ) ;
#25 = CARTESIAN_POINT ( 'NONE',  ( -1.500000000000000000, -3.649999999999999911, -1.700000000000000178 ) ) ;
#26 = CARTESIAN_POINT ( 'NONE',  ( -0.5000000000000000000, 4.315973357264949684, -0.8280655998811650154 ) ) ;
#27 = DIRECTION ( 'NONE',  ( 0.000000000000000000, 0.000000000000000000, 1.000000000000000000 ) ) ;
#28 = FACE_BOUND ( 'NONE', #359, .T. ) ;
#29 = LINE ( 'NONE', #719, #205 ) ;
#30 = DIRECTION ( 'NONE',  ( 0.000000000000000000, 0.000000000000000000, -1.000000000000000000 ) ) ;
#31 = CARTESIAN_POINT ( 'NONE',  ( 0.000000000000000000, 3.000000000000000000, 0.000000000000000000 ) ) ;
#32 = CARTESIAN_POINT ( 'NONE',  ( -2.500000000000000000, 3.000000000000000000, 2.500000000000000000 ) ) ;
#33 = DIRECTION ( 'NONE',  ( 1.000000000000000000, 0.000000000000000000, 0.000000000000000000 ) ) ;
#34 = SURFACE_STYLE_FILL_AREA ( #305 ) ;
#35 = CARTESIAN_POINT ( 'NONE',  ( -2.500000000000000000, 0.000000000000000000, 2.299999999999999822 ) ) ;
#36 = ORIENTED_EDGE ( 'NONE', *, *, #2525, .F. ) ;
#37 = CARTESIAN_POINT ( 'NONE',  ( 0.000000000000000000, 4.100000000000000533, 0.000000000000000000 ) ) ;
#38 =( NAMED_UNIT ( * ) SI_UNIT ( $, .STERADIAN. ) SOLID_ANGLE_UNIT ( ) );
#39 = VERTEX_POINT ( 'NONE', #2535 ) ;
#40 = CARTESIAN_POINT ( 'NONE',  ( 1.500000000000000000, 0.2000000000000000111, -1.199999999999999956 ) ) ;
#41 = DIRECTION ( 'NONE',  ( 0.000000000000000000, 0.000000000000000000, 1.000000000000000000 ) ) ;
#42 = FACE_OUTER_BOUND ( 'NONE', #2257, .T. ) ;
#43 = CARTESIAN_POINT ( 'NONE',  ( 2.299999999999999822, 3.000000000000000000, -2.500000000000000000 ) ) ;
#44 = CARTESIAN_POINT ( 'NONE',  ( -1.500000000000000000, 0.3499999999999999778, -1.699999999999999956 ) ) ;
#45 = VERTEX_POINT ( 'NONE', #2101 ) ;
#46 = ADVANCED_FACE ( 'NONE', ( #1844 ), #1245, .T. ) ;
#47 = CARTESIAN_POINT ( 'NONE',  ( 2.299999999999999822, 3.000000000000000000, 2.299999999999999822 ) ) ;
#48 = CARTESIAN_POINT ( 'NONE',  ( 2.441421356237309492, 0.000000000000000000, -2.441421356237309492 ) ) ;
#49 = LINE ( 'NONE', #2123, #725 ) ;
#50 = CIRCLE ( 'NONE', #1868, 0.5000000000000000000 ) ;
#51 = VERTEX_POINT ( 'NONE', #1156 ) ;
#52 = COLOUR_RGB ( '',0.2470588235294117752, 0.2470588235294117752, 0.2470588235294117752 ) ;
#53 = ORIENTED_EDGE ( 'NONE', *, *, #1060, .F. ) ;
#54 = APPLICATION_PROTOCOL_DEFINITION ( 'draft international standard', 'automotive_design', 1998, #423 ) ;
#55 = EDGE_CURVE ( 'NONE', #161, #1162, #1978, .T. ) ;
#56 = VECTOR ( 'NONE', #1578, 1000.000000000000114 ) ;
#57 = CARTESIAN_POINT ( 'NONE',  ( -2.441421356237309492, 3.000000000000000000, -2.441421356237309492 ) ) ;
#58 = CARTESIAN_POINT ( 'NONE',  ( 1.500000000000000000, 0.2000000000000000111, -1.199999999999999956 ) ) ;
#59 = EDGE_LOOP ( 'NONE', ( #1931, #1943, #2128, #1569 ) ) ;
#60 = DIRECTION ( 'NONE',  ( 1.000000000000000000, 0.000000000000000000, 0.000000000000000000 ) ) ;
#61 = PRESENTATION_LAYER_ASSIGNMENT (  '', '', ( #1362 ) ) ;
#62 = CARTESIAN_POINT ( 'NONE',  ( 0.000000000000000000, 4.200000000000000178, 1.399999999999999911 ) ) ;
#63 = STYLED_ITEM ( 'NONE', ( #980 ), #2829 ) ;
#64 = FACE_OUTER_BOUND ( 'NONE', #531, .T. ) ;
#65 = CARTESIAN_POINT ( 'NONE',  ( -2.299999999999999822, 3.000000000000000000, -2.299999999999999822 ) ) ;
#66 = ORIENTED_EDGE ( 'NONE', *, *, #803, .T. ) ;
#67 = ADVANCED_FACE ( 'NONE', ( #690 ), #2171, .T. ) ;
#68 =( NAMED_UNIT ( * ) SI_UNIT ( $, .STERADIAN. ) SOLID_ANGLE_UNIT ( ) );
#69 = ORIENTED_EDGE ( 'NONE', *, *, #2945, .F. ) ;
#70 = UNCERTAINTY_MEASURE_WITH_UNIT (LENGTH_MEASURE( 1.000000000000000082E-05 ), #1151, 'distance_accuracy_value', 'NONE');
#71 = DIRECTION ( 'NONE',  ( 0.000000000000000000, 0.000000000000000000, 1.000000000000000000 ) ) ;
#72 = EDGE_CURVE ( 'NONE', #39, #2260, #938, .T. ) ;
#73 = ORIENTED_EDGE ( 'NONE', *, *, #1869, .F. ) ;
#74 = DIRECTION ( 'NONE',  ( 0.000000000000000000, 0.1736481776669305255, -0.9848077530122081313 ) ) ;
#75 = VECTOR ( 'NONE', #450, 1000.000000000000000 ) ;
#76 =( LENGTH_UNIT ( ) NAMED_UNIT ( * ) SI_UNIT ( .MILLI., .METRE. ) );
#77 = LINE ( 'NONE', #541, #1720 ) ;
#78 = PLANE ( 'NONE',  #2958 ) ;
#79 = AXIS2_PLACEMENT_3D ( 'NONE', #1796, #2785, #996 ) ;
#80 = FILL_AREA_STYLE_COLOUR ( '', #1930 ) ;
#81 = ORIENTED_EDGE ( 'NONE', *, *, #2716, .F. ) ;
#82 = DIRECTION ( 'NONE',  ( 0.000000000000000000, 1.000000000000000000, 0.000000000000000000 ) ) ;
#83 = EDGE_CURVE ( 'NONE', #2097, #605, #1417, .T. ) ;
#84 = EDGE_LOOP ( 'NONE', ( #2957, #1098, #847, #2781 ) ) ;
#85 = CARTESIAN_POINT ( 'NONE',  ( 0.000000000000000000, 0.000000000000000000, 0.000000000000000000 ) ) ;
#86 = ADVANCED_FACE ( 'NONE', ( #42 ), #2334, .T. ) ;
#87 = CARTESIAN_POINT ( 'NONE',  ( -1.800000000000000044, 3.200000000000000178, -2.299999999999999822 ) ) ;
#88 = CARTESIAN_POINT ( 'NONE',  ( 2.500000000000000000, 3.000000000000000000, 2.500000000000000000 ) ) ;
#89 = ORIENTED_EDGE ( 'NONE', *, *, #2055, .T. ) ;
#90 = CARTESIAN_POINT ( 'NONE',  ( 0.5000000000000000000, 0.06558726100796108405, -0.7103833467545279667 ) ) ;
#91 = CARTESIAN_POINT ( 'NONE',  ( -1.800000000000000044, 3.399999999999999911, 1.300000000000000044 ) ) ;
#92 = DIRECTION ( 'NONE',  ( 1.000000000000000000, 0.000000000000000000, 0.000000000000000000 ) ) ;
#93 = PRODUCT_DEFINITION_CONTEXT ( 'detailed design', #2275, 'design' ) ;
#94 = EDGE_CURVE ( 'NONE', #1490, #1227, #1872, .T. ) ;
#95 = CARTESIAN_POINT ( 'NONE',  ( 1.600000000000000089, 3.200000000000000178, -1.959434878635765230E-16 ) ) ;
#96 = DIRECTION ( 'NONE',  ( -0.7071067811865474617, 0.000000000000000000, -0.7071067811865474617 ) ) ;
#97 = VERTEX_POINT ( 'NONE', #1019 ) ;
#98 = FILL_AREA_STYLE_COLOUR ( '', #874 ) ;
#99 = VERTEX_POINT ( 'NONE', #1480 ) ;
#100 = VECTOR ( 'NONE', #1700, 1000.000000000000000 ) ;
#101 = CARTESIAN_POINT ( 'NONE',  ( -1.500000000000000000, 0.2000000000000000111, -1.199999999999999956 ) ) ;
#102 = CIRCLE ( 'NONE', #243, 0.2000000000000002887 ) ;
#103 = CARTESIAN_POINT ( 'NONE',  ( 1.500000000000000000, 0.2000000000000000111, 1.199999999999999956 ) ) ;
#104 =( GEOMETRIC_REPRESENTATION_CONTEXT ( 3 ) GLOBAL_UNCERTAINTY_ASSIGNED_CONTEXT ( ( #1187 ) ) GLOBAL_UNIT_ASSIGNED_CONTEXT ( ( #1226, #1880, #2579 ) ) REPRESENTATION_CONTEXT ( 'NONE', 'WORKASPACE' ) );
#105 = SURFACE_SIDE_STYLE ('',( #1794 ) ) ;
#106 = DIRECTION ( 'NONE',  ( -1.000000000000000000, 0.000000000000000000, 0.000000000000000000 ) ) ;
#107 = DIRECTION ( 'NONE',  ( 0.000000000000000000, 1.000000000000000000, 0.000000000000000000 ) ) ;
#108 = ORIENTED_EDGE ( 'NONE', *, *, #223, .F. ) ;
#109 = EDGE_CURVE ( 'NONE', #1762, #1036, #1222, .T. ) ;
#110 = MECHANICAL_DESIGN_GEOMETRIC_PRESENTATION_REPRESENTATION (  '', ( #1362 ), #1738 ) ;
#111 = DIRECTION ( 'NONE',  ( 0.000000000000000000, 1.000000000000000000, 0.000000000000000000 ) ) ;
#112 =( GEOMETRIC_REPRESENTATION_CONTEXT ( 3 ) GLOBAL_UNCERTAINTY_ASSIGNED_CONTEXT ( ( #2568 ) ) GLOBAL_UNIT_ASSIGNED_CONTEXT ( ( #2126, #2146, #1705 ) ) REPRESENTATION_CONTEXT ( 'NONE', 'WORKASPACE' ) );
#113 = VECTOR ( 'NONE', #277, 1000.000000000000000 ) ;
#114 = ORIENTED_EDGE ( 'NONE', *, *, #854, .T. ) ;
#115 = STYLED_ITEM ( 'NONE', ( #2756 ), #137 ) ;
#116 = ITEM_DEFINED_TRANSFORMATION ( 'NONE', 'NONE', #1755,  #799 ) ;
#117 = DIRECTION ( 'NONE',  ( -1.000000000000000000, 0.000000000000000000, 0.000000000000000000 ) ) ;
#118 = CIRCLE ( 'NONE', #496, 0.2000000000000002887 ) ;
#119 = DIRECTION ( 'NONE',  ( 1.000000000000000000, 0.000000000000000000, 0.000000000000000000 ) ) ;
#120 = FILL_AREA_STYLE_COLOUR ( '', #2657 ) ;
#121 = DIRECTION ( 'NONE',  ( 0.000000000000000000, 1.000000000000000000, 0.000000000000000000 ) ) ;
#122 = VERTEX_POINT ( 'NONE', #338 ) ;
#123 = AXIS2_PLACEMENT_3D ( 'NONE', #2576, #2121, #2366 ) ;
#124 = CARTESIAN_POINT ( 'NONE',  ( -2.299999999999999822, 0.000000000000000000, -2.299999999999999822 ) ) ;
#125 = VECTOR ( 'NONE', #2371, 1000.000000000000000 ) ;
#126 = PRESENTATION_STYLE_ASSIGNMENT (( #2414 ) ) ;
#127 = VERTEX_POINT ( 'NONE', #2744 ) ;
#128 = DIRECTION ( 'NONE',  ( 0.000000000000000000, 1.000000000000000000, 0.000000000000000000 ) ) ;
#129 = STYLED_ITEM ( 'NONE', ( #2245 ), #11 ) ;
#130 = ORIENTED_EDGE ( 'NONE', *, *, #1365, .F. ) ;
#131 = LINE ( 'NONE', #1051, #2954 ) ;
#132 = LINE ( 'NONE', #1948, #1427 ) ;
#133 = ORIENTED_EDGE ( 'NONE', *, *, #1401, .F. ) ;
#134 = DIRECTION ( 'NONE',  ( 0.000000000000000000, 1.387778780781445922E-16, 1.000000000000000000 ) ) ;
#135 = FACE_OUTER_BOUND ( 'NONE', #1492, .T. ) ;
#136 = ORIENTED_EDGE ( 'NONE', *, *, #706, .T. ) ;
#137 = ADVANCED_FACE ( 'NONE', ( #2390 ), #2519, .T. ) ;
#138 = DIRECTION ( 'NONE',  ( 1.000000000000000000, 0.000000000000000000, 0.000000000000000000 ) ) ;
#139 = EDGE_LOOP ( 'NONE', ( #234, #2349, #1945, #837 ) ) ;
#140 = DIRECTION ( 'NONE',  ( 0.000000000000000000, 0.000000000000000000, -1.000000000000000000 ) ) ;
#141 = CARTESIAN_POINT ( 'NONE',  ( -1.500000000000000000, 3.000000000000000000, 1.836970198721029934E-16 ) ) ;
#142 = STYLED_ITEM ( 'NONE', ( #2103 ), #1170 ) ;
#143 = AXIS2_PLACEMENT_3D ( 'NONE', #1065, #1958, #364 ) ;
#144 = CARTESIAN_POINT ( 'NONE',  ( 0.5000000000000000000, 3.850000000000000089, 0.000000000000000000 ) ) ;
#145 = AXIS2_PLACEMENT_3D ( 'NONE', #255, #2960, #2317 ) ;
#146 = ORIENTED_EDGE ( 'NONE', *, *, #2977, .F. ) ;
#147 = CARTESIAN_POINT ( 'NONE',  ( 2.299999999999999822, 3.200000000000000178, 2.299999999999999822 ) ) ;
#148 = DIRECTION ( 'NONE',  ( 0.000000000000000000, -1.000000000000000000, 0.000000000000000000 ) ) ;
#149 = ORIENTED_EDGE ( 'NONE', *, *, #1691, .F. ) ;
#150 = CARTESIAN_POINT ( 'NONE',  ( -1.800000000000000044, 3.200000000000000178, 1.300000000000000044 ) ) ;
#151 = ORIENTED_EDGE ( 'NONE', *, *, #1617, .F. ) ;
#152 = MECHANICAL_DESIGN_GEOMETRIC_PRESENTATION_REPRESENTATION (  '', ( #297 ), #1217 ) ;
#153 = DIRECTION ( 'NONE',  ( 0.000000000000000000, -1.000000000000000000, 0.000000000000000000 ) ) ;
#154 = FACE_OUTER_BOUND ( 'NONE', #1343, .T. ) ;
#155 = AXIS2_PLACEMENT_3D ( 'NONE', #743, #540, #722 ) ;
#156 = DIRECTION ( 'NONE',  ( 0.000000000000000000, -0.1736481776669305255, 0.9848077530122081313 ) ) ;
#157 = CARTESIAN_POINT ( 'NONE',  ( -0.5000000000000000000, 4.150000000000000355, -1.025864944676591950 ) ) ;
#158 = PRESENTATION_LAYER_ASSIGNMENT (  '', '', ( #308 ) ) ;
#159 = CARTESIAN_POINT ( 'NONE',  ( 0.5000000000000000000, 3.850000000000000089, -0.8741350553234079612 ) ) ;
#160 = VERTEX_POINT ( 'NONE', #1293 ) ;
#161 = VERTEX_POINT ( 'NONE', #808 ) ;
#162 = CYLINDRICAL_SURFACE ( 'NONE', #2379, 0.2000000000000002887 ) ;
#163 =( NAMED_UNIT ( * ) PLANE_ANGLE_UNIT ( ) SI_UNIT ( $, .RADIAN. ) );
#164 = VERTEX_POINT ( 'NONE', #2653 ) ;
#165 = CARTESIAN_POINT ( 'NONE',  ( 1.500000000000000000, 0.5000000000000000000, 1.199999999999999956 ) ) ;
#166 = CARTESIAN_POINT ( 'NONE',  ( -1.800000000000000044, 3.200000000000000178, -1.800000000000000044 ) ) ;
#167 = ORIENTED_EDGE ( 'NONE', *, *, #384, .F. ) ;
#168 = PRESENTATION_LAYER_ASSIGNMENT (  '', '', ( #357 ) ) ;
#169 = EDGE_CURVE ( 'NONE', #2238, #1162, #2878, .T. ) ;
#170 =( LENGTH_UNIT ( ) NAMED_UNIT ( * ) SI_UNIT ( .MILLI., .METRE. ) );
#171 = AXIS2_PLACEMENT_3D ( 'NONE', #85, #2110, #1886 ) ;
#172 = ADVANCED_FACE ( 'NONE', ( #824, #1520 ), #2003, .F. ) ;
#173 = FACE_OUTER_BOUND ( 'NONE', #352, .T. ) ;
#174 = EDGE_CURVE ( 'NONE', #1661, #2095, #1838, .T. ) ;
#175 = ORIENTED_EDGE ( 'NONE', *, *, #2344, .T. ) ;
#176 = DIRECTION ( 'NONE',  ( 0.7071067811865474617, 0.000000000000000000, 0.7071067811865474617 ) ) ;
#177 =( REPRESENTATION_RELATIONSHIP ('NONE','NONE', #2726, #810 ) REPRESENTATION_RELATIONSHIP_WITH_TRANSFORMATION ( #822 )SHAPE_REPRESENTATION_RELATIONSHIP( ) );
#178 = DIRECTION ( 'NONE',  ( 0.000000000000000000, 1.000000000000000000, 0.000000000000000000 ) ) ;
#179 = ORIENTED_EDGE ( 'NONE', *, *, #481, .T. ) ;
#180 = CARTESIAN_POINT ( 'NONE',  ( 2.441421356237309492, 3.200000000000000178, -2.441421356237309492 ) ) ;
#181 = SURFACE_STYLE_USAGE ( .BOTH. , #1805 ) ;
#182 = EDGE_CURVE ( 'NONE', #2064, #1285, #2679, .T. ) ;
#183 = PLANE ( 'NONE',  #2177 ) ;
#184 = EDGE_LOOP ( 'NONE', ( #1032, #1456, #2948, #597, #851 ) ) ;
#185 = CARTESIAN_POINT ( 'NONE',  ( 1.800000000000000044, 3.200000000000000178, -1.800000000000000044 ) ) ;
#186 = LINE ( 'NONE', #2472, #884 ) ;
#187 = VERTEX_POINT ( 'NONE', #1987 ) ;
#188 = CIRCLE ( 'NONE', #334, 0.5000000000000000000 ) ;
#189 = LINE ( 'NONE', #425, #1495 ) ;
#190 = VERTEX_POINT ( 'NONE', #1064 ) ;
#191 = AXIS2_PLACEMENT_3D ( 'NONE', #1197, #1853, #1632 ) ;
#192 = SURFACE_SIDE_STYLE ('',( #2702 ) ) ;
#193 = EDGE_CURVE ( 'NONE', #2238, #2567, #2560, .T. ) ;
#194 = CARTESIAN_POINT ( 'NONE',  ( -2.500000000000000000, 0.2000000000000000111, 2.200000000000000178 ) ) ;
#195 = DIRECTION ( 'NONE',  ( 0.000000000000000000, -1.000000000000000000, 0.000000000000000000 ) ) ;
#196 = AXIS2_PLACEMENT_3D ( 'NONE', #2538, #475, #1407 ) ;
#197 = ORIENTED_EDGE ( 'NONE', *, *, #2405, .F. ) ;
#198 = SURFACE_STYLE_FILL_AREA ( #693 ) ;
#199 = CIRCLE ( 'NONE', #2787, 0.2000000000000002887 ) ;
#200 = CARTESIAN_POINT ( 'NONE',  ( 1.800000000000000044, 3.399999999999999911, 1.800000000000000044 ) ) ;
#201 = ORIENTED_EDGE ( 'NONE', *, *, #363, .T. ) ;
#202 = ADVANCED_FACE ( 'NONE', ( #870 ), #1279, .F. ) ;
#203 = FACE_BOUND ( 'NONE', #2319, .T. ) ;
#204 = ORIENTED_EDGE ( 'NONE', *, *, #1147, .F. ) ;
#205 = VECTOR ( 'NONE', #2826, 1000.000000000000000 ) ;
#206 = DIRECTION ( 'NONE',  ( 0.000000000000000000, 0.000000000000000000, -1.000000000000000000 ) ) ;
#207 = VECTOR ( 'NONE', #2570, 1000.000000000000000 ) ;
#208 = VERTEX_POINT ( 'NONE', #2694 ) ;
#209 = EDGE_CURVE ( 'NONE', #1077, #2643, #131, .T. ) ;
#210 = AXIS2_PLACEMENT_3D ( 'NONE', #1272, #2870, #848 ) ;
#211 = FACE_OUTER_BOUND ( 'NONE', #1261, .T. ) ;
#212 = CARTESIAN_POINT ( 'NONE',  ( 2.500000000000000000, 0.2000000000000000111, 2.200000000000000178 ) ) ;
#213 = VERTEX_POINT ( 'NONE', #2541 ) ;
#214 = ORIENTED_EDGE ( 'NONE', *, *, #1337, .F. ) ;
#215 = CARTESIAN_POINT ( 'NONE',  ( -2.500000000000000000, 3.000000000000000000, 2.299999999999999822 ) ) ;
#216 = LINE ( 'NONE', #1134, #989 ) ;
#217 = ORIENTED_EDGE ( 'NONE', *, *, #10, .F. ) ;
#218 = CIRCLE ( 'NONE', #2337, 0.5000000000000000000 ) ;
#219 = CARTESIAN_POINT ( 'NONE',  ( -2.500000000000000000, 3.000000000000000000, -2.500000000000000000 ) ) ;
#220 = SURFACE_STYLE_USAGE ( .BOTH. , #2514 ) ;
#221 = EDGE_LOOP ( 'NONE', ( #73, #81, #2540, #579 ) ) ;
#222 = CIRCLE ( 'NONE', #1900, 1.500000000000000000 ) ;
#223 = EDGE_CURVE ( 'NONE', #2426, #1699, #1810, .T. ) ;
#224 = CARTESIAN_POINT ( 'NONE',  ( -2.299999999999999822, 3.000000000000000000, -2.500000000000000000 ) ) ;
#225 = FILL_AREA_STYLE ('',( #2299 ) ) ;
#226 = CARTESIAN_POINT ( 'NONE',  ( -2.299999999999999822, 0.000000000000000000, 2.299999999999999822 ) ) ;
#227 = PRODUCT ( 'Push_Button', 'Push_Button', '', ( #2840 ) ) ;
#228 = CARTESIAN_POINT ( 'NONE',  ( 2.299999999999999822, 3.000000000000000000, 2.500000000000000000 ) ) ;
#229 = PLANE ( 'NONE',  #2145 ) ;
#230 = EDGE_CURVE ( 'NONE', #796, #555, #1348, .T. ) ;
#231 = ORIENTED_EDGE ( 'NONE', *, *, #2847, .F. ) ;
#232 = DIRECTION ( 'NONE',  ( 0.000000000000000000, 0.000000000000000000, 1.000000000000000000 ) ) ;
#233 = PRODUCT_RELATED_PRODUCT_CATEGORY ( 'part', '', ( #2719 ) ) ;
#234 = ORIENTED_EDGE ( 'NONE', *, *, #289, .F. ) ;
#235 = CARTESIAN_POINT ( 'NONE',  ( -1.500000000000000000, 0.2000000000000000111, -2.200000000000000178 ) ) ;
#236 = ADVANCED_FACE ( 'NONE', ( #2062 ), #1167, .F. ) ;
#237 = SURFACE_STYLE_FILL_AREA ( #2298 ) ;
#238 = DIRECTION ( 'NONE',  ( 0.000000000000000000, 1.000000000000000000, 0.000000000000000000 ) ) ;
#239 = LINE ( 'NONE', #429, #1687 ) ;
#240 = ORIENTED_EDGE ( 'NONE', *, *, #2458, .T. ) ;
#241 = AXIS2_PLACEMENT_3D ( 'NONE', #1493, #2425, #1296 ) ;
#242 = CARTESIAN_POINT ( 'NONE',  ( 1.800000000000000044, 3.399999999999999911, 1.800000000000000044 ) ) ;
#243 = AXIS2_PLACEMENT_3D ( 'NONE', #1650, #553, #2789 ) ;
#244 = CARTESIAN_POINT ( 'NONE',  ( -2.500000000000000000, 0.2000000000000000111, 1.199999999999999956 ) ) ;
#245 = ORIENTED_EDGE ( 'NONE', *, *, #2847, .T. ) ;
#246 = CIRCLE ( 'NONE', #1106, 0.2000000000000002887 ) ;
#247 = CYLINDRICAL_SURFACE ( 'NONE', #983, 0.2000000000000002887 ) ;
#248 = ORIENTED_EDGE ( 'NONE', *, *, #1572, .T. ) ;
#249 = CARTESIAN_POINT ( 'NONE',  ( -1.500000000000000000, -3.649999999999999911, 1.700000000000000178 ) ) ;
#250 = PRODUCT ( 'Button_top', 'Button_top', '', ( #2130 ) ) ;
#251 = DIRECTION ( 'NONE',  ( -1.000000000000000000, 0.000000000000000000, 0.000000000000000000 ) ) ;
#252 = AXIS2_PLACEMENT_3D ( 'NONE', #2554, #2087, #1418 ) ;
#253 = DIRECTION ( 'NONE',  ( 0.000000000000000000, -0.8993407756913098794, 0.4372484067197419111 ) ) ;
#254 = CIRCLE ( 'NONE', #2860, 1.500000000000000000 ) ;
#255 = CARTESIAN_POINT ( 'NONE',  ( -1.800000000000000044, 3.299999999999999822, 2.188196601125010243 ) ) ;
#256 = STYLED_ITEM ( 'NONE', ( #1660 ), #375 ) ;
#257 = AXIS2_PLACEMENT_3D ( 'NONE', #1128, #2041, #178 ) ;
#258 = DIRECTION ( 'NONE',  ( 0.7071067811865474617, 0.000000000000000000, 0.7071067811865474617 ) ) ;
#259 = FILL_AREA_STYLE ('',( #942 ) ) ;
#260 = CARTESIAN_POINT ( 'NONE',  ( 0.000000000000000000, 4.100000000000000533, 0.000000000000000000 ) ) ;
#261 = EDGE_LOOP ( 'NONE', ( #2195, #499, #2340, #373 ) ) ;
#262 =( LENGTH_UNIT ( ) NAMED_UNIT ( * ) SI_UNIT ( .MILLI., .METRE. ) );
#263 = ORIENTED_EDGE ( 'NONE', *, *, #1902, .F. ) ;
#264 =( LENGTH_UNIT ( ) NAMED_UNIT ( * ) SI_UNIT ( .MILLI., .METRE. ) );
#265 = CARTESIAN_POINT ( 'NONE',  ( 1.714505518806294391E-16, 4.100000000000000533, -1.399999999999999911 ) ) ;
#266 = DIRECTION ( 'NONE',  ( 0.000000000000000000, 0.000000000000000000, -1.000000000000000000 ) ) ;
#267 = VECTOR ( 'NONE', #1080, 1000.000000000000000 ) ;
#268 = EDGE_CURVE ( 'NONE', #1285, #2260, #2220, .T. ) ;
#269 = CARTESIAN_POINT ( 'NONE',  ( 1.600000000000000089, 3.000000000000000000, -1.959434878635765230E-16 ) ) ;
#270 = DIRECTION ( 'NONE',  ( 0.000000000000000000, -1.850371707708595154E-15, 1.000000000000000000 ) ) ;
#271 = DIRECTION ( 'NONE',  ( 1.000000000000000000, 0.000000000000000000, 0.000000000000000000 ) ) ;
#272 = EDGE_LOOP ( 'NONE', ( #1442, #1500 ) ) ;
#273 = EDGE_CURVE ( 'NONE', #2721, #1681, #739, .T. ) ;
#274 = DIRECTION ( 'NONE',  ( -1.000000000000000000, 0.000000000000000000, -1.224646799147351975E-16 ) ) ;
#275 = EDGE_LOOP ( 'NONE', ( #946, #878, #1925, #327 ) ) ;
#276 = DIRECTION ( 'NONE',  ( -1.000000000000000000, 0.000000000000000000, 0.000000000000000000 ) ) ;
#277 = DIRECTION ( 'NONE',  ( 1.000000000000000000, 0.000000000000000000, 0.000000000000000000 ) ) ;
#278 = LINE ( 'NONE', #58, #2697 ) ;
#279 = EDGE_LOOP ( 'NONE', ( #1579, #1718, #1292, #24 ) ) ;
#280 = DIRECTION ( 'NONE',  ( 0.000000000000000000, 0.000000000000000000, -1.000000000000000000 ) ) ;
#281 = DIRECTION ( 'NONE',  ( 0.000000000000000000, -1.000000000000000000, -1.850371707708595154E-15 ) ) ;
#282 = ADVANCED_FACE ( 'NONE', ( #696 ), #1102, .T. ) ;
#283 = LINE ( 'NONE', #244, #936 ) ;
#284 = DIRECTION ( 'NONE',  ( 0.000000000000000000, 0.000000000000000000, -1.000000000000000000 ) ) ;
#285 = COLOUR_RGB ( '',1.000000000000000000, 0.9921568627450980671, 0.9647058823529411908 ) ;
#286 = ORIENTED_EDGE ( 'NONE', *, *, #2339, .T. ) ;
#287 = CARTESIAN_POINT ( 'NONE',  ( -0.5000000000000000000, 1.608747826839719952, -1.746078884763980099 ) ) ;
#288 = VECTOR ( 'NONE', #276, 1000.000000000000000 ) ;
#289 = EDGE_CURVE ( 'NONE', #1961, #897, #918, .T. ) ;
#290 = EDGE_LOOP ( 'NONE', ( #2206, #1153 ) ) ;
#291 = CIRCLE ( 'NONE', #2737, 0.1499999999999999667 ) ;
#292 = CARTESIAN_POINT ( 'NONE',  ( 0.5000000000000000000, 3.850000000000000089, -0.7741350553234079834 ) ) ;
#293 = SURFACE_SIDE_STYLE ('',( #2114 ) ) ;
#294 = DIRECTION ( 'NONE',  ( 0.000000000000000000, 0.000000000000000000, -1.000000000000000000 ) ) ;
#295 = ORIENTED_EDGE ( 'NONE', *, *, #807, .F. ) ;
#296 =( NAMED_UNIT ( * ) SI_UNIT ( $, .STERADIAN. ) SOLID_ANGLE_UNIT ( ) );
#297 = STYLED_ITEM ( 'NONE', ( #758 ), #2672 ) ;
#298 = DIRECTION ( 'NONE',  ( 0.000000000000000000, 0.000000000000000000, -1.000000000000000000 ) ) ;
#299 = EDGE_CURVE ( 'NONE', #1953, #1808, #1038, .T. ) ;
#300 = CARTESIAN_POINT ( 'NONE',  ( -2.500000000000000000, 0.2000000000000000111, -1.199999999999999956 ) ) ;
#301 = COLOUR_RGB ( '',1.000000000000000000, 0.9921568627450980671, 0.9647058823529411908 ) ;
#302 = CARTESIAN_POINT ( 'NONE',  ( 2.299999999999999822, 0.000000000000000000, 2.299999999999999822 ) ) ;
#303 = UNCERTAINTY_MEASURE_WITH_UNIT (LENGTH_MEASURE( 1.000000000000000082E-05 ), #459, 'distance_accuracy_value', 'NONE');
#304 = COLOUR_RGB ( '',1.000000000000000000, 0.9921568627450980671, 0.9647058823529411908 ) ;
#305 = FILL_AREA_STYLE ('',( #477 ) ) ;
#306 = SURFACE_STYLE_USAGE ( .BOTH. , #2368 ) ;
#307 = ORIENTED_EDGE ( 'NONE', *, *, #1834, .T. ) ;
#308 = STYLED_ITEM ( 'NONE', ( #1005 ), #2120 ) ;
#309 = EDGE_CURVE ( 'NONE', #2244, #965, #2738, .T. ) ;
#310 = PRESENTATION_LAYER_ASSIGNMENT (  '', '', ( #115 ) ) ;
#311 = AXIS2_PLACEMENT_3D ( 'NONE', #2730, #1816, #2940 ) ;
#312 = ORIENTED_EDGE ( 'NONE', *, *, #2096, .T. ) ;
#313 = CARTESIAN_POINT ( 'NONE',  ( 1.500000000000000000, -3.649999999999999911, -1.700000000000000178 ) ) ;
#314 = UNCERTAINTY_MEASURE_WITH_UNIT (LENGTH_MEASURE( 1.000000000000000082E-05 ), #1542, 'distance_accuracy_value', 'NONE');
#315 = DIRECTION ( 'NONE',  ( 0.000000000000000000, -1.000000000000000000, 0.000000000000000000 ) ) ;
#316 = CARTESIAN_POINT ( 'NONE',  ( -0.5000000000000000000, 2.785555732777620364, -1.662311566539260044 ) ) ;
#317 = EDGE_CURVE ( 'NONE', #1095, #2223, #2078, .T. ) ;
#318 = CYLINDRICAL_SURFACE ( 'NONE', #2216, 1.600000000000000089 ) ;
#319 = EDGE_LOOP ( 'NONE', ( #2605, #66, #2138, #326 ) ) ;
#320 =( LENGTH_UNIT ( ) NAMED_UNIT ( * ) SI_UNIT ( .MILLI., .METRE. ) );
#321 = CIRCLE ( 'NONE', #1040, 0.5000000000000000000 ) ;
#322 = FILL_AREA_STYLE ('',( #966 ) ) ;
#323 = CARTESIAN_POINT ( 'NONE',  ( -1.800000000000000044, 3.399999999999999911, -1.800000000000000044 ) ) ;
#324 = DIRECTION ( 'NONE',  ( 0.7071067811865474617, 0.000000000000000000, 0.7071067811865474617 ) ) ;
#325 = CYLINDRICAL_SURFACE ( 'NONE', #381, 0.2000000000000002887 ) ;
#326 = ORIENTED_EDGE ( 'NONE', *, *, #1028, .F. ) ;
#327 = ORIENTED_EDGE ( 'NONE', *, *, #2424, .T. ) ;
#328 = DIRECTION ( 'NONE',  ( 1.224646799147353207E-16, 0.000000000000000000, -1.000000000000000000 ) ) ;
#329 = LINE ( 'NONE', #2083, #1027 ) ;
#330 = DIRECTION ( 'NONE',  ( 0.7071067811865474617, 0.000000000000000000, -0.7071067811865474617 ) ) ;
#331 = CARTESIAN_POINT ( 'NONE',  ( -0.5000000000000000000, 4.150000000000000355, 0.000000000000000000 ) ) ;
#332 = ADVANCED_FACE ( 'NONE', ( #2530 ), #247, .T. ) ;
#333 = VERTEX_POINT ( 'NONE', #1793 ) ;
#334 = AXIS2_PLACEMENT_3D ( 'NONE', #2282, #2742, #2517 ) ;
#335 = SURFACE_STYLE_USAGE ( .BOTH. , #604 ) ;
#336 = VERTEX_POINT ( 'NONE', #1570 ) ;
#337 = VECTOR ( 'NONE', #1889, 1000.000000000000000 ) ;
#338 = CARTESIAN_POINT ( 'NONE',  ( 2.500000000000000000, 3.000000000000000000, -2.299999999999999822 ) ) ;
#339 = DIRECTION ( 'NONE',  ( 0.000000000000000000, -1.000000000000000000, 0.000000000000000000 ) ) ;
#340 = VECTOR ( 'NONE', #974, 1000.000000000000000 ) ;
#341 = CARTESIAN_POINT ( 'NONE',  ( -2.500000000000000000, 0.2000000000000000111, -0.1499999999999999944 ) ) ;
#342 = TOROIDAL_SURFACE ( 'NONE', #2409, 0.3881966011250104764, 0.1499999999999999944 ) ;
#343 = PLANE ( 'NONE',  #2063 ) ;
#344 = FACE_OUTER_BOUND ( 'NONE', #617, .T. ) ;
#345 =( NAMED_UNIT ( * ) SI_UNIT ( $, .STERADIAN. ) SOLID_ANGLE_UNIT ( ) );
#346 = MECHANICAL_DESIGN_GEOMETRIC_PRESENTATION_REPRESENTATION (  '', ( #1783 ), #1119 ) ;
#347 = CARTESIAN_POINT ( 'NONE',  ( 0.2500000000000000000, 1.942457254992744797, -1.210486308122874055 ) ) ;
#348 = CIRCLE ( 'NONE', #1600, 0.1499999999999999667 ) ;
#349 = ORIENTED_EDGE ( 'NONE', *, *, #299, .T. ) ;
#350 = CARTESIAN_POINT ( 'NONE',  ( -2.299999999999999822, 0.000000000000000000, 2.299999999999999822 ) ) ;
#351 = EDGE_CURVE ( 'NONE', #555, #164, #2258, .T. ) ;
#352 = EDGE_LOOP ( 'NONE', ( #1336, #1976 ) ) ;
#353 = CARTESIAN_POINT ( 'NONE',  ( -0.5000000000000000000, 3.850000000000000089, 0.000000000000000000 ) ) ;
#354 = ORIENTED_EDGE ( 'NONE', *, *, #2641, .F. ) ;
#355 = ADVANCED_FACE ( 'NONE', ( #203, #1489 ), #547, .T. ) ;
#356 = DIRECTION ( 'NONE',  ( 0.7071067811865474617, 0.000000000000000000, 0.7071067811865474617 ) ) ;
#357 = STYLED_ITEM ( 'NONE', ( #404 ), #535 ) ;
#358 = DIRECTION ( 'NONE',  ( 0.000000000000000000, -1.000000000000000000, 0.000000000000000000 ) ) ;
#359 = EDGE_LOOP ( 'NONE', ( #2506, #1347, #2752, #2277 ) ) ;
#360 = PLANE ( 'NONE',  #1482 ) ;
#361 =( GEOMETRIC_REPRESENTATION_CONTEXT ( 3 ) GLOBAL_UNCERTAINTY_ASSIGNED_CONTEXT ( ( #2142 ) ) GLOBAL_UNIT_ASSIGNED_CONTEXT ( ( #1841, #2052, #921 ) ) REPRESENTATION_CONTEXT ( 'NONE', 'WORKASPACE' ) );
#362 = ORIENTED_EDGE ( 'NONE', *, *, #1253, .T. ) ;
#363 = EDGE_CURVE ( 'NONE', #1837, #1383, #2464, .T. ) ;
#364 = DIRECTION ( 'NONE',  ( 0.7071067811865474617, 0.000000000000000000, -0.7071067811865474617 ) ) ;
#365 = LINE ( 'NONE', #377, #267 ) ;
#366 =( REPRESENTATION_RELATIONSHIP ('NONE','NONE', #2726, #810 ) REPRESENTATION_RELATIONSHIP_WITH_TRANSFORMATION ( #714 )SHAPE_REPRESENTATION_RELATIONSHIP( ) );
#367 = LINE ( 'NONE', #2935, #1061 ) ;
#368 = EDGE_LOOP ( 'NONE', ( #2926, #1503, #2253, #426 ) ) ;
#369 = DIRECTION ( 'NONE',  ( 0.000000000000000000, 1.000000000000000000, 0.000000000000000000 ) ) ;
#370 = CARTESIAN_POINT ( 'NONE',  ( 0.5000000000000000000, 2.156023520308475216, -1.477456796944291773 ) ) ;
#371 = EDGE_LOOP ( 'NONE', ( #478, #1592, #1259, #1530 ) ) ;
#372 = DIRECTION ( 'NONE',  ( 0.000000000000000000, 1.000000000000000000, 0.000000000000000000 ) ) ;
#373 = ORIENTED_EDGE ( 'NONE', *, *, #1923, .F. ) ;
#374 = CARTESIAN_POINT ( 'NONE',  ( -2.299999999999999822, 0.000000000000000000, -2.500000000000000000 ) ) ;
#375 = ADVANCED_FACE ( 'NONE', ( #2802 ), #2107, .T. ) ;
#376 = LINE ( 'NONE', #2005, #1016 ) ;
#377 = CARTESIAN_POINT ( 'NONE',  ( 1.500000000000000000, 0.5000000000000000000, -2.200000000000000178 ) ) ;
#378 = VECTOR ( 'NONE', #134, 1000.000000000000000 ) ;
#379 = VECTOR ( 'NONE', #2929, 1000.000000000000000 ) ;
#380 = LINE ( 'NONE', #159, #2542 ) ;
#381 = AXIS2_PLACEMENT_3D ( 'NONE', #65, #1916, #96 ) ;
#382 = ORIENTED_EDGE ( 'NONE', *, *, #2873, .F. ) ;
#383 = ORIENTED_EDGE ( 'NONE', *, *, #2000, .F. ) ;
#384 = EDGE_CURVE ( 'NONE', #406, #652, #2566, .T. ) ;
#385 = ORIENTED_EDGE ( 'NONE', *, *, #869, .F. ) ;
#387 = ADVANCED_FACE ( 'NONE', ( #532 ), #2782, .T. ) ;
#386 = EDGE_CURVE ( 'NONE', #2061, #683, #218, .T. ) ;
#388 = ORIENTED_EDGE ( 'NONE', *, *, #2441, .T. ) ;
#389 = VECTOR ( 'NONE', #2347, 1000.000000000000000 ) ;
#390 = DIRECTION ( 'NONE',  ( 0.000000000000000000, 0.000000000000000000, 1.000000000000000000 ) ) ;
#391 = VECTOR ( 'NONE', #1435, 1000.000000000000000 ) ;
#392 = DIRECTION ( 'NONE',  ( -0.7071067811865474617, 0.000000000000000000, 0.7071067811865474617 ) ) ;
#393 = EDGE_CURVE ( 'NONE', #804, #164, #1918, .T. ) ;
#394 = PRESENTATION_LAYER_ASSIGNMENT (  '', '', ( #2077 ) ) ;
#395 = AXIS2_PLACEMENT_3D ( 'NONE', #1774, #1568, #2479 ) ;
#396 = DIRECTION ( 'NONE',  ( 1.000000000000000000, 0.000000000000000000, 0.000000000000000000 ) ) ;
#397 = EDGE_CURVE ( 'NONE', #2867, #1490, #1689, .T. ) ;
#398 = CARTESIAN_POINT ( 'NONE',  ( -2.441421356237309492, 3.000000000000000000, 2.441421356237309492 ) ) ;
#399 = CARTESIAN_POINT ( 'NONE',  ( -1.800000000000000044, 3.399999999999999911, -2.299999999999999822 ) ) ;
#400 = SURFACE_SIDE_STYLE ('',( #2674 ) ) ;
#401 = ORIENTED_EDGE ( 'NONE', *, *, #1179, .F. ) ;
#402 = DIRECTION ( 'NONE',  ( 0.000000000000000000, 0.000000000000000000, -1.000000000000000000 ) ) ;
#403 = ORIENTED_EDGE ( 'NONE', *, *, #1653, .F. ) ;
#404 = PRESENTATION_STYLE_ASSIGNMENT (( #181 ) ) ;
#405 = CARTESIAN_POINT ( 'NONE',  ( 2.441421356237309492, 3.000000000000000000, -2.441421356237309492 ) ) ;
#406 = VERTEX_POINT ( 'NONE', #2398 ) ;
#407 =( NAMED_UNIT ( * ) SI_UNIT ( $, .STERADIAN. ) SOLID_ANGLE_UNIT ( ) );
#408 = AXIS2_PLACEMENT_3D ( 'NONE', #25, #947, #2375 ) ;
#409 = VERTEX_POINT ( 'NONE', #150 ) ;
#410 = SURFACE_SIDE_STYLE ('',( #908 ) ) ;
#411 = LINE ( 'NONE', #2007, #1447 ) ;
#412 = FACE_OUTER_BOUND ( 'NONE', #2490, .T. ) ;
#413 = EDGE_CURVE ( 'NONE', #1467, #618, #1076, .T. ) ;
#414 = DIRECTION ( 'NONE',  ( 1.000000000000000000, 0.000000000000000000, 0.000000000000000000 ) ) ;
#415 = ORIENTED_EDGE ( 'NONE', *, *, #772, .F. ) ;
#416 = ORIENTED_EDGE ( 'NONE', *, *, #2185, .T. ) ;
#417 = CARTESIAN_POINT ( 'NONE',  ( -0.5000000000000000000, 1.942457254992744797, -1.210486308122874055 ) ) ;
#418 = DIRECTION ( 'NONE',  ( 1.000000000000000000, 0.000000000000000000, 0.000000000000000000 ) ) ;
#419 = ORIENTED_EDGE ( 'NONE', *, *, #268, .F. ) ;
#420 = DIRECTION ( 'NONE',  ( 0.000000000000000000, -1.000000000000000000, -1.850371707708595154E-15 ) ) ;
#421 = ORIENTED_EDGE ( 'NONE', *, *, #807, .T. ) ;
#422 = EDGE_CURVE ( 'NONE', #2867, #975, #1955, .T. ) ;
#423 = APPLICATION_CONTEXT ( 'automotive_design' ) ;
#424 = AXIS2_PLACEMENT_3D ( 'NONE', #2895, #1267, #2179 ) ;
#425 = CARTESIAN_POINT ( 'NONE',  ( 2.500000000000000000, 3.000000000000000000, -2.299999999999999822 ) ) ;
#426 = ORIENTED_EDGE ( 'NONE', *, *, #386, .F. ) ;
#427 = CARTESIAN_POINT ( 'NONE',  ( -2.500000000000000000, 0.2000000000000000111, -1.199999999999999956 ) ) ;
#428 = DIRECTION ( 'NONE',  ( 0.000000000000000000, 1.000000000000000000, 0.000000000000000000 ) ) ;
#429 = CARTESIAN_POINT ( 'NONE',  ( 0.5000000000000000000, 4.150000000000000355, 0.000000000000000000 ) ) ;
#430 = VECTOR ( 'NONE', #1898, 1000.000000000000000 ) ;
#431 = ORIENTED_EDGE ( 'NONE', *, *, #1666, .F. ) ;
#432 = ORIENTED_EDGE ( 'NONE', *, *, #2081, .F. ) ;
#433 =( NAMED_UNIT ( * ) PLANE_ANGLE_UNIT ( ) SI_UNIT ( $, .RADIAN. ) );
#434 = DIRECTION ( 'NONE',  ( 0.7071067811865474617, 0.000000000000000000, -0.7071067811865474617 ) ) ;
#435 = EDGE_LOOP ( 'NONE', ( #2301, #852, #856, #1747 ) ) ;
#436 = AXIS2_PLACEMENT_3D ( 'NONE', #302, #503, #1481 ) ;
#437 = ORIENTED_EDGE ( 'NONE', *, *, #2623, .T. ) ;
#438 = SURFACE_SIDE_STYLE ('',( #872 ) ) ;
#439 = CARTESIAN_POINT ( 'NONE',  ( 2.441421356237309492, 3.000000000000000000, -2.441421356237309492 ) ) ;
#440 = PRESENTATION_LAYER_ASSIGNMENT (  '', '', ( #1743 ) ) ;
#441 = CARTESIAN_POINT ( 'NONE',  ( 2.153553390593275108, 3.200000000000000178, 2.153553390593275108 ) ) ;
#442 = VECTOR ( 'NONE', #970, 1000.000000000000000 ) ;
#443 = CIRCLE ( 'NONE', #1649, 0.1000000000000000472 ) ;
#444 =( NAMED_UNIT ( * ) SI_UNIT ( $, .STERADIAN. ) SOLID_ANGLE_UNIT ( ) );
#445 = PRESENTATION_LAYER_ASSIGNMENT (  '', '', ( #744 ) ) ;
#446 = ADVANCED_FACE ( 'NONE', ( #1538 ), #2455, .T. ) ;
#447 = DIRECTION ( 'NONE',  ( -0.7071067811865474617, 0.000000000000000000, 0.7071067811865474617 ) ) ;
#448 = CARTESIAN_POINT ( 'NONE',  ( 1.800000000000000044, 3.299999999999999822, -2.188196601125010243 ) ) ;
#449 = EDGE_LOOP ( 'NONE', ( #2473, #179, #1942, #1846 ) ) ;
#450 = DIRECTION ( 'NONE',  ( 0.000000000000000000, -1.000000000000000000, 0.000000000000000000 ) ) ;
#451 = EDGE_CURVE ( 'NONE', #2043, #1808, #1320, .T. ) ;
#452 = LINE ( 'NONE', #1146, #379 ) ;
#453 = VERTEX_POINT ( 'NONE', #570 ) ;
#454 = CARTESIAN_POINT ( 'NONE',  ( -0.5000000000000000000, 4.051519224698780341, -1.143229762443284114 ) ) ;
#455 = EDGE_CURVE ( 'NONE', #51, #931, #2916, .T. ) ;
#456 = ORIENTED_EDGE ( 'NONE', *, *, #1485, .T. ) ;
#457 = CARTESIAN_POINT ( 'NONE',  ( -2.299999999999999822, 3.000000000000000000, -2.299999999999999822 ) ) ;
#458 = CIRCLE ( 'NONE', #752, 0.2000000000000002887 ) ;
#459 =( LENGTH_UNIT ( ) NAMED_UNIT ( * ) SI_UNIT ( .MILLI., .METRE. ) );
#460 = PLANE ( 'NONE',  #2934 ) ;
#461 = FILL_AREA_STYLE_COLOUR ( '', #1789 ) ;
#462 =( NAMED_UNIT ( * ) PLANE_ANGLE_UNIT ( ) SI_UNIT ( $, .RADIAN. ) );
#463 = LINE ( 'NONE', #704, #1969 ) ;
#464 = CARTESIAN_POINT ( 'NONE',  ( 1.500000000000000000, 0.2000000000000000111, -1.199999999999999956 ) ) ;
#465 = CYLINDRICAL_SURFACE ( 'NONE', #395, 0.2000000000000002887 ) ;
#466 = VERTEX_POINT ( 'NONE', #805 ) ;
#467 = CARTESIAN_POINT ( 'NONE',  ( 2.500000000000000000, 0.2500000000000000000, 2.200000000000000178 ) ) ;
#468 = ORIENTED_EDGE ( 'NONE', *, *, #2887, .F. ) ;
#469 = LINE ( 'NONE', #235, #1727 ) ;
#470 = EDGE_CURVE ( 'NONE', #652, #2226, #1035, .T. ) ;
#471 = DIRECTION ( 'NONE',  ( 0.000000000000000000, 0.5602277550480078139, -0.8283386158292207480 ) ) ;
#472 = CARTESIAN_POINT ( 'NONE',  ( -2.299999999999999822, 3.000000000000000000, -2.299999999999999822 ) ) ;
#473 = CARTESIAN_POINT ( 'NONE',  ( 1.800000000000000044, 3.299999999999999822, -1.800000000000000044 ) ) ;
#474 = AXIS2_PLACEMENT_3D ( 'NONE', #2439, #1068, #2200 ) ;
#475 = DIRECTION ( 'NONE',  ( 0.000000000000000000, -1.000000000000000000, 0.000000000000000000 ) ) ;
#476 = CIRCLE ( 'NONE', #2164, 0.5000000000000000000 ) ;
#477 = FILL_AREA_STYLE_COLOUR ( '', #689 ) ;
#478 = ORIENTED_EDGE ( 'NONE', *, *, #1666, .T. ) ;
#479 = AXIS2_PLACEMENT_3D ( 'NONE', #260, #1181, #2094 ) ;
#480 = DIRECTION ( 'NONE',  ( -0.7071067811865474617, 0.000000000000000000, -0.7071067811865474617 ) ) ;
#482 = ADVANCED_FACE ( 'NONE', ( #1750 ), #360, .T. ) ;
#481 = EDGE_CURVE ( 'NONE', #943, #1342, #2928, .T. ) ;
#483 = ORIENTED_EDGE ( 'NONE', *, *, #1365, .T. ) ;
#484 = UNCERTAINTY_MEASURE_WITH_UNIT (LENGTH_MEASURE( 1.000000000000000082E-05 ), #1763, 'distance_accuracy_value', 'NONE');
#485 = CARTESIAN_POINT ( 'NONE',  ( 2.500000000000000000, 0.000000000000000000, -2.299999999999999822 ) ) ;
#486 = CYLINDRICAL_SURFACE ( 'NONE', #985, 0.2000000000000002887 ) ;
#487 = VECTOR ( 'NONE', #266, 1000.000000000000000 ) ;
#488 = DIRECTION ( 'NONE',  ( 0.000000000000000000, -1.000000000000000000, -1.850371707708595154E-15 ) ) ;
#489 = AXIS2_PLACEMENT_3D ( 'NONE', #2949, #655, #2767 ) ;
#490 = DIRECTION ( 'NONE',  ( 0.000000000000000000, 0.000000000000000000, 1.000000000000000000 ) ) ;
#491 = AXIS2_PLACEMENT_3D ( 'NONE', #2583, #41, #1445 ) ;
#492 = CARTESIAN_POINT ( 'NONE',  ( -2.299999999999999822, 3.000000000000000000, 2.299999999999999822 ) ) ;
#493 = EDGE_CURVE ( 'NONE', #2244, #897, #1501, .T. ) ;
#494 = ORIENTED_EDGE ( 'NONE', *, *, #552, .T. ) ;
#495 = PLANE ( 'NONE',  #641 ) ;
#496 = AXIS2_PLACEMENT_3D ( 'NONE', #1072, #1757, #324 ) ;
#497 = CARTESIAN_POINT ( 'NONE',  ( 1.800000000000000044, 3.399999999999999911, 2.299999999999999822 ) ) ;
#498 = SURFACE_SIDE_STYLE ('',( #34 ) ) ;
#499 = ORIENTED_EDGE ( 'NONE', *, *, #869, .T. ) ;
#500 = ORIENTED_EDGE ( 'NONE', *, *, #602, .F. ) ;
#501 = SHAPE_REPRESENTATION_RELATIONSHIP ( 'NONE' , 'NONE' ,  #810, #11 ) ;
#502 = VECTOR ( 'NONE', #1685, 1000.000000000000000 ) ;
#503 = DIRECTION ( 'NONE',  ( 0.000000000000000000, -1.000000000000000000, 0.000000000000000000 ) ) ;
#504 = CARTESIAN_POINT ( 'NONE',  ( -2.500000000000000000, 0.1000000000000000056, -2.200000000000000178 ) ) ;
#505 = PRESENTATION_STYLE_ASSIGNMENT (( #2391 ) ) ;
#506 = EDGE_LOOP ( 'NONE', ( #2659, #816, #1236, #833 ) ) ;
#507 = EDGE_CURVE ( 'NONE', #2033, #2476, #1991, .T. ) ;
#508 = DIRECTION ( 'NONE',  ( 0.000000000000000000, -1.000000000000000000, 0.000000000000000000 ) ) ;
#509 = PLANE ( 'NONE',  #2111 ) ;
#510 = CARTESIAN_POINT ( 'NONE',  ( 1.500000000000000000, 0.5000000000000000000, -1.199999999999999956 ) ) ;
#511 = DIRECTION ( 'NONE',  ( 0.000000000000000000, -1.000000000000000000, 0.000000000000000000 ) ) ;
#512 = EDGE_CURVE ( 'NONE', #406, #2223, #603, .T. ) ;
#513 = DIRECTION ( 'NONE',  ( -1.000000000000000000, -2.312964634635739999E-16, 1.283953296258155849E-31 ) ) ;
#514 = ORIENTED_EDGE ( 'NONE', *, *, #1865, .T. ) ;
#515 = CARTESIAN_POINT ( 'NONE',  ( 1.800000000000000044, 3.399999999999999911, 1.800000000000000044 ) ) ;
#516 = EDGE_LOOP ( 'NONE', ( #917, #1034, #53, #1390 ) ) ;
#517 = CARTESIAN_POINT ( 'NONE',  ( 1.500000000000000000, -3.649999999999999911, 1.700000000000000178 ) ) ;
#518 = UNCERTAINTY_MEASURE_WITH_UNIT (LENGTH_MEASURE( 1.000000000000000082E-05 ), #262, 'distance_accuracy_value', 'NONE');
#519 = EDGE_CURVE ( 'NONE', #2736, #409, #1753, .T. ) ;
#520 = DIRECTION ( 'NONE',  ( 0.000000000000000000, -1.000000000000000000, 0.000000000000000000 ) ) ;
#521 = LINE ( 'NONE', #2790, #113 ) ;
#522 = DIRECTION ( 'NONE',  ( 0.000000000000000000, 0.000000000000000000, 1.000000000000000000 ) ) ;
#523 = EDGE_CURVE ( 'NONE', #2754, #2974, #458, .T. ) ;
#524 = EDGE_LOOP ( 'NONE', ( #1101, #1580, #2106, #862 ) ) ;
#525 = CARTESIAN_POINT ( 'NONE',  ( -0.5000000000000000000, 4.150000000000000355, -1.125864944676592039 ) ) ;
#526 = PRESENTATION_STYLE_ASSIGNMENT (( #1895 ) ) ;
#527 =( REPRESENTATION_RELATIONSHIP ('NONE','NONE', #2726, #810 ) REPRESENTATION_RELATIONSHIP_WITH_TRANSFORMATION ( #116 )SHAPE_REPRESENTATION_RELATIONSHIP( ) );
#528 = DIRECTION ( 'NONE',  ( 0.000000000000000000, 1.000000000000000000, 0.000000000000000000 ) ) ;
#529 = FACE_OUTER_BOUND ( 'NONE', #2877, .T. ) ;
#530 = VECTOR ( 'NONE', #121, 1000.000000000000000 ) ;
#531 = EDGE_LOOP ( 'NONE', ( #2387, #2592, #2429, #972 ) ) ;
#532 = FACE_OUTER_BOUND ( 'NONE', #1899, .T. ) ;
#533 = AXIS2_PLACEMENT_3D ( 'NONE', #2845, #1173, #2550 ) ;
#534 = ORIENTED_EDGE ( 'NONE', *, *, #1807, .T. ) ;
#535 = ADVANCED_FACE ( 'NONE', ( #2239 ), #2963, .T. ) ;
#536 = AXIS2_PLACEMENT_3D ( 'NONE', #2, #2300, #953 ) ;
#537 = CARTESIAN_POINT ( 'NONE',  ( 1.500000000000000000, 0.3499999999999999778, -1.699999999999999956 ) ) ;
#538 = CARTESIAN_POINT ( 'NONE',  ( 2.500000000000000000, 0.5000000000000000000, 0.1499999999999999944 ) ) ;
#539 = ORIENTED_EDGE ( 'NONE', *, *, #860, .T. ) ;
#540 = DIRECTION ( 'NONE',  ( 0.000000000000000000, 0.000000000000000000, -1.000000000000000000 ) ) ;
#541 = CARTESIAN_POINT ( 'NONE',  ( -2.500000000000000000, 0.2000000000000000111, -2.200000000000000178 ) ) ;
#542 = PRODUCT_DEFINITION_CONTEXT ( 'detailed design', #682, 'design' ) ;
#543 = VECTOR ( 'NONE', #420, 1000.000000000000000 ) ;
#544 = DIRECTION ( 'NONE',  ( 0.000000000000000000, -1.000000000000000000, 0.000000000000000000 ) ) ;
#545 = ORIENTED_EDGE ( 'NONE', *, *, #1238, .T. ) ;
#546 = AXIS2_PLACEMENT_3D ( 'NONE', #2203, #1964, #2181 ) ;
#547 = PLANE ( 'NONE',  #2129 ) ;
#548 = CARTESIAN_POINT ( 'NONE',  ( -2.441421356237309492, 0.000000000000000000, 2.441421356237309492 ) ) ;
#549 = DIRECTION ( 'NONE',  ( 0.000000000000000000, 0.000000000000000000, 1.000000000000000000 ) ) ;
#550 = ORIENTED_EDGE ( 'NONE', *, *, #2185, .F. ) ;
#551 = FACE_OUTER_BOUND ( 'NONE', #1673, .T. ) ;
#552 = EDGE_CURVE ( 'NONE', #975, #333, #2478, .T. ) ;
#553 = DIRECTION ( 'NONE',  ( 0.000000000000000000, -1.000000000000000000, 0.000000000000000000 ) ) ;
#554 = DIRECTION ( 'NONE',  ( -2.307127086060999984E-16, 0.9974761617677480041, 0.07100215986208820163 ) ) ;
#555 = VERTEX_POINT ( 'NONE', #2944 ) ;
#556 = SURFACE_SIDE_STYLE ('',( #1201 ) ) ;
#557 = VECTOR ( 'NONE', #2431, 999.9999999999998863 ) ;
#558 = PLANE ( 'NONE',  #2465 ) ;
#559 = CARTESIAN_POINT ( 'NONE',  ( 1.500000000000000000, 0.5000000000000000000, -1.199999999999999956 ) ) ;
#560 = EDGE_LOOP ( 'NONE', ( #685, #2192, #794, #903 ) ) ;
#561 = ORIENTED_EDGE ( 'NONE', *, *, #2759, .T. ) ;
#562 = CARTESIAN_POINT ( 'NONE',  ( -2.441421356237309492, 0.000000000000000000, -2.441421356237309492 ) ) ;
#563 = DIRECTION ( 'NONE',  ( 0.000000000000000000, 1.000000000000000000, 1.850371707708595154E-15 ) ) ;
#564 = DIRECTION ( 'NONE',  ( 0.7071067811865474617, 0.000000000000000000, -0.7071067811865474617 ) ) ;
#565 = CARTESIAN_POINT ( 'NONE',  ( -2.299999999999999822, 0.000000000000000000, -2.500000000000000000 ) ) ;
#566 = VERTEX_POINT ( 'NONE', #215 ) ;
#567 = DIRECTION ( 'NONE',  ( -0.7071067811865474617, 0.000000000000000000, -0.7071067811865474617 ) ) ;
#568 = DIRECTION ( 'NONE',  ( 0.000000000000000000, 1.000000000000000000, 0.000000000000000000 ) ) ;
#569 = ORIENTED_EDGE ( 'NONE', *, *, #1179, .T. ) ;
#570 = CARTESIAN_POINT ( 'NONE',  ( 0.5000000000000000000, 1.522363857263695053, -1.752227852180394896 ) ) ;
#571 = CIRCLE ( 'NONE', #1539, 0.1499999999999999667 ) ;
#572 = ORIENTED_EDGE ( 'NONE', *, *, #1110, .F. ) ;
#573 =( GEOMETRIC_REPRESENTATION_CONTEXT ( 3 ) GLOBAL_UNCERTAINTY_ASSIGNED_CONTEXT ( ( #70 ) ) GLOBAL_UNIT_ASSIGNED_CONTEXT ( ( #1151, #765, #38 ) ) REPRESENTATION_CONTEXT ( 'NONE', 'WORKASPACE' ) );
#574 = SURFACE_SIDE_STYLE ('',( #2196 ) ) ;
#575 = EDGE_CURVE ( 'NONE', #2852, #2739, #1376, .T. ) ;
#576 = CARTESIAN_POINT ( 'NONE',  ( 1.500000000000000000, 0.2000000000000000111, -2.200000000000000178 ) ) ;
#577 = AXIS2_PLACEMENT_3D ( 'NONE', #2536, #2475, #1405 ) ;
#578 =( REPRESENTATION_RELATIONSHIP ('NONE','NONE', #2726, #810 ) REPRESENTATION_RELATIONSHIP_WITH_TRANSFORMATION ( #783 )SHAPE_REPRESENTATION_RELATIONSHIP( ) );
#579 = ORIENTED_EDGE ( 'NONE', *, *, #1440, .F. ) ;
#580 = FACE_OUTER_BOUND ( 'NONE', #2936, .T. ) ;
#581 = ORIENTED_EDGE ( 'NONE', *, *, #1393, .T. ) ;
#582 = ADVANCED_FACE ( 'NONE', ( #880 ), #1611, .T. ) ;
#583 = CARTESIAN_POINT ( 'NONE',  ( -2.299999999999999822, 3.000000000000000000, 2.299999999999999822 ) ) ;
#584 = VERTEX_POINT ( 'NONE', #464 ) ;
#585 = VECTOR ( 'NONE', #1327, 1000.000000000000000 ) ;
#586 = AXIS2_PLACEMENT_3D ( 'NONE', #1149, #2753, #2327 ) ;
#587 = VECTOR ( 'NONE', #2714, 1000.000000000000000 ) ;
#588 = EDGE_LOOP ( 'NONE', ( #1419, #1832, #130, #1749 ) ) ;
#589 = CLOSED_SHELL ( 'NONE', ( #1432, #2085, #2235, #1778, #2084, #332, #1769, #3, #1954, #2740, #2708, #1160, #1986, #2297, #1209, #2088, #2377, #2709, #2438, #1558, #2305, #910, #672, #2622, #1576, #1861, #202, #760, #1680, #1989, #2295, #2848, #2333, #2814, #2312, #2411, #482, #1860, #779 ) ) ;
#590 = CONTEXT_DEPENDENT_SHAPE_REPRESENTATION ( #177, #1357 ) ;
#591 = CARTESIAN_POINT ( 'NONE',  ( 1.600000000000000089, 3.000000000000000000, -1.959434878635765230E-16 ) ) ;
#592 = AXIS2_PLACEMENT_3D ( 'NONE', #2158, #107, #1713 ) ;
#593 = PLANE ( 'NONE',  #1825 ) ;
#594 = LINE ( 'NONE', #341, #2463 ) ;
#595 = DIRECTION ( 'NONE',  ( 0.000000000000000000, -5.514886957328450285E-16, -1.000000000000000000 ) ) ;
#596 = PRESENTATION_LAYER_ASSIGNMENT (  '', '', ( #1424 ) ) ;
#597 = ORIENTED_EDGE ( 'NONE', *, *, #968, .F. ) ;
#598 = DIRECTION ( 'NONE',  ( 0.000000000000000000, 1.000000000000000000, 0.000000000000000000 ) ) ;
#599 = CIRCLE ( 'NONE', #2283, 1.399999999999999911 ) ;
#600 = CARTESIAN_POINT ( 'NONE',  ( 1.500000000000000000, 0.5000000000000000000, 1.199999999999999956 ) ) ;
#601 = ORIENTED_EDGE ( 'NONE', *, *, #2590, .F. ) ;
#602 = EDGE_CURVE ( 'NONE', #2397, #1837, #222, .T. ) ;
#603 = LINE ( 'NONE', #2194, #1133 ) ;
#604 = SURFACE_SIDE_STYLE ('',( #2859 ) ) ;
#605 = VERTEX_POINT ( 'NONE', #2492 ) ;
#606 = DIRECTION ( 'NONE',  ( 0.000000000000000000, -1.000000000000000000, 0.000000000000000000 ) ) ;
#607 = FILL_AREA_STYLE_COLOUR ( '', #1646 ) ;
#608 = DIRECTION ( 'NONE',  ( 0.000000000000000000, -1.000000000000000000, 0.000000000000000000 ) ) ;
#609 = PRESENTATION_STYLE_ASSIGNMENT (( #2215 ) ) ;
#610 = EDGE_CURVE ( 'NONE', #208, #751, #599, .T. ) ;
#611 = CARTESIAN_POINT ( 'NONE',  ( 2.500000000000000000, 0.2000000000000000111, 0.6500000000000000222 ) ) ;
#612 = ORIENTED_EDGE ( 'NONE', *, *, #906, .F. ) ;
#613 = ORIENTED_EDGE ( 'NONE', *, *, #1914, .T. ) ;
#614 = EDGE_CURVE ( 'NONE', #1127, #683, #849, .T. ) ;
#615 = FACE_OUTER_BOUND ( 'NONE', #890, .T. ) ;
#616 = SURFACE_STYLE_USAGE ( .BOTH. , #400 ) ;
#617 = EDGE_LOOP ( 'NONE', ( #2211, #2183, #307, #2440 ) ) ;
#618 = VERTEX_POINT ( 'NONE', #1391 ) ;
#619 =( LENGTH_UNIT ( ) NAMED_UNIT ( * ) SI_UNIT ( .MILLI., .METRE. ) );
#620 = CARTESIAN_POINT ( 'NONE',  ( -2.500000000000000000, 0.000000000000000000, -2.500000000000000000 ) ) ;
#621 = ORIENTED_EDGE ( 'NONE', *, *, #1401, .T. ) ;
#622 = DIRECTION ( 'NONE',  ( -1.000000000000000000, 0.000000000000000000, 0.000000000000000000 ) ) ;
#623 = CARTESIAN_POINT ( 'NONE',  ( 0.000000000000000000, 3.000000000000000000, 0.000000000000000000 ) ) ;
#624 = ADVANCED_FACE ( 'NONE', ( #1819 ), #2733, .T. ) ;
#625 = CARTESIAN_POINT ( 'NONE',  ( 2.500000000000000000, 3.000000000000000000, -2.500000000000000000 ) ) ;
#626 = AXIS2_PLACEMENT_3D ( 'NONE', #700, #1620, #30 ) ;
#627 = VECTOR ( 'NONE', #997, 1000.000000000000000 ) ;
#628 = CARTESIAN_POINT ( 'NONE',  ( -0.5000000000000000000, 4.150000000000000355, 0.000000000000000000 ) ) ;
#629 = ORIENTED_EDGE ( 'NONE', *, *, #1284, .T. ) ;
#630 = DIRECTION ( 'NONE',  ( 0.000000000000000000, -0.7660444431189782355, 0.6427876096865391409 ) ) ;
#631 = DIRECTION ( 'NONE',  ( -1.000000000000000000, 0.000000000000000000, 0.000000000000000000 ) ) ;
#632 = ORIENTED_EDGE ( 'NONE', *, *, #2520, .F. ) ;
#633 = EDGE_CURVE ( 'NONE', #1837, #2884, #1163, .T. ) ;
#634 = SURFACE_STYLE_USAGE ( .BOTH. , #2688 ) ;
#635 = DIRECTION ( 'NONE',  ( -2.312964634635739506E-16, -0.4372484067197419111, -0.8993407756913098794 ) ) ;
#636 = ORIENTED_EDGE ( 'NONE', *, *, #731, .F. ) ;
#637 = ADVANCED_FACE ( 'NONE', ( #2289 ), #229, .T. ) ;
#638 = VECTOR ( 'NONE', #1158, 1000.000000000000000 ) ;
#639 =( NAMED_UNIT ( * ) PLANE_ANGLE_UNIT ( ) SI_UNIT ( $, .RADIAN. ) );
#640 = PRESENTATION_STYLE_ASSIGNMENT (( #2903 ) ) ;
#641 = AXIS2_PLACEMENT_3D ( 'NONE', #1420, #270, #1654 ) ;
#642 = COLOUR_RGB ( '',1.000000000000000000, 0.9921568627450980671, 0.9647058823529411908 ) ;
#643 = VERTEX_POINT ( 'NONE', #1862 ) ;
#644 = AXIS2_PLACEMENT_3D ( 'NONE', #2025, #1112, #1317 ) ;
#645 = EDGE_CURVE ( 'NONE', #2095, #1661, #1612, .T. ) ;
#646 = DIRECTION ( 'NONE',  ( 0.000000000000000000, 1.000000000000000000, 0.000000000000000000 ) ) ;
#647 = LINE ( 'NONE', #925, #1883 ) ;
#648 = CARTESIAN_POINT ( 'NONE',  ( 2.500000000000000000, 3.000000000000000000, 2.500000000000000000 ) ) ;
#649 = LINE ( 'NONE', #1565, #2644 ) ;
#650 = VERTEX_POINT ( 'NONE', #2321 ) ;
#651 = CARTESIAN_POINT ( 'NONE',  ( -1.500000000000000000, 0.3499999999999999778, 1.699999999999999956 ) ) ;
#652 = VERTEX_POINT ( 'NONE', #1655 ) ;
#653 = DIRECTION ( 'NONE',  ( 0.000000000000000000, -1.850371707708595154E-15, 1.000000000000000000 ) ) ;
#654 = ORIENTED_EDGE ( 'NONE', *, *, #2678, .T. ) ;
#655 = DIRECTION ( 'NONE',  ( 0.000000000000000000, 1.000000000000000000, 0.000000000000000000 ) ) ;
#656 = ORIENTED_EDGE ( 'NONE', *, *, #2804, .T. ) ;
#657 = DIRECTION ( 'NONE',  ( 1.000000000000000000, 0.000000000000000000, 0.000000000000000000 ) ) ;
#658 = DIRECTION ( 'NONE',  ( 0.000000000000000000, 0.000000000000000000, 1.000000000000000000 ) ) ;
#659 = ORIENTED_EDGE ( 'NONE', *, *, #2318, .F. ) ;
#660 = FACE_OUTER_BOUND ( 'NONE', #1867, .T. ) ;
#661 = ORIENTED_EDGE ( 'NONE', *, *, #2764, .T. ) ;
#662 = DIRECTION ( 'NONE',  ( 0.000000000000000000, 0.000000000000000000, 1.000000000000000000 ) ) ;
#663 = DIRECTION ( 'NONE',  ( 0.000000000000000000, 1.000000000000000000, 0.000000000000000000 ) ) ;
#664 = CARTESIAN_POINT ( 'NONE',  ( 2.500000000000000000, 0.000000000000000000, 2.299999999999999822 ) ) ;
#665 = ORIENTED_EDGE ( 'NONE', *, *, #230, .F. ) ;
#666 =( LENGTH_UNIT ( ) NAMED_UNIT ( * ) SI_UNIT ( .MILLI., .METRE. ) );
#667 = FILL_AREA_STYLE ('',( #2695 ) ) ;
#668 = VERTEX_POINT ( 'NONE', #1452 ) ;
#669 = EDGE_CURVE ( 'NONE', #2563, #1211, #2338, .T. ) ;
#670 = VECTOR ( 'NONE', #2828, 1000.000000000000000 ) ;
#671 = DIRECTION ( 'NONE',  ( 0.000000000000000000, 0.000000000000000000, 1.000000000000000000 ) ) ;
#672 = ADVANCED_FACE ( 'NONE', ( #1669 ), #2558, .F. ) ;
#673 = CIRCLE ( 'NONE', #1966, 1.600000000000000089 ) ;
#674 = CARTESIAN_POINT ( 'NONE',  ( -2.500000000000000000, 0.5000000000000000000, -1.199999999999999956 ) ) ;
#675 = CARTESIAN_POINT ( 'NONE',  ( 0.5000000000000000000, 3.800759612349390082, -0.8328174642067539546 ) ) ;
#676 = CARTESIAN_POINT ( 'NONE',  ( 1.800000000000000044, 3.200000000000000178, 1.800000000000000044 ) ) ;
#677 = AXIS2_PLACEMENT_3D ( 'NONE', #1389, #1610, #2058 ) ;
#678 = ORIENTED_EDGE ( 'NONE', *, *, #2219, .F. ) ;
#679 = CARTESIAN_POINT ( 'NONE',  ( 2.299999999999999822, 3.200000000000000178, -2.299999999999999822 ) ) ;
#680 = EDGE_CURVE ( 'NONE', #1858, #2389, #321, .T. ) ;
#681 = DIRECTION ( 'NONE',  ( 0.000000000000000000, -1.000000000000000000, 0.000000000000000000 ) ) ;
#682 = APPLICATION_CONTEXT ( 'automotive_design' ) ;
#683 = VERTEX_POINT ( 'NONE', #497 ) ;
#684 = DIRECTION ( 'NONE',  ( -1.000000000000000000, 0.000000000000000000, 0.000000000000000000 ) ) ;
#685 = ORIENTED_EDGE ( 'NONE', *, *, #1375, .F. ) ;
#686 = PRESENTATION_LAYER_ASSIGNMENT (  '', '', ( #1975 ) ) ;
#687 =( GEOMETRIC_REPRESENTATION_CONTEXT ( 3 ) GLOBAL_UNCERTAINTY_ASSIGNED_CONTEXT ( ( #2150 ) ) GLOBAL_UNIT_ASSIGNED_CONTEXT ( ( #170, #1334, #2919 ) ) REPRESENTATION_CONTEXT ( 'NONE', 'WORKASPACE' ) );
#688 = CARTESIAN_POINT ( 'NONE',  ( -2.500000000000000000, 0.000000000000000000, -2.299999999999999822 ) ) ;
#689 = COLOUR_RGB ( '',1.000000000000000000, 0.9921568627450980671, 0.9647058823529411908 ) ;
#690 = FACE_OUTER_BOUND ( 'NONE', #1647, .T. ) ;
#691 = DIRECTION ( 'NONE',  ( 0.000000000000000000, 0.000000000000000000, 1.000000000000000000 ) ) ;
#692 = AXIS2_PLACEMENT_3D ( 'NONE', #927, #2452, #447 ) ;
#693 = FILL_AREA_STYLE ('',( #1554 ) ) ;
#694 = CARTESIAN_POINT ( 'NONE',  ( 0.000000000000000000, 4.200000000000000178, 0.000000000000000000 ) ) ;
#695 = ORIENTED_EDGE ( 'NONE', *, *, #2405, .T. ) ;
#696 = FACE_OUTER_BOUND ( 'NONE', #449, .T. ) ;
#697 = ORIENTED_EDGE ( 'NONE', *, *, #20, .T. ) ;
#698 = MECHANICAL_DESIGN_GEOMETRIC_PRESENTATION_REPRESENTATION (  '', ( #357 ), #1283 ) ;
#699 = EDGE_CURVE ( 'NONE', #1015, #2170, #1377, .T. ) ;
#700 = CARTESIAN_POINT ( 'NONE',  ( -1.446446609406726092, 3.200000000000000178, -1.446446609406726092 ) ) ;
#701 = EDGE_LOOP ( 'NONE', ( #2264, #403 ) ) ;
#702 = EDGE_CURVE ( 'NONE', #1716, #2863, #1192, .T. ) ;
#703 = CARTESIAN_POINT ( 'NONE',  ( -1.500000000000000000, 0.5000000000000000000, -1.199999999999999956 ) ) ;
#704 = CARTESIAN_POINT ( 'NONE',  ( -2.500000000000000000, 3.000000000000000000, 2.299999999999999822 ) ) ;
#705 = PLANE ( 'NONE',  #1788 ) ;
#707 = EDGE_CURVE ( 'NONE', #1127, #713, #2966, .T. ) ;
#706 = EDGE_CURVE ( 'NONE', #1448, #122, #2573, .T. ) ;
#708 = CARTESIAN_POINT ( 'NONE',  ( -0.5000000000000000000, 4.150000000000000355, 0.000000000000000000 ) ) ;
#709 = DIRECTION ( 'NONE',  ( 0.000000000000000000, -1.000000000000000000, 0.000000000000000000 ) ) ;
#710 = ORIENTED_EDGE ( 'NONE', *, *, #2512, .F. ) ;
#711 = EDGE_CURVE ( 'NONE', #160, #2732, #1436, .T. ) ;
#712 = DIRECTION ( 'NONE',  ( 1.000000000000000000, 0.000000000000000000, 0.000000000000000000 ) ) ;
#713 = VERTEX_POINT ( 'NONE', #724 ) ;
#714 = ITEM_DEFINED_TRANSFORMATION ( 'NONE', 'NONE', #2758,  #799 ) ;
#715 = EDGE_CURVE ( 'NONE', #2445, #160, #2351, .T. ) ;
#716 = DIRECTION ( 'NONE',  ( 0.000000000000000000, 1.000000000000000000, 0.000000000000000000 ) ) ;
#717 = DIRECTION ( 'NONE',  ( 0.000000000000000000, -1.000000000000000000, 0.000000000000000000 ) ) ;
#718 = PLANE ( 'NONE',  #2565 ) ;
#719 = CARTESIAN_POINT ( 'NONE',  ( -2.500000000000000000, 0.2000000000000000111, -1.850000000000000089 ) ) ;
#720 = AXIS2_PLACEMENT_3D ( 'NONE', #1338, #2484, #1371 ) ;
#721 = CARTESIAN_POINT ( 'NONE',  ( -2.299999999999999822, 3.000000000000000000, -2.500000000000000000 ) ) ;
#722 = DIRECTION ( 'NONE',  ( 0.000000000000000000, 1.000000000000000000, 0.000000000000000000 ) ) ;
#723 = VECTOR ( 'NONE', #1736, 1000.000000000000000 ) ;
#724 = CARTESIAN_POINT ( 'NONE',  ( 1.800000000000000044, 3.200000000000000178, 1.300000000000000044 ) ) ;
#725 = VECTOR ( 'NONE', #2386, 1000.000000000000000 ) ;
#726 = PRESENTATION_STYLE_ASSIGNMENT (( #2778 ) ) ;
#727 = CARTESIAN_POINT ( 'NONE',  ( -1.500000000000000000, 0.5000000000000000000, 1.199999999999999956 ) ) ;
#728 = VERTEX_POINT ( 'NONE', #1224 ) ;
#729 = EDGE_CURVE ( 'NONE', #466, #2043, #77, .T. ) ;
#730 = SURFACE_STYLE_USAGE ( .BOTH. , #2607 ) ;
#731 = EDGE_CURVE ( 'NONE', #785, #2033, #813, .T. ) ;
#732 = ORIENTED_EDGE ( 'NONE', *, *, #2309, .T. ) ;
#733 = DIRECTION ( 'NONE',  ( 0.000000000000000000, 0.000000000000000000, -1.000000000000000000 ) ) ;
#734 = UNCERTAINTY_MEASURE_WITH_UNIT (LENGTH_MEASURE( 1.000000000000000082E-05 ), #320, 'distance_accuracy_value', 'NONE');
#735 = CARTESIAN_POINT ( 'NONE',  ( -0.5000000000000000000, 4.150000000000000355, 0.000000000000000000 ) ) ;
#736 = EDGE_CURVE ( 'NONE', #1742, #1690, #246, .T. ) ;
#737 = PRESENTATION_LAYER_ASSIGNMENT (  '', '', ( #830 ) ) ;
#738 = DIRECTION ( 'NONE',  ( 0.000000000000000000, 0.000000000000000000, 1.000000000000000000 ) ) ;
#739 = CIRCLE ( 'NONE', #1511, 0.2000000000000002887 ) ;
#740 = LINE ( 'NONE', #1622, #2502 ) ;
#741 = AXIS2_PLACEMENT_3D ( 'NONE', #32, #1469, #1191 ) ;
#742 =( GEOMETRIC_REPRESENTATION_CONTEXT ( 3 ) GLOBAL_UNCERTAINTY_ASSIGNED_CONTEXT ( ( #484 ) ) GLOBAL_UNIT_ASSIGNED_CONTEXT ( ( #1763, #639, #407 ) ) REPRESENTATION_CONTEXT ( 'NONE', 'WORKASPACE' ) );
#743 = CARTESIAN_POINT ( 'NONE',  ( -2.500000000000000000, 0.2000000000000000111, 1.199999999999999956 ) ) ;
#744 = STYLED_ITEM ( 'NONE', ( #726 ), #2147 ) ;
#745 = CARTESIAN_POINT ( 'NONE',  ( 1.500000000000000000, 0.5000000000000000000, 2.200000000000000178 ) ) ;
#746 = CYLINDRICAL_SURFACE ( 'NONE', #1791, 0.2000000000000002887 ) ;
#747 = CARTESIAN_POINT ( 'NONE',  ( 2.500000000000000000, 3.000000000000000000, -2.500000000000000000 ) ) ;
#748 = ORIENTED_EDGE ( 'NONE', *, *, #845, .T. ) ;
#749 = SURFACE_STYLE_USAGE ( .BOTH. , #1477 ) ;
#750 = EDGE_CURVE ( 'NONE', #930, #1364, #1733, .T. ) ;
#751 = VERTEX_POINT ( 'NONE', #62 ) ;
#752 = AXIS2_PLACEMENT_3D ( 'NONE', #679, #2763, #2527 ) ;
#753 = CARTESIAN_POINT ( 'NONE',  ( -2.299999999999999822, 3.000000000000000000, 2.500000000000000000 ) ) ;
#754 = CARTESIAN_POINT ( 'NONE',  ( -1.600000000000000089, 3.200000000000000178, 0.000000000000000000 ) ) ;
#755 = MECHANICAL_DESIGN_GEOMETRIC_PRESENTATION_REPRESENTATION (  '', ( #129 ), #1138 ) ;
#756 = VERTEX_POINT ( 'NONE', #2104 ) ;
#757 = VERTEX_POINT ( 'NONE', #969 ) ;
#758 = PRESENTATION_STYLE_ASSIGNMENT (( #2119 ) ) ;
#759 = CARTESIAN_POINT ( 'NONE',  ( 1.500000000000000000, 0.5000000000000000000, -1.199999999999999956 ) ) ;
#760 = ADVANCED_FACE ( 'NONE', ( #1178 ), #1204, .F. ) ;
#761 = FACE_OUTER_BOUND ( 'NONE', #1478, .T. ) ;
#762 = LINE ( 'NONE', #1474, #1406 ) ;
#763 = ORIENTED_EDGE ( 'NONE', *, *, #94, .F. ) ;
#764 = DIRECTION ( 'NONE',  ( 0.000000000000000000, 0.000000000000000000, -1.000000000000000000 ) ) ;
#765 =( NAMED_UNIT ( * ) PLANE_ANGLE_UNIT ( ) SI_UNIT ( $, .RADIAN. ) );
#766 = ORIENTED_EDGE ( 'NONE', *, *, #493, .F. ) ;
#767 = DIRECTION ( 'NONE',  ( 0.000000000000000000, 0.000000000000000000, 1.000000000000000000 ) ) ;
#768 = UNCERTAINTY_MEASURE_WITH_UNIT (LENGTH_MEASURE( 1.000000000000000082E-05 ), #2757, 'distance_accuracy_value', 'NONE');
#769 = DIRECTION ( 'NONE',  ( 0.000000000000000000, -1.387778780781445922E-16, -1.000000000000000000 ) ) ;
#770 = PRESENTATION_STYLE_ASSIGNMENT (( #1801 ) ) ;
#771 = ORIENTED_EDGE ( 'NONE', *, *, #1617, .T. ) ;
#772 = EDGE_CURVE ( 'NONE', #51, #1074, #2797, .T. ) ;
#773 = DIRECTION ( 'NONE',  ( -1.000000000000000000, 0.000000000000000000, 0.000000000000000000 ) ) ;
#774 = FACE_OUTER_BOUND ( 'NONE', #2647, .T. ) ;
#775 = DIRECTION ( 'NONE',  ( 0.000000000000000000, 1.000000000000000000, 0.000000000000000000 ) ) ;
#776 = CARTESIAN_POINT ( 'NONE',  ( -2.299999999999999822, 3.000000000000000000, -2.500000000000000000 ) ) ;
#777 = CIRCLE ( 'NONE', #424, 1.500000000000000000 ) ;
#778 = ORIENTED_EDGE ( 'NONE', *, *, #2493, .T. ) ;
#779 = ADVANCED_FACE ( 'NONE', ( #2817 ), #1779, .T. ) ;
#780 = FILL_AREA_STYLE ('',( #2388 ) ) ;
#781 = VECTOR ( 'NONE', #2900, 1000.000000000000000 ) ;
#782 = VERTEX_POINT ( 'NONE', #2779 ) ;
#783 = ITEM_DEFINED_TRANSFORMATION ( 'NONE', 'NONE', #1483,  #799 ) ;
#784 = FACE_BOUND ( 'NONE', #2423, .T. ) ;
#785 = VERTEX_POINT ( 'NONE', #2324 ) ;
#786 = CARTESIAN_POINT ( 'NONE',  ( -2.441421356237309492, 3.000000000000000000, 2.441421356237309492 ) ) ;
#787 = CIRCLE ( 'NONE', #2461, 0.2000000000000002887 ) ;
#788 = VECTOR ( 'NONE', #554, 1000.000000000000000 ) ;
#789 = UNCERTAINTY_MEASURE_WITH_UNIT (LENGTH_MEASURE( 1.000000000000000082E-05 ), #2437, 'distance_accuracy_value', 'NONE');
#790 =( GEOMETRIC_REPRESENTATION_CONTEXT ( 3 ) GLOBAL_UNCERTAINTY_ASSIGNED_CONTEXT ( ( #518 ) ) GLOBAL_UNIT_ASSIGNED_CONTEXT ( ( #262, #2858, #68 ) ) REPRESENTATION_CONTEXT ( 'NONE', 'WORKASPACE' ) );
#791 = LINE ( 'NONE', #1240, #1516 ) ;
#792 = CARTESIAN_POINT ( 'NONE',  ( 1.800000000000000044, 3.399999999999999911, -2.299999999999999822 ) ) ;
#793 = VERTEX_POINT ( 'NONE', #35 ) ;
#794 = ORIENTED_EDGE ( 'NONE', *, *, #422, .F. ) ;
#795 = SURFACE_STYLE_FILL_AREA ( #780 ) ;
#796 = VERTEX_POINT ( 'NONE', #727 ) ;
#797 = ORIENTED_EDGE ( 'NONE', *, *, #1122, .F. ) ;
#798 = CARTESIAN_POINT ( 'NONE',  ( -1.203706215242022408E-32, 4.100000000000000533, 1.500000000000000000 ) ) ;
#799 = AXIS2_PLACEMENT_3D ( 'NONE', #1351, #2516, #657 ) ;
#800 = CARTESIAN_POINT ( 'NONE',  ( -2.441421356237309492, 0.000000000000000000, -2.441421356237309492 ) ) ;
#801 = ORIENTED_EDGE ( 'NONE', *, *, #680, .T. ) ;
#803 = EDGE_CURVE ( 'NONE', #409, #2770, #291, .T. ) ;
#802 = EDGE_CURVE ( 'NONE', #2476, #930, #1643, .T. ) ;
#804 = VERTEX_POINT ( 'NONE', #2396 ) ;
#805 = CARTESIAN_POINT ( 'NONE',  ( -2.500000000000000000, 0.2000000000000000111, -2.200000000000000178 ) ) ;
#806 = VERTEX_POINT ( 'NONE', #1714 ) ;
#807 = EDGE_CURVE ( 'NONE', #333, #2124, #1455, .T. ) ;
#808 = CARTESIAN_POINT ( 'NONE',  ( -1.600000000000000089, 3.000000000000000000, 0.000000000000000000 ) ) ;
#809 = CARTESIAN_POINT ( 'NONE',  ( -2.299999999999999822, 3.200000000000000178, 2.299999999999999822 ) ) ;
#810 = SHAPE_REPRESENTATION ( 'Button_leg', ( #799 ), #361 ) ;
#811 = DIRECTION ( 'NONE',  ( 0.000000000000000000, 0.000000000000000000, 1.000000000000000000 ) ) ;
#812 = ADVANCED_FACE ( 'NONE', ( #2631 ), #325, .T. ) ;
#813 = CIRCLE ( 'NONE', #2456, 0.2000000000000002887 ) ;
#814 = ORIENTED_EDGE ( 'NONE', *, *, #1235, .F. ) ;
#815 = DIRECTION ( 'NONE',  ( 1.000000000000000000, 0.000000000000000000, 0.000000000000000000 ) ) ;
#816 = ORIENTED_EDGE ( 'NONE', *, *, #1246, .F. ) ;
#817 = ORIENTED_EDGE ( 'NONE', *, *, #2887, .T. ) ;
#818 = VERTEX_POINT ( 'NONE', #1207 ) ;
#819 = AXIS2_PLACEMENT_3D ( 'NONE', #828, #1739, #2658 ) ;
#820 = CARTESIAN_POINT ( 'NONE',  ( 1.800000000000000044, 3.399999999999999911, -1.300000000000000044 ) ) ;
#821 = ORIENTED_EDGE ( 'NONE', *, *, #2339, .F. ) ;
#822 = ITEM_DEFINED_TRANSFORMATION ( 'NONE', 'NONE', #408,  #799 ) ;
#823 = VECTOR ( 'NONE', #2151, 1000.000000000000114 ) ;
#824 = FACE_BOUND ( 'NONE', #2159, .T. ) ;
#825 = MECHANICAL_DESIGN_GEOMETRIC_PRESENTATION_REPRESENTATION (  '', ( #2549 ), #2115 ) ;
#826 = CARTESIAN_POINT ( 'NONE',  ( -1.800000000000000044, 3.299999999999999822, 1.800000000000000044 ) ) ;
#827 = ORIENTED_EDGE ( 'NONE', *, *, #2951, .F. ) ;
#828 = CARTESIAN_POINT ( 'NONE',  ( -1.800000000000000044, 3.299999999999999822, -2.188196601125010243 ) ) ;
#829 = EDGE_CURVE ( 'NONE', #2097, #1285, #2799, .T. ) ;
#830 = STYLED_ITEM ( 'NONE', ( #863 ), #2448 ) ;
#831 = LINE ( 'NONE', #1012, #2803 ) ;
#832 = SURFACE_STYLE_FILL_AREA ( #2191 ) ;
#833 = ORIENTED_EDGE ( 'NONE', *, *, #2729, .T. ) ;
#834 = ORIENTED_EDGE ( 'NONE', *, *, #2853, .T. ) ;
#835 = DIRECTION ( 'NONE',  ( 1.000000000000000000, 0.000000000000000000, 0.000000000000000000 ) ) ;
#836 = COLOUR_RGB ( '',1.000000000000000000, 0.9921568627450980671, 0.9647058823529411908 ) ;
#837 = ORIENTED_EDGE ( 'NONE', *, *, #493, .T. ) ;
#838 = VECTOR ( 'NONE', #1387, 1000.000000000000000 ) ;
#839 = EDGE_CURVE ( 'NONE', #99, #1095, #762, .T. ) ;
#840 = DIRECTION ( 'NONE',  ( 0.7071067811865474617, 0.000000000000000000, -0.7071067811865474617 ) ) ;
#841 = VECTOR ( 'NONE', #2057, 1000.000000000000000 ) ;
#842 = DIRECTION ( 'NONE',  ( 0.000000000000000000, -1.000000000000000000, 0.000000000000000000 ) ) ;
#843 = CARTESIAN_POINT ( 'NONE',  ( -1.800000000000000044, 3.399999999999999911, -1.300000000000000044 ) ) ;
#844 = CARTESIAN_POINT ( 'NONE',  ( 0.5000000000000000000, 1.942457254992744797, -1.210486308122874055 ) ) ;
#845 = EDGE_CURVE ( 'NONE', #453, #1342, #2105, .T. ) ;
#846 = CARTESIAN_POINT ( 'NONE',  ( 2.441421356237309492, 3.200000000000000178, 2.441421356237309492 ) ) ;
#847 = ORIENTED_EDGE ( 'NONE', *, *, #182, .T. ) ;
#848 = DIRECTION ( 'NONE',  ( 0.000000000000000000, 0.000000000000000000, -1.000000000000000000 ) ) ;
#849 = CIRCLE ( 'NONE', #2665, 0.1499999999999999667 ) ;
#850 = CARTESIAN_POINT ( 'NONE',  ( -0.5000000000000000000, 1.942457254992744797, -1.210486308122874055 ) ) ;
#851 = ORIENTED_EDGE ( 'NONE', *, *, #1385, .F. ) ;
#852 = ORIENTED_EDGE ( 'NONE', *, *, #957, .T. ) ;
#853 = DIRECTION ( 'NONE',  ( 1.000000000000000000, 0.000000000000000000, 0.000000000000000000 ) ) ;
#854 = EDGE_CURVE ( 'NONE', #2329, #336, #49, .T. ) ;
#855 =( GEOMETRIC_REPRESENTATION_CONTEXT ( 3 ) GLOBAL_UNCERTAINTY_ASSIGNED_CONTEXT ( ( #1004 ) ) GLOBAL_UNIT_ASSIGNED_CONTEXT ( ( #264, #1904, #1169 ) ) REPRESENTATION_CONTEXT ( 'NONE', 'WORKASPACE' ) );
#856 = ORIENTED_EDGE ( 'NONE', *, *, #1589, .F. ) ;
#857 = DIRECTION ( 'NONE',  ( 0.000000000000000000, 1.000000000000000000, 0.000000000000000000 ) ) ;
#858 = CARTESIAN_POINT ( 'NONE',  ( -0.5000000000000000000, 3.850000000000000089, -0.7741350553234079834 ) ) ;
#859 = LINE ( 'NONE', #1781, #587 ) ;
#860 = EDGE_CURVE ( 'NONE', #2563, #1244, #971, .T. ) ;
#861 = CARTESIAN_POINT ( 'NONE',  ( -1.800000000000000044, 3.399999999999999911, 1.800000000000000044 ) ) ;
#862 = ORIENTED_EDGE ( 'NONE', *, *, #512, .F. ) ;
#863 = PRESENTATION_STYLE_ASSIGNMENT (( #2682 ) ) ;
#864 =( LENGTH_UNIT ( ) NAMED_UNIT ( * ) SI_UNIT ( .MILLI., .METRE. ) );
#865 = ORIENTED_EDGE ( 'NONE', *, *, #1339, .T. ) ;
#866 = ORIENTED_EDGE ( 'NONE', *, *, #1037, .F. ) ;
#867 = DIRECTION ( 'NONE',  ( -1.000000000000000000, 0.000000000000000000, -1.224646799147351975E-16 ) ) ;
#868 = VERTEX_POINT ( 'NONE', #792 ) ;
#869 = EDGE_CURVE ( 'NONE', #190, #806, #1657, .T. ) ;
#870 = FACE_OUTER_BOUND ( 'NONE', #1007, .T. ) ;
#871 = LINE ( 'NONE', #1764, #1588 ) ;
#872 = SURFACE_STYLE_FILL_AREA ( #2036 ) ;
#873 = AXIS2_PLACEMENT_3D ( 'NONE', #1831, #195, #2504 ) ;
#874 = COLOUR_RGB ( '',0.2470588235294117752, 0.2470588235294117752, 0.2470588235294117752 ) ;
#875 = COLOUR_RGB ( '',0.2470588235294117752, 0.2470588235294117752, 0.2470588235294117752 ) ;
#876 = FACE_OUTER_BOUND ( 'NONE', #2872, .T. ) ;
#877 = DIRECTION ( 'NONE',  ( 0.000000000000000000, 1.000000000000000000, 0.000000000000000000 ) ) ;
#878 = ORIENTED_EDGE ( 'NONE', *, *, #2219, .T. ) ;
#879 = DIRECTION ( 'NONE',  ( 0.000000000000000000, -0.8283386158292211920, -0.5602277550480071477 ) ) ;
#880 = FACE_OUTER_BOUND ( 'NONE', #290, .T. ) ;
#881 = MANIFOLD_SOLID_BREP ( 'Button_\X2\00fc\X0\st.ipt<1>[2]', #589 ) ;
#882 = CARTESIAN_POINT ( 'NONE',  ( 0.5000000000000000000, 4.150000000000000355, 0.000000000000000000 ) ) ;
#883 = EDGE_LOOP ( 'NONE', ( #1475, #654, #2035, #1967 ) ) ;
#884 = VECTOR ( 'NONE', #1104, 1000.000000000000000 ) ;
#885 = VECTOR ( 'NONE', #764, 1000.000000000000000 ) ;
#886 = CARTESIAN_POINT ( 'NONE',  ( -2.299999999999999822, 0.000000000000000000, -2.299999999999999822 ) ) ;
#887 = DIRECTION ( 'NONE',  ( 0.000000000000000000, 0.000000000000000000, -1.000000000000000000 ) ) ;
#888 = CIRCLE ( 'NONE', #2076, 0.2000000000000002887 ) ;
#889 = AXIS2_PLACEMENT_3D ( 'NONE', #2792, #1190, #738 ) ;
#890 = EDGE_LOOP ( 'NONE', ( #2971, #1360, #932, #1083 ) ) ;
#891 = FILL_AREA_STYLE_COLOUR ( '', #2044 ) ;
#892 = FACE_OUTER_BOUND ( 'NONE', #1185, .T. ) ;
#893 = VERTEX_POINT ( 'NONE', #1965 ) ;
#894 = FILL_AREA_STYLE ('',( #1096 ) ) ;
#895 = CARTESIAN_POINT ( 'NONE',  ( -2.500000000000000000, 0.5000000000000000000, 1.199999999999999956 ) ) ;
#896 = LINE ( 'NONE', #1144, #1827 ) ;
#897 = VERTEX_POINT ( 'NONE', #370 ) ;
#898 = DIRECTION ( 'NONE',  ( 1.000000000000000000, 0.000000000000000000, 0.000000000000000000 ) ) ;
#899 = VECTOR ( 'NONE', #835, 1000.000000000000000 ) ;
#900 = LINE ( 'NONE', #2976, #2453 ) ;
#901 = APPLICATION_CONTEXT ( 'automotive_design' ) ;
#902 = CARTESIAN_POINT ( 'NONE',  ( -1.800000000000000044, 3.299999999999999822, 1.411803398874989623 ) ) ;
#903 = ORIENTED_EDGE ( 'NONE', *, *, #1313, .F. ) ;
#904 = SURFACE_STYLE_FILL_AREA ( #2034 ) ;
#905 = PRODUCT_DEFINITION_FORMATION_WITH_SPECIFIED_SOURCE ( 'ANY', '', #2719, .NOT_KNOWN. ) ;
#906 = EDGE_CURVE ( 'NONE', #1864, #1459, #1018, .T. ) ;
#907 = ORIENTED_EDGE ( 'NONE', *, *, #706, .F. ) ;
#908 = SURFACE_STYLE_FILL_AREA ( #1093 ) ;
#909 = CARTESIAN_POINT ( 'NONE',  ( -2.500000000000000000, 0.2499999999999955036, 2.200000000000000178 ) ) ;
#910 = ADVANCED_FACE ( 'NONE', ( #1746 ), #2428, .F. ) ;
#911 = ORIENTED_EDGE ( 'NONE', *, *, #2178, .F. ) ;
#912 = FACE_OUTER_BOUND ( 'NONE', #1369, .T. ) ;
#913 = PLANE ( 'NONE',  #257 ) ;
#914 = ORIENTED_EDGE ( 'NONE', *, *, #1264, .F. ) ;
#915 = DIRECTION ( 'NONE',  ( 0.000000000000000000, 0.000000000000000000, 1.000000000000000000 ) ) ;
#916 = CARTESIAN_POINT ( 'NONE',  ( 1.800000000000000044, 3.399999999999999911, 1.300000000000000044 ) ) ;
#917 = ORIENTED_EDGE ( 'NONE', *, *, #2207, .F. ) ;
#918 = LINE ( 'NONE', #23, #2747 ) ;
#919 = PRESENTATION_STYLE_ASSIGNMENT (( #220 ) ) ;
#920 = ORIENTED_EDGE ( 'NONE', *, *, #715, .F. ) ;
#921 =( NAMED_UNIT ( * ) SI_UNIT ( $, .STERADIAN. ) SOLID_ANGLE_UNIT ( ) );
#922 = CIRCLE ( 'NONE', #873, 0.2000000000000002887 ) ;
#923 = CARTESIAN_POINT ( 'NONE',  ( 2.500000000000000000, 0.2000000000000000111, 1.199999999999999956 ) ) ;
#924 = AXIS2_PLACEMENT_3D ( 'NONE', #1444, #716, #71 ) ;
#925 = CARTESIAN_POINT ( 'NONE',  ( -2.500000000000000000, 3.200000000000000178, 2.500000000000000000 ) ) ;
#926 = EDGE_CURVE ( 'NONE', #2567, #2238, #1205, .T. ) ;
#927 = CARTESIAN_POINT ( 'NONE',  ( -2.299999999999999822, 3.000000000000000000, 2.299999999999999822 ) ) ;
#928 = CARTESIAN_POINT ( 'NONE',  ( -2.299999999999999822, 0.000000000000000000, 2.299999999999999822 ) ) ;
#929 = TOROIDAL_SURFACE ( 'NONE', #2599, 0.3881966011250104764, 0.1499999999999999944 ) ;
#930 = VERTEX_POINT ( 'NONE', #1073 ) ;
#931 = VERTEX_POINT ( 'NONE', #2914 ) ;
#932 = ORIENTED_EDGE ( 'NONE', *, *, #1396, .T. ) ;
#933 = FACE_OUTER_BOUND ( 'NONE', #701, .T. ) ;
#934 =( GEOMETRIC_REPRESENTATION_CONTEXT ( 3 ) GLOBAL_UNCERTAINTY_ASSIGNED_CONTEXT ( ( #2833 ) ) GLOBAL_UNIT_ASSIGNED_CONTEXT ( ( #1415, #1198, #2773 ) ) REPRESENTATION_CONTEXT ( 'NONE', 'WORKASPACE' ) );
#935 = FACE_OUTER_BOUND ( 'NONE', #2486, .T. ) ;
#936 = VECTOR ( 'NONE', #1642, 1000.000000000000000 ) ;
#937 = ADVANCED_FACE ( 'NONE', ( #1551 ), #342, .T. ) ;
#938 = LINE ( 'NONE', #562, #2176 ) ;
#939 =( NAMED_UNIT ( * ) SI_UNIT ( $, .STERADIAN. ) SOLID_ANGLE_UNIT ( ) );
#940 = PLANE ( 'NONE',  #536 ) ;
#941 = CARTESIAN_POINT ( 'NONE',  ( -1.500000000000000000, 0.2000000000000000111, -1.199999999999999956 ) ) ;
#942 = FILL_AREA_STYLE_COLOUR ( '', #2703 ) ;
#943 = VERTEX_POINT ( 'NONE', #1527 ) ;
#944 =( GEOMETRIC_REPRESENTATION_CONTEXT ( 3 ) GLOBAL_UNCERTAINTY_ASSIGNED_CONTEXT ( ( #1460 ) ) GLOBAL_UNIT_ASSIGNED_CONTEXT ( ( #619, #2888, #1772 ) ) REPRESENTATION_CONTEXT ( 'NONE', 'WORKASPACE' ) );
#945 = DIRECTION ( 'NONE',  ( 0.000000000000000000, -1.000000000000000000, 0.000000000000000000 ) ) ;
#946 = ORIENTED_EDGE ( 'NONE', *, *, #2552, .F. ) ;
#947 = DIRECTION ( 'NONE',  ( 1.000000000000000000, 0.000000000000000000, 0.000000000000000000 ) ) ;
#948 = PRODUCT_DEFINITION_FORMATION_WITH_SPECIFIED_SOURCE ( 'ANY', '', #250, .NOT_KNOWN. ) ;
#949 = FACE_OUTER_BOUND ( 'NONE', #588, .T. ) ;
#950 = LINE ( 'NONE', #1854, #1887 ) ;
#951 = DIRECTION ( 'NONE',  ( -1.000000000000000000, 0.000000000000000000, 0.000000000000000000 ) ) ;
#952 = LINE ( 'NONE', #538, #1268 ) ;
#953 = DIRECTION ( 'NONE',  ( 0.000000000000000000, 0.000000000000000000, 1.000000000000000000 ) ) ;
#954 = CARTESIAN_POINT ( 'NONE',  ( 1.800000000000000044, 3.299999999999999822, 1.411803398874989623 ) ) ;
#955 = ORIENTED_EDGE ( 'NONE', *, *, #2000, .T. ) ;
#956 = CARTESIAN_POINT ( 'NONE',  ( 0.000000000000000000, 3.200000000000000178, 0.000000000000000000 ) ) ;
#957 = EDGE_CURVE ( 'NONE', #1230, #1488, #2646, .T. ) ;
#958 = EDGE_LOOP ( 'NONE', ( #550, #1823, #1731, #659 ) ) ;
#959 = APPLICATION_PROTOCOL_DEFINITION ( 'draft international standard', 'automotive_design', 1998, #2275 ) ;
#960 = CARTESIAN_POINT ( 'NONE',  ( 2.500000000000000000, 3.000000000000000000, 2.299999999999999822 ) ) ;
#961 = FACE_OUTER_BOUND ( 'NONE', #1780, .T. ) ;
#962 = CARTESIAN_POINT ( 'NONE',  ( 0.000000000000000000, 3.000000000000000000, 0.000000000000000000 ) ) ;
#963 = LINE ( 'NONE', #703, #638 ) ;
#964 = CARTESIAN_POINT ( 'NONE',  ( 2.299999999999999822, 3.200000000000000178, -2.500000000000000000 ) ) ;
#965 = VERTEX_POINT ( 'NONE', #2010 ) ;
#966 = FILL_AREA_STYLE_COLOUR ( '', #1597 ) ;
#967 = STYLED_ITEM ( 'NONE', ( #1518 ), #1911 ) ;
#968 = EDGE_CURVE ( 'NONE', #782, #1881, #1498, .T. ) ;
#969 = CARTESIAN_POINT ( 'NONE',  ( 2.299999999999999822, 3.000000000000000000, 2.500000000000000000 ) ) ;
#970 = DIRECTION ( 'NONE',  ( 0.000000000000000000, -1.000000000000000000, 0.000000000000000000 ) ) ;
#971 = LINE ( 'NONE', #747, #430 ) ;
#972 = ORIENTED_EDGE ( 'NONE', *, *, #455, .T. ) ;
#973 = AXIS2_PLACEMENT_3D ( 'NONE', #928, #1176, #2089 ) ;
#974 = DIRECTION ( 'NONE',  ( 0.000000000000000000, -1.000000000000000000, 0.000000000000000000 ) ) ;
#975 = VERTEX_POINT ( 'NONE', #850 ) ;
#976 = MANIFOLD_SOLID_BREP ( 'Button_\X2\00fc\X0\st.ipt<1>[1]', #1888 ) ;
#977 = ITEM_DEFINED_TRANSFORMATION ( 'NONE', 'NONE', #79,  #799 ) ;
#978 = UNCERTAINTY_MEASURE_WITH_UNIT (LENGTH_MEASURE( 1.000000000000000082E-05 ), #1116, 'distance_accuracy_value', 'NONE');
#979 = DIRECTION ( 'NONE',  ( 0.000000000000000000, 1.000000000000000000, 0.000000000000000000 ) ) ;
#980 = PRESENTATION_STYLE_ASSIGNMENT (( #1694 ) ) ;
#981 = VECTOR ( 'NONE', #2602, 1000.000000000000000 ) ;
#982 = VECTOR ( 'NONE', #1431, 1000.000000000000000 ) ;
#983 = AXIS2_PLACEMENT_3D ( 'NONE', #886, #945, #480 ) ;
#984 = DIRECTION ( 'NONE',  ( 0.000000000000000000, 1.000000000000000000, 1.850371707708595154E-15 ) ) ;
#985 = AXIS2_PLACEMENT_3D ( 'NONE', #1189, #2100, #564 ) ;
#986 = DIRECTION ( 'NONE',  ( 0.000000000000000000, -0.8283386158292211920, -0.5602277550480071477 ) ) ;
#987 = VECTOR ( 'NONE', #253, 1000.000000000000114 ) ;
#988 = FILL_AREA_STYLE_COLOUR ( '', #301 ) ;
#989 = VECTOR ( 'NONE', #2047, 1000.000000000000000 ) ;
#990 = DIRECTION ( 'NONE',  ( 0.000000000000000000, -1.850371707708595154E-15, 1.000000000000000000 ) ) ;
#991 =( LENGTH_UNIT ( ) NAMED_UNIT ( * ) SI_UNIT ( .MILLI., .METRE. ) );
#992 = DIRECTION ( 'NONE',  ( 1.000000000000000000, 0.000000000000000000, 0.000000000000000000 ) ) ;
#993 = ORIENTED_EDGE ( 'NONE', *, *, #926, .T. ) ;
#994 = CARTESIAN_POINT ( 'NONE',  ( 1.500000000000000000, 0.5000000000000000000, 2.200000000000000178 ) ) ;
#995 = ORIENTED_EDGE ( 'NONE', *, *, #182, .F. ) ;
#996 = DIRECTION ( 'NONE',  ( 1.000000000000000000, 0.000000000000000000, 0.000000000000000000 ) ) ;
#997 = DIRECTION ( 'NONE',  ( 0.000000000000000000, -1.000000000000000000, 0.000000000000000000 ) ) ;
#998 = FILL_AREA_STYLE ('',( #2346 ) ) ;
#999 = AXIS2_PLACEMENT_3D ( 'NONE', #2933, #1619, #2228 ) ;
#1000 = ORIENTED_EDGE ( 'NONE', *, *, #1744, .T. ) ;
#1001 = DIRECTION ( 'NONE',  ( 1.000000000000000000, 0.000000000000000000, 0.000000000000000000 ) ) ;
#1002 =( NAMED_UNIT ( * ) SI_UNIT ( $, .STERADIAN. ) SOLID_ANGLE_UNIT ( ) );
#1003 = CARTESIAN_POINT ( 'NONE',  ( 2.299999999999999822, 3.000000000000000000, -2.500000000000000000 ) ) ;
#1004 = UNCERTAINTY_MEASURE_WITH_UNIT (LENGTH_MEASURE( 1.000000000000000082E-05 ), #264, 'distance_accuracy_value', 'NONE');
#1005 = PRESENTATION_STYLE_ASSIGNMENT (( #2539 ) ) ;
#1006 = ORIENTED_EDGE ( 'NONE', *, *, #1907, .F. ) ;
#1007 = EDGE_LOOP ( 'NONE', ( #2477, #2805, #710, #385 ) ) ;
#1008 = CONTEXT_DEPENDENT_SHAPE_REPRESENTATION ( #2864, #2292 ) ;
#1009 = DIRECTION ( 'NONE',  ( -1.000000000000000000, 0.000000000000000000, 0.000000000000000000 ) ) ;
#1010 = CARTESIAN_POINT ( 'NONE',  ( 1.500000000000000000, 0.2000000000000000111, 1.199999999999999956 ) ) ;
#1011 = DIRECTION ( 'NONE',  ( 0.000000000000000000, 1.000000000000000000, 0.000000000000000000 ) ) ;
#1012 = CARTESIAN_POINT ( 'NONE',  ( 0.5000000000000000000, 4.077949743939929483, -0.5024751290520640401 ) ) ;
#1013 = CARTESIAN_POINT ( 'NONE',  ( -0.5000000000000000000, 1.587702065167175158, -1.450416814548261879 ) ) ;
#1014 = VECTOR ( 'NONE', #1155, 1000.000000000000000 ) ;
#1015 = VERTEX_POINT ( 'NONE', #2941 ) ;
#1016 = VECTOR ( 'NONE', #1506, 1000.000000000000000 ) ;
#1017 = ORIENTED_EDGE ( 'NONE', *, *, #223, .T. ) ;
#1018 = CIRCLE ( 'NONE', #2946, 0.2000000000000002887 ) ;
#1019 = CARTESIAN_POINT ( 'NONE',  ( 2.500000000000000000, 0.2000000000000000111, -2.200000000000000178 ) ) ;
#1020 = EDGE_CURVE ( 'NONE', #1459, #1699, #463, .T. ) ;
#1021 = DIRECTION ( 'NONE',  ( 0.000000000000000000, 1.387778780781445922E-16, 1.000000000000000000 ) ) ;
#1022 = ADVANCED_FACE ( 'NONE', ( #1817 ), #1623, .T. ) ;
#1023 = EDGE_LOOP ( 'NONE', ( #483, #534, #1135, #1118 ) ) ;
#1024 = CARTESIAN_POINT ( 'NONE',  ( 0.5000000000000000000, 3.224256461971855003, -1.045086603400035896 ) ) ;
#1025 = AXIS2_PLACEMENT_3D ( 'NONE', #1829, #691, #2487 ) ;
#1026 = VECTOR ( 'NONE', #606, 1000.000000000000000 ) ;
#1027 = VECTOR ( 'NONE', #27, 1000.000000000000000 ) ;
#1028 = EDGE_CURVE ( 'NONE', #2736, #2629, #2360, .T. ) ;
#1029 = AXIS2_PLACEMENT_3D ( 'NONE', #37, #1242, #274 ) ;
#1030 = DIRECTION ( 'NONE',  ( 0.7071067811865474617, 0.000000000000000000, 0.7071067811865474617 ) ) ;
#1031 = FILL_AREA_STYLE ('',( #80 ) ) ;
#1032 = ORIENTED_EDGE ( 'NONE', *, *, #363, .F. ) ;
#1033 = CIRCLE ( 'NONE', #2079, 0.2000000000000002887 ) ;
#1034 = ORIENTED_EDGE ( 'NONE', *, *, #702, .F. ) ;
#1035 = LINE ( 'NONE', #165, #899 ) ;
#1036 = VERTEX_POINT ( 'NONE', #1113 ) ;
#1037 = EDGE_CURVE ( 'NONE', #893, #975, #896, .T. ) ;
#1038 = LINE ( 'NONE', #2513, #1696 ) ;
#1039 = FACE_OUTER_BOUND ( 'NONE', #2454, .T. ) ;
#1040 = AXIS2_PLACEMENT_3D ( 'NONE', #323, #2587, #271 ) ;
#1041 = VECTOR ( 'NONE', #853, 1000.000000000000000 ) ;
#1042 = ORIENTED_EDGE ( 'NONE', *, *, #802, .F. ) ;
#1043 = LINE ( 'NONE', #1314, #1679 ) ;
#1044 = AXIS2_PLACEMENT_3D ( 'NONE', #1532, #1312, #1067 ) ;
#1045 = ORIENTED_EDGE ( 'NONE', *, *, #1253, .F. ) ;
#1046 =( LENGTH_UNIT ( ) NAMED_UNIT ( * ) SI_UNIT ( .MILLI., .METRE. ) );
#1047 =( NAMED_UNIT ( * ) SI_UNIT ( $, .STERADIAN. ) SOLID_ANGLE_UNIT ( ) );
#1048 = ORIENTED_EDGE ( 'NONE', *, *, #1276, .T. ) ;
#1049 = DIRECTION ( 'NONE',  ( 0.000000000000000000, 1.000000000000000000, 0.000000000000000000 ) ) ;
#1050 = ORIENTED_EDGE ( 'NONE', *, *, #2552, .T. ) ;
#1051 = CARTESIAN_POINT ( 'NONE',  ( -0.5000000000000000000, 1.974708883424329819, -1.550844390215785129 ) ) ;
#1052 = ADVANCED_FACE ( 'NONE', ( #660 ), #940, .T. ) ;
#1053 = CARTESIAN_POINT ( 'NONE',  ( -2.441421356237309492, 3.200000000000000178, 2.441421356237309492 ) ) ;
#1054 = CARTESIAN_POINT ( 'NONE',  ( 0.5000000000000000000, 3.850000000000000089, 0.000000000000000000 ) ) ;
#1055 = ADVANCED_FACE ( 'NONE', ( #1845 ), #929, .T. ) ;
#1056 = ORIENTED_EDGE ( 'NONE', *, *, #2832, .T. ) ;
#1057 = LINE ( 'NONE', #2232, #1255 ) ;
#1058 =( NAMED_UNIT ( * ) PLANE_ANGLE_UNIT ( ) SI_UNIT ( $, .RADIAN. ) );
#1059 = ORIENTED_EDGE ( 'NONE', *, *, #1676, .F. ) ;
#1060 = EDGE_CURVE ( 'NONE', #2852, #1716, #239, .T. ) ;
#1061 = VECTOR ( 'NONE', #1400, 1000.000000000000114 ) ;
#1062 = ORIENTED_EDGE ( 'NONE', *, *, #2207, .T. ) ;
#1063 = AXIS2_PLACEMENT_3D ( 'NONE', #809, #1262, #392 ) ;
#1064 = CARTESIAN_POINT ( 'NONE',  ( 1.500000000000000000, 0.5000000000000000000, -1.199999999999999956 ) ) ;
#1065 = CARTESIAN_POINT ( 'NONE',  ( 2.299999999999999822, 3.000000000000000000, -2.299999999999999822 ) ) ;
#1066 = VECTOR ( 'NONE', #2166, 1000.000000000000114 ) ;
#1067 = DIRECTION ( 'NONE',  ( 0.000000000000000000, 0.000000000000000000, 1.000000000000000000 ) ) ;
#1068 = DIRECTION ( 'NONE',  ( 0.000000000000000000, -1.000000000000000000, 0.000000000000000000 ) ) ;
#1069 = EDGE_CURVE ( 'NONE', #713, #1127, #2067, .T. ) ;
#1070 = EDGE_LOOP ( 'NONE', ( #437, #2961, #2839, #955 ) ) ;
#1071 = PRESENTATION_LAYER_ASSIGNMENT (  '', '', ( #297 ) ) ;
#1072 = CARTESIAN_POINT ( 'NONE',  ( 2.299999999999999822, 3.000000000000000000, 2.299999999999999822 ) ) ;
#1073 = CARTESIAN_POINT ( 'NONE',  ( 2.500000000000000000, 3.000000000000000000, 2.299999999999999822 ) ) ;
#1074 = VERTEX_POINT ( 'NONE', #228 ) ;
#1075 = AXIS2_PLACEMENT_3D ( 'NONE', #2548, #2883, #1726 ) ;
#1076 = LINE ( 'NONE', #2208, #1041 ) ;
#1077 = VERTEX_POINT ( 'NONE', #2026 ) ;
#1078 = CARTESIAN_POINT ( 'NONE',  ( 1.500000000000000000, 0.5000000000000000000, -2.200000000000000178 ) ) ;
#1079 = EDGE_CURVE ( 'NONE', #2917, #2002, #1108, .T. ) ;
#1080 = DIRECTION ( 'NONE',  ( 1.000000000000000000, 0.000000000000000000, 0.000000000000000000 ) ) ;
#1081 = EDGE_CURVE ( 'NONE', #2170, #2097, #199, .T. ) ;
#1082 = CARTESIAN_POINT ( 'NONE',  ( 0.2500000000000000000, 1.587702065167175158, -1.450416814548261879 ) ) ;
#1083 = ORIENTED_EDGE ( 'NONE', *, *, #1375, .T. ) ;
#1084 = EDGE_CURVE ( 'NONE', #1342, #1227, #2720, .T. ) ;
#1085 = DIRECTION ( 'NONE',  ( 1.000000000000000000, 0.000000000000000000, 0.000000000000000000 ) ) ;
#1086 = COLOUR_RGB ( '',1.000000000000000000, 0.9921568627450980671, 0.9647058823529411908 ) ;
#1087 = ORIENTED_EDGE ( 'NONE', *, *, #1670, .F. ) ;
#1088 = ORIENTED_EDGE ( 'NONE', *, *, #309, .T. ) ;
#1089 = ORIENTED_EDGE ( 'NONE', *, *, #1957, .T. ) ;
#1090 = CARTESIAN_POINT ( 'NONE',  ( -2.299999999999999822, 3.000000000000000000, 2.500000000000000000 ) ) ;
#1091 = CARTESIAN_POINT ( 'NONE',  ( -1.800000000000000044, 3.299999999999999822, -1.411803398874989623 ) ) ;
#1092 = ORIENTED_EDGE ( 'NONE', *, *, #2832, .F. ) ;
#1093 = FILL_AREA_STYLE ('',( #891 ) ) ;
#1094 = CARTESIAN_POINT ( 'NONE',  ( 2.299999999999999822, 3.000000000000000000, 2.500000000000000000 ) ) ;
#1095 = VERTEX_POINT ( 'NONE', #212 ) ;
#1096 = FILL_AREA_STYLE_COLOUR ( '', #1972 ) ;
#1097 =( NAMED_UNIT ( * ) PLANE_ANGLE_UNIT ( ) SI_UNIT ( $, .RADIAN. ) );
#1098 = ORIENTED_EDGE ( 'NONE', *, *, #1708, .T. ) ;
#1099 = DIRECTION ( 'NONE',  ( 0.000000000000000000, -0.8283386158292211920, -0.5602277550480071477 ) ) ;
#1100 = CARTESIAN_POINT ( 'NONE',  ( -0.5000000000000000000, 2.156023520308475216, -1.477456796944291773 ) ) ;
#1101 = ORIENTED_EDGE ( 'NONE', *, *, #384, .T. ) ;
#1102 = PLANE ( 'NONE',  #586 ) ;
#1103 = VECTOR ( 'NONE', #1973, 1000.000000000000114 ) ;
#1104 = DIRECTION ( 'NONE',  ( 0.000000000000000000, -1.000000000000000000, 0.000000000000000000 ) ) ;
#1105 = ORIENTED_EDGE ( 'NONE', *, *, #1110, .T. ) ;
#1106 = AXIS2_PLACEMENT_3D ( 'NONE', #47, #2157, #1624 ) ;
#1107 = CARTESIAN_POINT ( 'NONE',  ( 1.500000000000000000, 0.2000000000000000111, -2.200000000000000178 ) ) ;
#1108 = CIRCLE ( 'NONE', #577, 0.2000000000000002887 ) ;
#1109 = SURFACE_SIDE_STYLE ('',( #2938 ) ) ;
#1111 = EDGE_CURVE ( 'NONE', #45, #818, #1504, .T. ) ;
#1110 = EDGE_CURVE ( 'NONE', #818, #785, #1594, .T. ) ;
#1112 = DIRECTION ( 'NONE',  ( 0.000000000000000000, -1.000000000000000000, 0.000000000000000000 ) ) ;
#1113 = CARTESIAN_POINT ( 'NONE',  ( -2.441421356237309492, 3.000000000000000000, 2.441421356237309492 ) ) ;
#1114 = EDGE_LOOP ( 'NONE', ( #914, #2380, #2457, #1496, #388, #1486, #204, #2400, #612, #2614, #2650, #678 ) ) ;
#1115 = DIRECTION ( 'NONE',  ( 1.000000000000000000, 0.000000000000000000, 0.000000000000000000 ) ) ;
#1116 =( LENGTH_UNIT ( ) NAMED_UNIT ( * ) SI_UNIT ( .MILLI., .METRE. ) );
#1117 = FACE_OUTER_BOUND ( 'NONE', #84, .T. ) ;
#1118 = ORIENTED_EDGE ( 'NONE', *, *, #1676, .T. ) ;
#1119 =( GEOMETRIC_REPRESENTATION_CONTEXT ( 3 ) GLOBAL_UNCERTAINTY_ASSIGNED_CONTEXT ( ( #768 ) ) GLOBAL_UNIT_ASSIGNED_CONTEXT ( ( #2757, #1667, #939 ) ) REPRESENTATION_CONTEXT ( 'NONE', 'WORKASPACE' ) );
#1120 = AXIS2_PLACEMENT_3D ( 'NONE', #2711, #1137, #684 ) ;
#1121 = PRESENTATION_LAYER_ASSIGNMENT (  '', '', ( #2801 ) ) ;
#1122 = EDGE_CURVE ( 'NONE', #2884, #1881, #1353, .T. ) ;
#1123 = CLOSED_SHELL ( 'NONE', ( #1355, #624, #2743, #1476 ) ) ;
#1124 = EDGE_LOOP ( 'NONE', ( #2373, #2692, #1903, #1595 ) ) ;
#1125 = AXIS2_PLACEMENT_3D ( 'NONE', #2323, #2143, #2561 ) ;
#1126 = FACE_OUTER_BOUND ( 'NONE', #1703, .T. ) ;
#1127 = VERTEX_POINT ( 'NONE', #1129 ) ;
#1128 = CARTESIAN_POINT ( 'NONE',  ( 1.500000000000000000, 0.2000000000000000111, 1.199999999999999956 ) ) ;
#1129 = CARTESIAN_POINT ( 'NONE',  ( 1.800000000000000044, 3.200000000000000178, 2.299999999999999822 ) ) ;
#1130 = ORIENTED_EDGE ( 'NONE', *, *, #1990, .T. ) ;
#1131 = ORIENTED_EDGE ( 'NONE', *, *, #1645, .F. ) ;
#1132 = CARTESIAN_POINT ( 'NONE',  ( 0.000000000000000000, 4.100000000000000533, 0.000000000000000000 ) ) ;
#1133 = VECTOR ( 'NONE', #138, 1000.000000000000000 ) ;
#1134 = CARTESIAN_POINT ( 'NONE',  ( -0.5000000000000000000, 3.095371079803440395, -1.097253312981570028 ) ) ;
#1135 = ORIENTED_EDGE ( 'NONE', *, *, #2512, .T. ) ;
#1136 = PRODUCT_RELATED_PRODUCT_CATEGORY ( 'part', '', ( #250 ) ) ;
#1137 = DIRECTION ( 'NONE',  ( 0.000000000000000000, -1.000000000000000000, 0.000000000000000000 ) ) ;
#1138 =( GEOMETRIC_REPRESENTATION_CONTEXT ( 3 ) GLOBAL_UNCERTAINTY_ASSIGNED_CONTEXT ( ( #1686 ) ) GLOBAL_UNIT_ASSIGNED_CONTEXT ( ( #2261, #2330, #2593 ) ) REPRESENTATION_CONTEXT ( 'NONE', 'WORKASPACE' ) );
#1139 = ORIENTED_EDGE ( 'NONE', *, *, #2197, .F. ) ;
#1140 = EDGE_CURVE ( 'NONE', #2329, #796, #649, .T. ) ;
#1141 = CARTESIAN_POINT ( 'NONE',  ( -1.500000000000000000, 0.5000000000000000000, -1.199999999999999956 ) ) ;
#1142 = DIRECTION ( 'NONE',  ( 0.000000000000000000, 0.000000000000000000, -1.000000000000000000 ) ) ;
#1143 = DIRECTION ( 'NONE',  ( -0.7071067811865474617, 0.000000000000000000, 0.7071067811865474617 ) ) ;
#1144 = CARTESIAN_POINT ( 'NONE',  ( -0.5000000000000000000, 3.850000000000000089, -0.8741350553234079612 ) ) ;
#1145 = CARTESIAN_POINT ( 'NONE',  ( 0.000000000000000000, 4.200000000000000178, 0.000000000000000000 ) ) ;
#1146 = CARTESIAN_POINT ( 'NONE',  ( -2.500000000000000000, 0.1000000000000000056, 1.199999999999999956 ) ) ;
#1147 = EDGE_CURVE ( 'NONE', #127, #2721, #922, .T. ) ;
#1148 = ORIENTED_EDGE ( 'NONE', *, *, #1147, .T. ) ;
#1149 = CARTESIAN_POINT ( 'NONE',  ( 0.000000000000000000, -2.775557561562889872E-16, -0.8452844631082239157 ) ) ;
#1150 = EDGE_CURVE ( 'NONE', #1661, #868, #571, .T. ) ;
#1151 =( LENGTH_UNIT ( ) NAMED_UNIT ( * ) SI_UNIT ( .MILLI., .METRE. ) );
#1152 = DIRECTION ( 'NONE',  ( 0.000000000000000000, 1.000000000000000000, 0.000000000000000000 ) ) ;
#1153 = ORIENTED_EDGE ( 'NONE', *, *, #1306, .T. ) ;
#1154 = CIRCLE ( 'NONE', #819, 0.1499999999999999667 ) ;
#1155 = DIRECTION ( 'NONE',  ( 0.000000000000000000, -1.000000000000000000, 0.000000000000000000 ) ) ;
#1156 = CARTESIAN_POINT ( 'NONE',  ( -2.299999999999999822, 3.000000000000000000, 2.500000000000000000 ) ) ;
#1157 = CIRCLE ( 'NONE', #1927, 1.399999999999999911 ) ;
#1158 = DIRECTION ( 'NONE',  ( 0.000000000000000000, 0.000000000000000000, 1.000000000000000000 ) ) ;
#1159 = DIRECTION ( 'NONE',  ( 0.000000000000000000, 1.000000000000000000, 0.000000000000000000 ) ) ;
#1160 = ADVANCED_FACE ( 'NONE', ( #2139 ), #2363, .F. ) ;
#1161 = VECTOR ( 'NONE', #148, 1000.000000000000000 ) ;
#1162 = VERTEX_POINT ( 'NONE', #269 ) ;
#1163 = LINE ( 'NONE', #1847, #75 ) ;
#1164 = FACE_OUTER_BOUND ( 'NONE', #2581, .T. ) ;
#1165 = EDGE_LOOP ( 'NONE', ( #2899, #494, #1333, #2325 ) ) ;
#1166 = PRODUCT_DEFINITION_SHAPE ( 'NONE', 'NONE',  #2193 ) ;
#1167 = CYLINDRICAL_SURFACE ( 'NONE', #1120, 1.600000000000000089 ) ;
#1168 = ORIENTED_EDGE ( 'NONE', *, *, #2533, .F. ) ;
#1169 =( NAMED_UNIT ( * ) SI_UNIT ( $, .STERADIAN. ) SOLID_ANGLE_UNIT ( ) );
#1170 = ADVANCED_FACE ( 'NONE', ( #1926 ), #2348, .T. ) ;
#1171 = AXIS2_PLACEMENT_3D ( 'NONE', #2029, #2962, #2722 ) ;
#1172 = MECHANICAL_DESIGN_GEOMETRIC_PRESENTATION_REPRESENTATION (  '', ( #2505 ), #1321 ) ;
#1173 = DIRECTION ( 'NONE',  ( 0.000000000000000000, 1.000000000000000000, 0.000000000000000000 ) ) ;
#1174 = AXIS2_PLACEMENT_3D ( 'NONE', #2442, #544, #1030 ) ;
#1175 = DIRECTION ( 'NONE',  ( 0.000000000000000000, -1.000000000000000000, 0.000000000000000000 ) ) ;
#1176 = DIRECTION ( 'NONE',  ( 0.000000000000000000, 1.000000000000000000, 0.000000000000000000 ) ) ;
#1177 = PLANE ( 'NONE',  #155 ) ;
#1178 = FACE_OUTER_BOUND ( 'NONE', #261, .T. ) ;
#1179 = EDGE_CURVE ( 'NONE', #1762, #757, #2336, .T. ) ;
#1180 = SURFACE_SIDE_STYLE ('',( #1863 ) ) ;
#1181 = DIRECTION ( 'NONE',  ( 0.000000000000000000, 1.000000000000000000, 0.000000000000000000 ) ) ;
#1182 = ORIENTED_EDGE ( 'NONE', *, *, #968, .T. ) ;
#1183 = AXIS2_PLACEMENT_3D ( 'NONE', #1732, #1999, #2874 ) ;
#1184 = FILL_AREA_STYLE_COLOUR ( '', #2655 ) ;
#1185 = EDGE_LOOP ( 'NONE', ( #1994, #2482 ) ) ;
#1186 = TOROIDAL_SURFACE ( 'NONE', #1044, 0.3881966011250104764, 0.1499999999999999944 ) ;
#1187 = UNCERTAINTY_MEASURE_WITH_UNIT (LENGTH_MEASURE( 1.000000000000000082E-05 ), #1226, 'distance_accuracy_value', 'NONE');
#1188 = CARTESIAN_POINT ( 'NONE',  ( 2.500000000000000000, 0.2000000000000000111, 2.350000000000000089 ) ) ;
#1189 = CARTESIAN_POINT ( 'NONE',  ( 2.299999999999999822, 0.000000000000000000, -2.299999999999999822 ) ) ;
#1190 = DIRECTION ( 'NONE',  ( 0.000000000000000000, 1.000000000000000000, 0.000000000000000000 ) ) ;
#1191 = DIRECTION ( 'NONE',  ( 1.000000000000000000, 0.000000000000000000, 0.000000000000000000 ) ) ;
#1192 = LINE ( 'NONE', #708, #502 ) ;
#1193 = PLANE ( 'NONE',  #2134 ) ;
#1194 = CARTESIAN_POINT ( 'NONE',  ( 0.5000000000000000000, 1.612297934832824797, -1.795952692852370136 ) ) ;
#1195 = VERTEX_POINT ( 'NONE', #1487 ) ;
#1196 = ORIENTED_EDGE ( 'NONE', *, *, #2520, .T. ) ;
#1197 = CARTESIAN_POINT ( 'NONE',  ( -2.299999999999999822, 3.000000000000000000, -2.299999999999999822 ) ) ;
#1198 =( NAMED_UNIT ( * ) PLANE_ANGLE_UNIT ( ) SI_UNIT ( $, .RADIAN. ) );
#1199 = CARTESIAN_POINT ( 'NONE',  ( 1.800000000000000044, 3.299999999999999822, -1.411803398874989623 ) ) ;
#1200 = AXIS2_PLACEMENT_3D ( 'NONE', #44, #1433, #280 ) ;
#1201 = SURFACE_STYLE_FILL_AREA ( #1637 ) ;
#1202 = AXIS2_PLACEMENT_3D ( 'NONE', #40, #2612, #769 ) ;
#1203 = ADVANCED_FACE ( 'NONE', ( #2776 ), #509, .T. ) ;
#1204 = PLANE ( 'NONE',  #1873 ) ;
#1205 = CIRCLE ( 'NONE', #2497, 1.600000000000000089 ) ;
#1206 = DIRECTION ( 'NONE',  ( -2.312964634635739999E-16, 1.000000000000000000, 0.000000000000000000 ) ) ;
#1207 = CARTESIAN_POINT ( 'NONE',  ( -2.299999999999999822, 0.000000000000000000, 2.500000000000000000 ) ) ;
#1208 = ORIENTED_EDGE ( 'NONE', *, *, #1150, .T. ) ;
#1209 = ADVANCED_FACE ( 'NONE', ( #1894 ), #1251, .F. ) ;
#1210 = DIRECTION ( 'NONE',  ( 0.000000000000000000, 0.07100215986208820163, -0.9974761617677480041 ) ) ;
#1211 = VERTEX_POINT ( 'NONE', #964 ) ;
#1212 = PRODUCT_CONTEXT ( 'NONE', #2691, 'mechanical' ) ;
#1213 = UNCERTAINTY_MEASURE_WITH_UNIT (LENGTH_MEASURE( 1.000000000000000082E-05 ), #1996, 'distance_accuracy_value', 'NONE');
#1214 = EDGE_CURVE ( 'NONE', #1864, #2443, #2850, .T. ) ;
#1215 = LINE ( 'NONE', #26, #823 ) ;
#1216 = VECTOR ( 'NONE', #281, 1000.000000000000000 ) ;
#1217 =( GEOMETRIC_REPRESENTATION_CONTEXT ( 3 ) GLOBAL_UNCERTAINTY_ASSIGNED_CONTEXT ( ( #2842 ) ) GLOBAL_UNIT_ASSIGNED_CONTEXT ( ( #2382, #1912, #2156 ) ) REPRESENTATION_CONTEXT ( 'NONE', 'WORKASPACE' ) );
#1218 = DIRECTION ( 'NONE',  ( 0.000000000000000000, -1.000000000000000000, 1.387778780781445922E-16 ) ) ;
#1219 = MECHANICAL_DESIGN_GEOMETRIC_PRESENTATION_REPRESENTATION (  '', ( #308 ), #2328 ) ;
#1220 = ORIENTED_EDGE ( 'NONE', *, *, #1111, .F. ) ;
#1221 = CARTESIAN_POINT ( 'NONE',  ( -2.500000000000000000, 3.000000000000000000, 2.500000000000000000 ) ) ;
#1222 = CIRCLE ( 'NONE', #2907, 0.2000000000000002887 ) ;
#1223 = VECTOR ( 'NONE', #2236, 1000.000000000000000 ) ;
#1224 = CARTESIAN_POINT ( 'NONE',  ( 1.500000000000000000, 0.5000000000000000000, -2.200000000000000178 ) ) ;
#1225 =( NAMED_UNIT ( * ) PLANE_ANGLE_UNIT ( ) SI_UNIT ( $, .RADIAN. ) );
#1226 =( LENGTH_UNIT ( ) NAMED_UNIT ( * ) SI_UNIT ( .MILLI., .METRE. ) );
#1227 = VERTEX_POINT ( 'NONE', #90 ) ;
#1228 = PRESENTATION_STYLE_ASSIGNMENT (( #730 ) ) ;
#1229 = FACE_OUTER_BOUND ( 'NONE', #22, .T. ) ;
#1230 = VERTEX_POINT ( 'NONE', #1010 ) ;
#1231 = VECTOR ( 'NONE', #1011, 1000.000000000000000 ) ;
#1232 = LINE ( 'NONE', #504, #1499 ) ;
#1233 = LINE ( 'NONE', #1484, #207 ) ;
#1234 = CARTESIAN_POINT ( 'NONE',  ( 2.299999999999999822, 3.000000000000000000, -2.299999999999999822 ) ) ;
#1235 = EDGE_CURVE ( 'NONE', #1230, #99, #1737, .T. ) ;
#1236 = ORIENTED_EDGE ( 'NONE', *, *, #209, .F. ) ;
#1237 = FACE_OUTER_BOUND ( 'NONE', #2784, .T. ) ;
#1238 = EDGE_CURVE ( 'NONE', #1716, #1674, #1910, .T. ) ;
#1239 = DIRECTION ( 'NONE',  ( 0.000000000000000000, 1.000000000000000000, 0.000000000000000000 ) ) ;
#1240 = CARTESIAN_POINT ( 'NONE',  ( -0.5000000000000000000, 4.150000000000000355, -1.025864944676591950 ) ) ;
#1241 = ORIENTED_EDGE ( 'NONE', *, *, #523, .T. ) ;
#1242 = DIRECTION ( 'NONE',  ( 0.000000000000000000, 1.000000000000000000, 0.000000000000000000 ) ) ;
#1243 = EDGE_CURVE ( 'NONE', #1227, #2124, #1449, .T. ) ;
#1244 = VERTEX_POINT ( 'NONE', #721 ) ;
#1245 = PLANE ( 'NONE',  #1412 ) ;
#1247 = ADVANCED_FACE ( 'NONE', ( #2813 ), #2586, .T. ) ;
#1246 = EDGE_CURVE ( 'NONE', #2643, #1467, #1875, .T. ) ;
#1248 = FACE_OUTER_BOUND ( 'NONE', #319, .T. ) ;
#1249 =( NAMED_UNIT ( * ) SI_UNIT ( $, .STERADIAN. ) SOLID_ANGLE_UNIT ( ) );
#1250 = ORIENTED_EDGE ( 'NONE', *, *, #1081, .T. ) ;
#1251 = PLANE ( 'NONE',  #1200 ) ;
#1252 = AXIS2_PLACEMENT_3D ( 'NONE', #441, #2728, #206 ) ;
#1253 = EDGE_CURVE ( 'NONE', #897, #1077, #2640, .T. ) ;
#1254 = PLANE ( 'NONE',  #210 ) ;
#1255 = VECTOR ( 'NONE', #1962, 1000.000000000000000 ) ;
#1256 = ORIENTED_EDGE ( 'NONE', *, *, #957, .F. ) ;
#1257 = ORIENTED_EDGE ( 'NONE', *, *, #1834, .F. ) ;
#1258 = CARTESIAN_POINT ( 'NONE',  ( -0.2500000000000000000, -0.06558726100796140324, -0.9801855794619210860 ) ) ;
#1259 = ORIENTED_EDGE ( 'NONE', *, *, #2526, .T. ) ;
#1260 = PRESENTATION_LAYER_ASSIGNMENT (  '', '', ( #2549 ) ) ;
#1261 = EDGE_LOOP ( 'NONE', ( #36, #349, #2117, #632 ) ) ;
#1262 = DIRECTION ( 'NONE',  ( 0.000000000000000000, -1.000000000000000000, 0.000000000000000000 ) ) ;
#1263 = DIRECTION ( 'NONE',  ( 0.000000000000000000, -0.9974761617677480041, -0.07100215986208820163 ) ) ;
#1264 = EDGE_CURVE ( 'NONE', #1274, #1331, #4, .T. ) ;
#1265 = ORIENTED_EDGE ( 'NONE', *, *, #2764, .F. ) ;
#1266 = EDGE_CURVE ( 'NONE', #1490, #333, #2462, .T. ) ;
#1267 = DIRECTION ( 'NONE',  ( 0.000000000000000000, 1.000000000000000000, 0.000000000000000000 ) ) ;
#1268 = VECTOR ( 'NONE', #294, 1000.000000000000000 ) ;
#1269 = AXIS2_PLACEMENT_3D ( 'NONE', #2822, #1866, #2160 ) ;
#1270 = MECHANICAL_DESIGN_GEOMETRIC_PRESENTATION_REPRESENTATION (  '', ( #1975 ), #2372 ) ;
#1271 = MECHANICAL_DESIGN_GEOMETRIC_PRESENTATION_REPRESENTATION (  '', ( #115 ), #742 ) ;
#1272 = CARTESIAN_POINT ( 'NONE',  ( 2.153553390593275108, 3.200000000000000178, -1.446446609406726092 ) ) ;
#1273 = PRESENTATION_STYLE_ASSIGNMENT (( #616 ) ) ;
#1274 = VERTEX_POINT ( 'NONE', #2882 ) ;
#1275 = CIRCLE ( 'NONE', #2131, 0.1499999999999999667 ) ;
#1276 = EDGE_CURVE ( 'NONE', #2696, #943, #1725, .T. ) ;
#1277 = CARTESIAN_POINT ( 'NONE',  ( 2.299999999999999822, 0.000000000000000000, 2.299999999999999822 ) ) ;
#1278 = ORIENTED_EDGE ( 'NONE', *, *, #209, .T. ) ;
#1279 = PLANE ( 'NONE',  #1741 ) ;
#1280 = VECTOR ( 'NONE', #2224, 1000.000000000000000 ) ;
#1281 = DIRECTION ( 'NONE',  ( 1.000000000000000000, 0.000000000000000000, 0.000000000000000000 ) ) ;
#1282 = AXIS2_PLACEMENT_3D ( 'NONE', #2141, #511, #2831 ) ;
#1283 =( GEOMETRIC_REPRESENTATION_CONTEXT ( 3 ) GLOBAL_UNCERTAINTY_ASSIGNED_CONTEXT ( ( #978 ) ) GLOBAL_UNIT_ASSIGNED_CONTEXT ( ( #1116, #433, #2013 ) ) REPRESENTATION_CONTEXT ( 'NONE', 'WORKASPACE' ) );
#1284 = EDGE_CURVE ( 'NONE', #1674, #2952, #1533, .T. ) ;
#1285 = VERTEX_POINT ( 'NONE', #565 ) ;
#1286 = PLANE ( 'NONE',  #1773 ) ;
#1287 = ORIENTED_EDGE ( 'NONE', *, *, #1553, .T. ) ;
#1288 = FACE_OUTER_BOUND ( 'NONE', #1316, .T. ) ;
#1289 = CARTESIAN_POINT ( 'NONE',  ( -1.800000000000000044, 3.299999999999999822, -1.800000000000000044 ) ) ;
#1290 = ORIENTED_EDGE ( 'NONE', *, *, #451, .F. ) ;
#1291 = DIRECTION ( 'NONE',  ( 0.000000000000000000, -0.8283386158292211920, -0.5602277550480071477 ) ) ;
#1292 = ORIENTED_EDGE ( 'NONE', *, *, #1766, .T. ) ;
#1293 = CARTESIAN_POINT ( 'NONE',  ( -2.500000000000000000, 0.2000000000000000111, -1.199999999999999956 ) ) ;
#1294 = FACE_OUTER_BOUND ( 'NONE', #2039, .T. ) ;
#1295 = FACE_OUTER_BOUND ( 'NONE', #2675, .T. ) ;
#1296 = DIRECTION ( 'NONE',  ( 0.000000000000000000, 0.000000000000000000, 1.000000000000000000 ) ) ;
#1297 = EDGE_LOOP ( 'NONE', ( #1508, #1089, #1998, #1877 ) ) ;
#1298 = CARTESIAN_POINT ( 'NONE',  ( 0.5000000000000000000, 4.051519224698780341, -1.143229762443284114 ) ) ;
#1299 = DIRECTION ( 'NONE',  ( 1.000000000000000000, 0.000000000000000000, 0.000000000000000000 ) ) ;
#1300 = ORIENTED_EDGE ( 'NONE', *, *, #1020, .T. ) ;
#1301 = EDGE_CURVE ( 'NONE', #2523, #2852, #1711, .T. ) ;
#1302 = ORIENTED_EDGE ( 'NONE', *, *, #2969, .T. ) ;
#1303 = DIRECTION ( 'NONE',  ( 1.000000000000000000, 0.000000000000000000, 0.000000000000000000 ) ) ;
#1304 = MECHANICAL_DESIGN_GEOMETRIC_PRESENTATION_REPRESENTATION (  '', ( #142 ), #2163 ) ;
#1305 = EDGE_LOOP ( 'NONE', ( #636, #572, #1220, #1168, #1006, #1139, #419, #2911, #2836, #2109, #2168, #2499 ) ) ;
#1306 = EDGE_CURVE ( 'NONE', #868, #1920, #50, .T. ) ;
#1307 = MECHANICAL_DESIGN_GEOMETRIC_PRESENTATION_REPRESENTATION (  '', ( #967 ), #1684 ) ;
#1308 = DIRECTION ( 'NONE',  ( 0.000000000000000000, -1.000000000000000000, 0.000000000000000000 ) ) ;
#1309 = LINE ( 'NONE', #1697, #2172 ) ;
#1310 = CARTESIAN_POINT ( 'NONE',  ( 1.500000000000000000, 3.000000000000000000, 0.000000000000000000 ) ) ;
#1311 = VECTOR ( 'NONE', #1438, 1000.000000000000000 ) ;
#1312 = DIRECTION ( 'NONE',  ( 0.000000000000000000, 1.000000000000000000, 0.000000000000000000 ) ) ;
#1313 = EDGE_CURVE ( 'NONE', #2930, #2867, #380, .T. ) ;
#1314 = CARTESIAN_POINT ( 'NONE',  ( -2.500000000000000000, 3.000000000000000000, -2.299999999999999822 ) ) ;
#1315 = ORIENTED_EDGE ( 'NONE', *, *, #1264, .T. ) ;
#1316 = EDGE_LOOP ( 'NONE', ( #2632, #2889 ) ) ;
#1317 = DIRECTION ( 'NONE',  ( 1.000000000000000000, 0.000000000000000000, 0.000000000000000000 ) ) ;
#1318 = ORIENTED_EDGE ( 'NONE', *, *, #1266, .T. ) ;
#1319 = COLOUR_RGB ( '',0.2470588235294117752, 0.2470588235294117752, 0.2470588235294117752 ) ;
#1320 = LINE ( 'NONE', #2415, #1280 ) ;
#1321 =( GEOMETRIC_REPRESENTATION_CONTEXT ( 3 ) GLOBAL_UNCERTAINTY_ASSIGNED_CONTEXT ( ( #2595 ) ) GLOBAL_UNIT_ASSIGNED_CONTEXT ( ( #666, #2498, #1602 ) ) REPRESENTATION_CONTEXT ( 'NONE', 'WORKASPACE' ) );
#1322 = CIRCLE ( 'NONE', #1698, 0.2000000000000002887 ) ;
#1323 = ORIENTED_EDGE ( 'NONE', *, *, #1122, .T. ) ;
#1324 = CARTESIAN_POINT ( 'NONE',  ( -1.500000000000000000, 0.5000000000000000000, -2.200000000000000178 ) ) ;
#1325 = FILL_AREA_STYLE_COLOUR ( '', #2288 ) ;
#1326 = DIRECTION ( 'NONE',  ( 1.000000000000000000, 0.000000000000000000, 0.000000000000000000 ) ) ;
#1327 = DIRECTION ( 'NONE',  ( 0.000000000000000000, -1.000000000000000000, 0.000000000000000000 ) ) ;
#1328 = EDGE_LOOP ( 'NONE', ( #1604, #539, #133, #1917 ) ) ;
#1329 = FACE_OUTER_BOUND ( 'NONE', #368, .T. ) ;
#1330 = DIRECTION ( 'NONE',  ( -1.000000000000000000, 0.000000000000000000, 0.000000000000000000 ) ) ;
#1331 = VERTEX_POINT ( 'NONE', #846 ) ;
#1332 = DIRECTION ( 'NONE',  ( -1.000000000000000000, 0.000000000000000000, 0.000000000000000000 ) ) ;
#1333 = ORIENTED_EDGE ( 'NONE', *, *, #1266, .F. ) ;
#1334 =( NAMED_UNIT ( * ) PLANE_ANGLE_UNIT ( ) SI_UNIT ( $, .RADIAN. ) );
#1335 = CARTESIAN_POINT ( 'NONE',  ( 0.000000000000000000, 3.000000000000000000, 0.000000000000000000 ) ) ;
#1336 = ORIENTED_EDGE ( 'NONE', *, *, #1990, .F. ) ;
#1337 = EDGE_CURVE ( 'NONE', #2426, #127, #1043, .T. ) ;
#1338 = CARTESIAN_POINT ( 'NONE',  ( 0.5000000000000000000, 3.850000000000000089, 0.000000000000000000 ) ) ;
#1339 = EDGE_CURVE ( 'NONE', #2629, #2770, #2892, .T. ) ;
#1340 = FACE_OUTER_BOUND ( 'NONE', #1305, .T. ) ;
#1341 = DIRECTION ( 'NONE',  ( 0.7071067811865474617, 0.000000000000000000, -0.7071067811865474617 ) ) ;
#1342 = VERTEX_POINT ( 'NONE', #1754 ) ;
#1343 = EDGE_LOOP ( 'NONE', ( #2687, #1423, #2291, #1586 ) ) ;
#1344 = DIRECTION ( 'NONE',  ( 0.000000000000000000, 0.000000000000000000, -1.000000000000000000 ) ) ;
#1345 = ADVANCED_FACE ( 'NONE', ( #580 ), #1286, .T. ) ;
#1346 = CARTESIAN_POINT ( 'NONE',  ( 2.441421356237309492, 0.000000000000000000, 2.441421356237309492 ) ) ;
#1347 = ORIENTED_EDGE ( 'NONE', *, *, #1601, .T. ) ;
#1348 = LINE ( 'NONE', #1839, #1885 ) ;
#1349 = AXIS2_PLACEMENT_3D ( 'NONE', #1843, #1606, #1813 ) ;
#1350 = EDGE_LOOP ( 'NONE', ( #1426, #1795, #1300, #695 ) ) ;
#1351 = CARTESIAN_POINT ( 'NONE',  ( 0.000000000000000000, 0.000000000000000000, 0.000000000000000000 ) ) ;
#1352 = DIRECTION ( 'NONE',  ( 0.000000000000000000, -1.000000000000000000, 0.000000000000000000 ) ) ;
#1353 = CIRCLE ( 'NONE', #1876, 1.500000000000000000 ) ;
#1354 = LINE ( 'NONE', #2247, #1549 ) ;
#1355 = ADVANCED_FACE ( 'NONE', ( #1509 ), #1584, .T. ) ;
#1356 = CARTESIAN_POINT ( 'NONE',  ( 0.5000000000000000000, 3.850000000000000089, -0.7741350553234079834 ) ) ;
#1357 = PRODUCT_DEFINITION_SHAPE ( 'NONE', 'NONE',  #2984 ) ;
#1358 = CARTESIAN_POINT ( 'NONE',  ( 2.299999999999999822, 0.000000000000000000, -2.299999999999999822 ) ) ;
#1359 = ORIENTED_EDGE ( 'NONE', *, *, #2623, .F. ) ;
#1360 = ORIENTED_EDGE ( 'NONE', *, *, #1648, .T. ) ;
#1361 = CARTESIAN_POINT ( 'NONE',  ( 1.800000000000000044, 3.399999999999999911, -1.800000000000000044 ) ) ;
#1362 = STYLED_ITEM ( 'NONE', ( #640 ), #2627 ) ;
#1363 = FACE_OUTER_BOUND ( 'NONE', #1615, .T. ) ;
#1364 = VERTEX_POINT ( 'NONE', #2189 ) ;
#1365 = EDGE_CURVE ( 'NONE', #97, #650, #2408, .T. ) ;
#1366 = CIRCLE ( 'NONE', #2953, 0.2000000000000002887 ) ;
#1367 = PRESENTATION_LAYER_ASSIGNMENT (  '', '', ( #2699 ) ) ;
#1368 = CLOSED_SHELL ( 'NONE', ( #2460, #2147, #812, #2120, #2627, #355, #2672, #236, #1170, #446, #2698, #2448, #137, #172, #535, #375 ) ) ;
#1369 = EDGE_LOOP ( 'NONE', ( #1701, #1628, #456, #2049 ) ) ;
#1370 =( NAMED_UNIT ( * ) SI_UNIT ( $, .STERADIAN. ) SOLID_ANGLE_UNIT ( ) );
#1371 = DIRECTION ( 'NONE',  ( -1.000000000000000000, 0.000000000000000000, 0.000000000000000000 ) ) ;
#1372 = ADVANCED_FACE ( 'NONE', ( #2217 ), #343, .T. ) ;
#1373 = DIRECTION ( 'NONE',  ( 0.000000000000000000, -1.387778780781445922E-16, -1.000000000000000000 ) ) ;
#1374 = CARTESIAN_POINT ( 'NONE',  ( -2.500000000000000000, 0.000000000000000000, 2.500000000000000000 ) ) ;
#1375 = EDGE_CURVE ( 'NONE', #893, #2930, #1057, .T. ) ;
#1376 = LINE ( 'NONE', #19, #2816 ) ;
#1377 = CIRCLE ( 'NONE', #123, 0.2000000000000002887 ) ;
#1378 = AXIS2_PLACEMENT_3D ( 'NONE', #242, #1596, #2507 ) ;
#1379 = CARTESIAN_POINT ( 'NONE',  ( -1.800000000000000044, 3.200000000000000178, -1.800000000000000044 ) ) ;
#1380 = ORIENTED_EDGE ( 'NONE', *, *, #2838, .T. ) ;
#1381 = DIRECTION ( 'NONE',  ( 0.000000000000000000, 0.000000000000000000, 1.000000000000000000 ) ) ;
#1382 = PRESENTATION_LAYER_ASSIGNMENT (  '', '', ( #129 ) ) ;
#1383 = VERTEX_POINT ( 'NONE', #798 ) ;
#1384 = DIRECTION ( 'NONE',  ( 0.000000000000000000, -1.000000000000000000, 0.000000000000000000 ) ) ;
#1385 = EDGE_CURVE ( 'NONE', #1383, #782, #777, .T. ) ;
#1386 = LINE ( 'NONE', #1107, #2937 ) ;
#1387 = DIRECTION ( 'NONE',  ( 0.000000000000000000, 1.000000000000000000, 0.000000000000000000 ) ) ;
#1388 = CARTESIAN_POINT ( 'NONE',  ( -2.500000000000000000, 3.000000000000000000, -2.299999999999999822 ) ) ;
#1389 = CARTESIAN_POINT ( 'NONE',  ( 0.5000000000000000000, 1.942457254992744797, -1.210486308122874055 ) ) ;
#1390 = ORIENTED_EDGE ( 'NONE', *, *, #575, .T. ) ;
#1391 = CARTESIAN_POINT ( 'NONE',  ( 0.5000000000000000000, 1.695131796415749958, -1.739929917347570187 ) ) ;
#1392 = LINE ( 'NONE', #2093, #442 ) ;
#1393 = EDGE_CURVE ( 'NONE', #1715, #2389, #1154, .T. ) ;
#1394 = EDGE_LOOP ( 'NONE', ( #2241, #561, #514, #1706 ) ) ;
#1395 = CARTESIAN_POINT ( 'NONE',  ( -2.299999999999999822, 3.200000000000000178, -2.299999999999999822 ) ) ;
#1396 = EDGE_CURVE ( 'NONE', #2952, #893, #367, .T. ) ;
#1397 = ORIENTED_EDGE ( 'NONE', *, *, #351, .F. ) ;
#1398 = DIRECTION ( 'NONE',  ( -1.000000000000000000, 0.000000000000000000, 0.000000000000000000 ) ) ;
#1399 = VECTOR ( 'NONE', #60, 1000.000000000000000 ) ;
#1400 = DIRECTION ( 'NONE',  ( 1.486745008787005871E-16, -0.6427876096865390299, -0.7660444431189782355 ) ) ;
#1401 = EDGE_CURVE ( 'NONE', #1681, #1244, #12, .T. ) ;
#1402 = DIRECTION ( 'NONE',  ( -1.000000000000000000, 0.000000000000000000, 0.000000000000000000 ) ) ;
#1403 = AXIS2_PLACEMENT_3D ( 'NONE', #2060, #418, #6 ) ;
#1404 = DIRECTION ( 'NONE',  ( 0.000000000000000000, -1.000000000000000000, 0.000000000000000000 ) ) ;
#1405 = DIRECTION ( 'NONE',  ( 0.7071067811865474617, 0.000000000000000000, -0.7071067811865474617 ) ) ;
#1406 = VECTOR ( 'NONE', #992, 1000.000000000000000 ) ;
#1407 = DIRECTION ( 'NONE',  ( 0.7071067811865474617, 0.000000000000000000, 0.7071067811865474617 ) ) ;
#1408 = ORIENTED_EDGE ( 'NONE', *, *, #397, .T. ) ;
#1409 = CIRCLE ( 'NONE', #2073, 0.2000000000000002887 ) ;
#1410 = ORIENTED_EDGE ( 'NONE', *, *, #2838, .F. ) ;
#1411 =( GEOMETRIC_REPRESENTATION_CONTEXT ( 3 ) GLOBAL_UNCERTAINTY_ASSIGNED_CONTEXT ( ( #2618 ) ) GLOBAL_UNIT_ASSIGNED_CONTEXT ( ( #2809, #1462, #2135 ) ) REPRESENTATION_CONTEXT ( 'NONE', 'WORKASPACE' ) );
#1412 = AXIS2_PLACEMENT_3D ( 'NONE', #1707, #471, #2571 ) ;
#1413 = PLANE ( 'NONE',  #2255 ) ;
#1414 = VECTOR ( 'NONE', #369, 1000.000000000000000 ) ;
#1415 =( LENGTH_UNIT ( ) NAMED_UNIT ( * ) SI_UNIT ( .MILLI., .METRE. ) );
#1416 = VERTEX_POINT ( 'NONE', #688 ) ;
#1417 = LINE ( 'NONE', #1855, #838 ) ;
#1418 = DIRECTION ( 'NONE',  ( 0.7071067811865474617, 0.000000000000000000, 0.7071067811865474617 ) ) ;
#1419 = ORIENTED_EDGE ( 'NONE', *, *, #1440, .T. ) ;
#1420 = CARTESIAN_POINT ( 'NONE',  ( -2.500000000000000000, 0.5000000000000000000, -1.199999999999999956 ) ) ;
#1421 = DIRECTION ( 'NONE',  ( 1.000000000000000000, 0.000000000000000000, 0.000000000000000000 ) ) ;
#1422 = SURFACE_STYLE_FILL_AREA ( #1031 ) ;
#1423 = ORIENTED_EDGE ( 'NONE', *, *, #2430, .F. ) ;
#1424 = STYLED_ITEM ( 'NONE', ( #1983 ), #446 ) ;
#1425 = DIRECTION ( 'NONE',  ( 0.000000000000000000, 0.000000000000000000, 1.000000000000000000 ) ) ;
#1426 = ORIENTED_EDGE ( 'NONE', *, *, #1214, .F. ) ;
#1427 = VECTOR ( 'NONE', #1765, 1000.000000000000000 ) ;
#1428 = UNCERTAINTY_MEASURE_WITH_UNIT (LENGTH_MEASURE( 1.000000000000000082E-05 ), #991, 'distance_accuracy_value', 'NONE');
#1429 = CARTESIAN_POINT ( 'NONE',  ( -0.5000000000000000000, 3.850000000000000089, 0.000000000000000000 ) ) ;
#1430 = DIRECTION ( 'NONE',  ( 0.000000000000000000, 0.000000000000000000, -1.000000000000000000 ) ) ;
#1431 = DIRECTION ( 'NONE',  ( 1.000000000000000000, 0.000000000000000000, 0.000000000000000000 ) ) ;
#1432 = ADVANCED_FACE ( 'NONE', ( #935 ), #1924, .T. ) ;
#1433 = DIRECTION ( 'NONE',  ( 1.000000000000000000, 0.000000000000000000, 0.000000000000000000 ) ) ;
#1434 = ORIENTED_EDGE ( 'NONE', *, *, #839, .T. ) ;
#1435 = DIRECTION ( 'NONE',  ( 0.000000000000000000, 0.000000000000000000, -1.000000000000000000 ) ) ;
#1436 = LINE ( 'NONE', #300, #981 ) ;
#1437 = DIRECTION ( 'NONE',  ( 0.000000000000000000, -1.000000000000000000, 0.000000000000000000 ) ) ;
#1438 = DIRECTION ( 'NONE',  ( 1.000000000000000000, 0.000000000000000000, 0.000000000000000000 ) ) ;
#1439 = ORIENTED_EDGE ( 'NONE', *, *, #2230, .T. ) ;
#1440 = EDGE_CURVE ( 'NONE', #2639, #584, #1386, .T. ) ;
#1441 = DIRECTION ( 'NONE',  ( 0.000000000000000000, 1.000000000000000000, 0.000000000000000000 ) ) ;
#1442 = ORIENTED_EDGE ( 'NONE', *, *, #1932, .F. ) ;
#1443 = SHAPE_DEFINITION_REPRESENTATION ( #1166, #2427 ) ;
#1444 = CARTESIAN_POINT ( 'NONE',  ( -1.800000000000000044, 3.299999999999999822, -1.800000000000000044 ) ) ;
#1445 = DIRECTION ( 'NONE',  ( 1.000000000000000000, 0.000000000000000000, 0.000000000000000000 ) ) ;
#1446 = LINE ( 'NONE', #1636, #2651 ) ;
#1447 = VECTOR ( 'NONE', #1563, 1000.000000000000114 ) ;
#1448 = VERTEX_POINT ( 'NONE', #2246 ) ;
#1449 = LINE ( 'NONE', #2615, #2308 ) ;
#1450 = DIRECTION ( 'NONE',  ( 1.000000000000000000, -0.000000000000000000, 1.224646799147353207E-16 ) ) ;
#1451 = AXIS2_PLACEMENT_3D ( 'NONE', #576, #140, #2418 ) ;
#1452 = CARTESIAN_POINT ( 'NONE',  ( -2.500000000000000000, 0.2000000000000000111, 1.199999999999999956 ) ) ;
#1453 = STYLED_ITEM ( 'NONE', ( #2855 ), #812 ) ;
#1454 = LINE ( 'NONE', #48, #1651 ) ;
#1455 = LINE ( 'NONE', #1013, #1066 ) ;
#1456 = ORIENTED_EDGE ( 'NONE', *, *, #633, .T. ) ;
#1457 = CARTESIAN_POINT ( 'NONE',  ( -2.500000000000000000, 0.2000000000000000111, 2.200000000000000178 ) ) ;
#1458 = ADVANCED_FACE ( 'NONE', ( #173 ), #2755, .T. ) ;
#1459 = VERTEX_POINT ( 'NONE', #2700 ) ;
#1460 = UNCERTAINTY_MEASURE_WITH_UNIT (LENGTH_MEASURE( 1.000000000000000082E-05 ), #619, 'distance_accuracy_value', 'NONE');
#1461 = CARTESIAN_POINT ( 'NONE',  ( 0.000000000000000000, 3.000000000000000000, 0.000000000000000000 ) ) ;
#1462 =( NAMED_UNIT ( * ) PLANE_ANGLE_UNIT ( ) SI_UNIT ( $, .RADIAN. ) );
#1463 = AXIS2_PLACEMENT_3D ( 'NONE', #1683, #2830, #2796 ) ;
#1464 = MECHANICAL_DESIGN_GEOMETRIC_PRESENTATION_REPRESENTATION (  '', ( #2699 ), #790 ) ;
#1465 = LINE ( 'NONE', #2585, #389 ) ;
#1466 = AXIS2_PLACEMENT_3D ( 'NONE', #166, #2690, #1556 ) ;
#1467 = VERTEX_POINT ( 'NONE', #2534 ) ;
#1468 = DIRECTION ( 'NONE',  ( -0.7071067811865474617, 0.000000000000000000, 0.7071067811865474617 ) ) ;
#1469 = DIRECTION ( 'NONE',  ( 0.000000000000000000, 0.000000000000000000, 1.000000000000000000 ) ) ;
#1470 = EDGE_CURVE ( 'NONE', #187, #1074, #1798, .T. ) ;
#1471 = AXIS2_PLACEMENT_3D ( 'NONE', #2488, #877, #2683 ) ;
#1472 = DIRECTION ( 'NONE',  ( 1.000000000000000000, 0.000000000000000000, 0.000000000000000000 ) ) ;
#1473 =( NAMED_UNIT ( * ) SI_UNIT ( $, .STERADIAN. ) SOLID_ANGLE_UNIT ( ) );
#1474 = CARTESIAN_POINT ( 'NONE',  ( 1.500000000000000000, 0.2000000000000000111, 2.200000000000000178 ) ) ;
#1475 = ORIENTED_EDGE ( 'NONE', *, *, #707, .T. ) ;
#1476 = ADVANCED_FACE ( 'NONE', ( #892 ), #2955, .T. ) ;
#1477 = SURFACE_SIDE_STYLE ('',( #795 ) ) ;
#1478 = EDGE_LOOP ( 'NONE', ( #2927, #2967, #1534, #2023 ) ) ;
#1479 = AXIS2_PLACEMENT_3D ( 'NONE', #287, #1210, #2591 ) ;
#1480 = CARTESIAN_POINT ( 'NONE',  ( 1.500000000000000000, 0.2000000000000000111, 2.200000000000000178 ) ) ;
#1481 = DIRECTION ( 'NONE',  ( 0.7071067811865474617, 0.000000000000000000, 0.7071067811865474617 ) ) ;
#1482 = AXIS2_PLACEMENT_3D ( 'NONE', #2648, #111, #1717 ) ;
#1483 = AXIS2_PLACEMENT_3D ( 'NONE', #313, #2546, #2343 ) ;
#1484 = CARTESIAN_POINT ( 'NONE',  ( 2.441421356237309492, 0.000000000000000000, 2.441421356237309492 ) ) ;
#1485 = EDGE_CURVE ( 'NONE', #2732, #2043, #469, .T. ) ;
#1486 = ORIENTED_EDGE ( 'NONE', *, *, #273, .F. ) ;
#1487 = CARTESIAN_POINT ( 'NONE',  ( -1.800000000000000044, 3.200000000000000178, -1.300000000000000044 ) ) ;
#1488 = VERTEX_POINT ( 'NONE', #923 ) ;
#1489 = FACE_OUTER_BOUND ( 'NONE', #1114, .T. ) ;
#1490 = VERTEX_POINT ( 'NONE', #2037 ) ;
#1491 = CARTESIAN_POINT ( 'NONE',  ( -2.299999999999999822, 3.000000000000000000, 2.299999999999999822 ) ) ;
#1492 = EDGE_LOOP ( 'NONE', ( #2188, #1380, #1566, #1811 ) ) ;
#1493 = CARTESIAN_POINT ( 'NONE',  ( 1.800000000000000044, 3.299999999999999822, 1.800000000000000044 ) ) ;
#1494 = ADVANCED_FACE ( 'NONE', ( #1782 ), #2491, .T. ) ;
#1495 = VECTOR ( 'NONE', #1352, 1000.000000000000000 ) ;
#1496 = ORIENTED_EDGE ( 'NONE', *, *, #1974, .F. ) ;
#1497 = CARTESIAN_POINT ( 'NONE',  ( 2.500000000000000000, 0.000000000000000000, -2.500000000000000000 ) ) ;
#1498 = LINE ( 'NONE', #2204, #1161 ) ;
#1499 = VECTOR ( 'NONE', #979, 1000.000000000000000 ) ;
#1500 = ORIENTED_EDGE ( 'NONE', *, *, #610, .F. ) ;
#1501 = LINE ( 'NONE', #1517, #557 ) ;
#1502 = VECTOR ( 'NONE', #2620, 1000.000000000000114 ) ;
#1503 = ORIENTED_EDGE ( 'NONE', *, *, #1069, .T. ) ;
#1504 = CIRCLE ( 'NONE', #973, 0.2000000000000002887 ) ;
#1505 = PRESENTATION_STYLE_ASSIGNMENT (( #1721 ) ) ;
#1506 = DIRECTION ( 'NONE',  ( 1.000000000000000000, 0.000000000000000000, 0.000000000000000000 ) ) ;
#1507 = CARTESIAN_POINT ( 'NONE',  ( 0.000000000000000000, 4.100000000000000533, 0.000000000000000000 ) ) ;
#1508 = ORIENTED_EDGE ( 'NONE', *, *, #1393, .F. ) ;
#1509 = FACE_OUTER_BOUND ( 'NONE', #883, .T. ) ;
#1510 = AXIS2_PLACEMENT_3D ( 'NONE', #1608, #1142, #2056 ) ;
#1511 = AXIS2_PLACEMENT_3D ( 'NONE', #1395, #2050, #1627 ) ;
#1512 = MECHANICAL_DESIGN_GEOMETRIC_PRESENTATION_REPRESENTATION (  '', ( #2801 ), #934 ) ;
#1513 = CLOSED_SHELL ( 'NONE', ( #1055, #582, #2912, #2210 ) ) ;
#1514 = CARTESIAN_POINT ( 'NONE',  ( 2.500000000000000000, 3.000000000000000000, 2.299999999999999822 ) ) ;
#1515 = EDGE_LOOP ( 'NONE', ( #1290, #2556, #217, #2011 ) ) ;
#1516 = VECTOR ( 'NONE', #1526, 1000.000000000000000 ) ;
#1517 = CARTESIAN_POINT ( 'NONE',  ( 0.5000000000000000000, 4.150000000000000355, -1.125864944676592039 ) ) ;
#1518 = PRESENTATION_STYLE_ASSIGNMENT (( #335 ) ) ;
#1519 = ORIENTED_EDGE ( 'NONE', *, *, #845, .F. ) ;
#1520 = FACE_OUTER_BOUND ( 'NONE', #2861, .T. ) ;
#1521 = CARTESIAN_POINT ( 'NONE',  ( 2.500000000000000000, 0.2500000000000035527, -1.199999999999999956 ) ) ;
#1522 = COLOUR_RGB ( '',1.000000000000000000, 0.9921568627450980671, 0.9647058823529411908 ) ;
#1523 = AXIS2_PLACEMENT_3D ( 'NONE', #1361, #2723, #662 ) ;
#1524 = DIRECTION ( 'NONE',  ( 0.000000000000000000, 0.3751854459827184685, -0.9269497727076417837 ) ) ;
#1525 = EDGE_LOOP ( 'NONE', ( #2153, #2167, #995, #146 ) ) ;
#1526 = DIRECTION ( 'NONE',  ( 1.000000000000000000, 0.000000000000000000, 0.000000000000000000 ) ) ;
#1527 = CARTESIAN_POINT ( 'NONE',  ( -0.5000000000000000000, -0.06558726100796158365, -0.9801855794619210860 ) ) ;
#1528 = ORIENTED_EDGE ( 'NONE', *, *, #1396, .F. ) ;
#1529 = SURFACE_STYLE_FILL_AREA ( #2633 ) ;
#1530 = ORIENTED_EDGE ( 'NONE', *, *, #1589, .T. ) ;
#1531 = EDGE_CURVE ( 'NONE', #2739, #2244, #411, .T. ) ;
#1532 = CARTESIAN_POINT ( 'NONE',  ( 1.800000000000000044, 3.299999999999999822, -1.800000000000000044 ) ) ;
#1533 = LINE ( 'NONE', #353, #2356 ) ;
#1534 = ORIENTED_EDGE ( 'NONE', *, *, #451, .T. ) ;
#1535 = ORIENTED_EDGE ( 'NONE', *, *, #1060, .T. ) ;
#1536 = PLANE ( 'NONE',  #311 ) ;
#1537 = EDGE_LOOP ( 'NONE', ( #2774, #656, #907, #354, #1756, #2795, #1359, #2407, #149, #2589, #569, #1688 ) ) ;
#1538 = FACE_OUTER_BOUND ( 'NONE', #2727, .T. ) ;
#1539 = AXIS2_PLACEMENT_3D ( 'NONE', #448, #2286, #2746 ) ;
#1540 = ORIENTED_EDGE ( 'NONE', *, *, #289, .T. ) ;
#1541 = PRESENTATION_LAYER_ASSIGNMENT (  '', '', ( #967 ) ) ;
#1542 =( LENGTH_UNIT ( ) NAMED_UNIT ( * ) SI_UNIT ( .MILLI., .METRE. ) );
#1543 = PRESENTATION_LAYER_ASSIGNMENT (  '', '', ( #2022 ) ) ;
#1544 = SURFACE_STYLE_FILL_AREA ( #1710 ) ;
#1545 = ADVANCED_FACE ( 'NONE', ( #2296 ), #2474, .T. ) ;
#1546 = DIRECTION ( 'NONE',  ( 0.000000000000000000, 1.000000000000000000, -5.551115123125780730E-16 ) ) ;
#1547 = VERTEX_POINT ( 'NONE', #1141 ) ;
#1548 = CARTESIAN_POINT ( 'NONE',  ( -2.500000000000000000, 0.000000000000000000, 2.299999999999999822 ) ) ;
#1549 = VECTOR ( 'NONE', #2521, 1000.000000000000000 ) ;
#1550 = FACE_OUTER_BOUND ( 'NONE', #2664, .T. ) ;
#1551 = FACE_OUTER_BOUND ( 'NONE', #1297, .T. ) ;
#1552 = ORIENTED_EDGE ( 'NONE', *, *, #1744, .F. ) ;
#1553 = EDGE_CURVE ( 'NONE', #2974, #2917, #189, .T. ) ;
#1554 = FILL_AREA_STYLE_COLOUR ( '', #1086 ) ;
#1555 = AXIS2_PLACEMENT_3D ( 'NONE', #1946, #2902, #840 ) ;
#1556 = DIRECTION ( 'NONE',  ( 1.000000000000000000, 0.000000000000000000, 0.000000000000000000 ) ) ;
#1557 = AXIS2_PLACEMENT_3D ( 'NONE', #2750, #681, #434 ) ;
#1558 = ADVANCED_FACE ( 'NONE', ( #1126 ), #460, .F. ) ;
#1559 = EDGE_LOOP ( 'NONE', ( #2306, #2451, #2393, #2342 ) ) ;
#1560 = DIRECTION ( 'NONE',  ( 0.000000000000000000, -1.000000000000000000, 0.000000000000000000 ) ) ;
#1561 = EDGE_LOOP ( 'NONE', ( #1265, #1257, #1397, #665 ) ) ;
#1562 = DIRECTION ( 'NONE',  ( 0.000000000000000000, 1.000000000000000000, 0.000000000000000000 ) ) ;
#1563 = DIRECTION ( 'NONE',  ( 0.000000000000000000, -0.6427876096865408062, -0.7660444431189766812 ) ) ;
#1564 = EDGE_CURVE ( 'NONE', #1920, #868, #188, .T. ) ;
#1565 = CARTESIAN_POINT ( 'NONE',  ( -2.500000000000000000, 0.5000000000000000000, 1.199999999999999956 ) ) ;
#1566 = ORIENTED_EDGE ( 'NONE', *, *, #507, .T. ) ;
#1567 = ORIENTED_EDGE ( 'NONE', *, *, #1243, .F. ) ;
#1568 = DIRECTION ( 'NONE',  ( 0.000000000000000000, -1.000000000000000000, 0.000000000000000000 ) ) ;
#1569 = ORIENTED_EDGE ( 'NONE', *, *, #1826, .F. ) ;
#1570 = CARTESIAN_POINT ( 'NONE',  ( -2.500000000000000000, 0.5000000000000000000, 2.200000000000000178 ) ) ;
#1571 = EDGE_LOOP ( 'NONE', ( #1130, #581, #2821, #1658 ) ) ;
#1572 = EDGE_CURVE ( 'NONE', #336, #804, #2970, .T. ) ;
#1573 = DIRECTION ( 'NONE',  ( 0.000000000000000000, 1.387778780781445922E-16, 1.000000000000000000 ) ) ;
#1574 = ORIENTED_EDGE ( 'NONE', *, *, #2759, .F. ) ;
#1575 = PLANE ( 'NONE',  #1025 ) ;
#1576 = ADVANCED_FACE ( 'NONE', ( #2501 ), #1413, .F. ) ;
#1577 = CARTESIAN_POINT ( 'NONE',  ( 2.500000000000000000, 3.200000000000000178, 2.500000000000000000 ) ) ;
#1578 = DIRECTION ( 'NONE',  ( 0.000000000000000000, 0.4372484067197419111, 0.8993407756913098794 ) ) ;
#1579 = ORIENTED_EDGE ( 'NONE', *, *, #193, .F. ) ;
#1580 = ORIENTED_EDGE ( 'NONE', *, *, #470, .T. ) ;
#1581 = DIRECTION ( 'NONE',  ( 0.000000000000000000, 1.000000000000000000, 0.000000000000000000 ) ) ;
#1582 = PLANE ( 'NONE',  #1403 ) ;
#1583 = ORIENTED_EDGE ( 'NONE', *, *, #1932, .T. ) ;
#1584 = TOROIDAL_SURFACE ( 'NONE', #241, 0.3881966011250104764, 0.1499999999999999944 ) ;
#1585 = PLANE ( 'NONE',  #2942 ) ;
#1586 = ORIENTED_EDGE ( 'NONE', *, *, #772, .T. ) ;
#1587 =( LENGTH_UNIT ( ) NAMED_UNIT ( * ) SI_UNIT ( .MILLI., .METRE. ) );
#1588 = VECTOR ( 'NONE', #2173, 1000.000000000000000 ) ;
#1589 = EDGE_CURVE ( 'NONE', #2226, #1488, #2359, .T. ) ;
#1590 =( GEOMETRIC_REPRESENTATION_CONTEXT ( 3 ) GLOBAL_UNCERTAINTY_ASSIGNED_CONTEXT ( ( #1213 ) ) GLOBAL_UNIT_ASSIGNED_CONTEXT ( ( #1996, #163, #345 ) ) REPRESENTATION_CONTEXT ( 'NONE', 'WORKASPACE' ) );
#1591 = DIRECTION ( 'NONE',  ( 0.000000000000000000, -1.000000000000000000, -1.850371707708595154E-15 ) ) ;
#1592 = ORIENTED_EDGE ( 'NONE', *, *, #317, .T. ) ;
#1593 = FACE_OUTER_BOUND ( 'NONE', #435, .T. ) ;
#1594 = LINE ( 'NONE', #1374, #2259 ) ;
#1595 = ORIENTED_EDGE ( 'NONE', *, *, #839, .F. ) ;
#1596 = DIRECTION ( 'NONE',  ( 0.000000000000000000, 1.000000000000000000, 0.000000000000000000 ) ) ;
#1597 = COLOUR_RGB ( '',1.000000000000000000, 0.9921568627450980671, 0.9647058823529411908 ) ;
#1598 = FACE_OUTER_BOUND ( 'NONE', #1559, .T. ) ;
#1599 = ORIENTED_EDGE ( 'NONE', *, *, #1020, .F. ) ;
#1600 = AXIS2_PLACEMENT_3D ( 'NONE', #954, #1450, #298 ) ;
#1601 = EDGE_CURVE ( 'NONE', #466, #1953, #1232, .T. ) ;
#1602 =( NAMED_UNIT ( * ) SI_UNIT ( $, .STERADIAN. ) SOLID_ANGLE_UNIT ( ) );
#1603 = AXIS2_PLACEMENT_3D ( 'NONE', #200, #2964, #2724 ) ;
#1604 = ORIENTED_EDGE ( 'NONE', *, *, #669, .F. ) ;
#1605 = AXIS2_PLACEMENT_3D ( 'NONE', #2673, #2925, #1085 ) ;
#1606 = DIRECTION ( 'NONE',  ( 0.000000000000000000, 1.000000000000000000, 0.000000000000000000 ) ) ;
#1607 = DIRECTION ( 'NONE',  ( 0.000000000000000000, 0.7660444431189767922, -0.6427876096865408062 ) ) ;
#1608 = CARTESIAN_POINT ( 'NONE',  ( 2.500000000000000000, 3.000000000000000000, -2.500000000000000000 ) ) ;
#1609 = ADVANCED_FACE ( 'NONE', ( #2331 ), #2685, .T. ) ;
#1610 = DIRECTION ( 'NONE',  ( 0.000000000000000000, -0.5602277550480078139, 0.8283386158292207480 ) ) ;
#1611 = PLANE ( 'NONE',  #1523 ) ;
#1612 = CIRCLE ( 'NONE', #2518, 0.5000000000000000000 ) ;
#1613 = PLANE ( 'NONE',  #1748 ) ;
#1614 = PRODUCT_DEFINITION_FORMATION_WITH_SPECIFIED_SOURCE ( 'ANY', '', #227, .NOT_KNOWN. ) ;
#1615 = EDGE_LOOP ( 'NONE', ( #1042, #2369, #151, #2280 ) ) ;
#1616 = DIRECTION ( 'NONE',  ( -1.000000000000000000, 0.000000000000000000, 0.000000000000000000 ) ) ;
#1617 = EDGE_CURVE ( 'NONE', #122, #1015, #2597, .T. ) ;
#1618 = ORIENTED_EDGE ( 'NONE', *, *, #1301, .F. ) ;
#1619 = DIRECTION ( 'NONE',  ( 0.000000000000000000, 0.000000000000000000, 1.000000000000000000 ) ) ;
#1620 = DIRECTION ( 'NONE',  ( 0.000000000000000000, -1.000000000000000000, 0.000000000000000000 ) ) ;
#1621 = DIRECTION ( 'NONE',  ( 1.000000000000000000, -0.000000000000000000, 1.224646799147353207E-16 ) ) ;
#1622 = CARTESIAN_POINT ( 'NONE',  ( 1.500000000000000000, 0.2000000000000000111, 2.200000000000000178 ) ) ;
#1623 = PLANE ( 'NONE',  #677 ) ;
#1624 = DIRECTION ( 'NONE',  ( 0.7071067811865474617, 0.000000000000000000, 0.7071067811865474617 ) ) ;
#1625 = CARTESIAN_POINT ( 'NONE',  ( -0.5000000000000000000, 3.850000000000000089, 0.000000000000000000 ) ) ;
#1626 = ORIENTED_EDGE ( 'NONE', *, *, #2344, .F. ) ;
#1627 = DIRECTION ( 'NONE',  ( -0.7071067811865474617, 0.000000000000000000, -0.7071067811865474617 ) ) ;
#1628 = ORIENTED_EDGE ( 'NONE', *, *, #711, .T. ) ;
#1629 = AXIS2_PLACEMENT_3D ( 'NONE', #525, #74, #1001 ) ;
#1630 = UNCERTAINTY_MEASURE_WITH_UNIT (LENGTH_MEASURE( 1.000000000000000082E-05 ), #76, 'distance_accuracy_value', 'NONE');
#1631 = CIRCLE ( 'NONE', #143, 0.2000000000000002887 ) ;
#1632 = DIRECTION ( 'NONE',  ( -0.7071067811865474617, 0.000000000000000000, -0.7071067811865474617 ) ) ;
#1633 = SURFACE_SIDE_STYLE ('',( #1871 ) ) ;
#1634 = CARTESIAN_POINT ( 'NONE',  ( -2.500000000000000000, 0.000000000000000000, -2.500000000000000000 ) ) ;
#1635 = CIRCLE ( 'NONE', #1557, 0.2000000000000002887 ) ;
#1636 = CARTESIAN_POINT ( 'NONE',  ( 2.441421356237309492, 3.000000000000000000, 2.441421356237309492 ) ) ;
#1637 = FILL_AREA_STYLE ('',( #2381 ) ) ;
#1638 = AXIS2_PLACEMENT_3D ( 'NONE', #600, #1729, #2684 ) ;
#1639 = ORIENTED_EDGE ( 'NONE', *, *, #2485, .F. ) ;
#1640 = FACE_OUTER_BOUND ( 'NONE', #2237, .T. ) ;
#1641 = CARTESIAN_POINT ( 'NONE',  ( 1.800000000000000044, 3.200000000000000178, -1.800000000000000044 ) ) ;
#1642 = DIRECTION ( 'NONE',  ( 1.000000000000000000, 0.000000000000000000, 0.000000000000000000 ) ) ;
#1643 = LINE ( 'NONE', #664, #2313 ) ;
#1644 = ORIENTED_EDGE ( 'NONE', *, *, #386, .T. ) ;
#1645 = EDGE_CURVE ( 'NONE', #1383, #751, #2358, .T. ) ;
#1646 = COLOUR_RGB ( '',1.000000000000000000, 0.9921568627450980671, 0.9647058823529411908 ) ;
#1647 = EDGE_LOOP ( 'NONE', ( #2353, #1088, #1818, #1062 ) ) ;
#1648 = EDGE_CURVE ( 'NONE', #2362, #2952, #2772, .T. ) ;
#1649 = AXIS2_PLACEMENT_3D ( 'NONE', #265, #1621, #328 ) ;
#1650 = CARTESIAN_POINT ( 'NONE',  ( -2.299999999999999822, 3.000000000000000000, 2.299999999999999822 ) ) ;
#1651 = VECTOR ( 'NONE', #2834, 1000.000000000000000 ) ;
#1652 = CARTESIAN_POINT ( 'NONE',  ( 0.5000000000000000000, 1.587702065167175158, -1.450416814548261879 ) ) ;
#1653 = EDGE_CURVE ( 'NONE', #409, #2736, #1730, .T. ) ;
#1654 = DIRECTION ( 'NONE',  ( 0.000000000000000000, -1.000000000000000000, -1.850371707708595154E-15 ) ) ;
#1655 = CARTESIAN_POINT ( 'NONE',  ( 1.500000000000000000, 0.5000000000000000000, 1.199999999999999956 ) ) ;
#1656 = CARTESIAN_POINT ( 'NONE',  ( -2.299999999999999822, 3.000000000000000000, 2.299999999999999822 ) ) ;
#1657 = LINE ( 'NONE', #559, #1311 ) ;
#1658 = ORIENTED_EDGE ( 'NONE', *, *, #1993, .F. ) ;
#1659 = VECTOR ( 'NONE', #1099, 1000.000000000000000 ) ;
#1660 = PRESENTATION_STYLE_ASSIGNMENT (( #749 ) ) ;
#1661 = VERTEX_POINT ( 'NONE', #1908 ) ;
#1662 = APPLICATION_PROTOCOL_DEFINITION ( 'draft international standard', 'automotive_design', 1998, #901 ) ;
#1663 = UNCERTAINTY_MEASURE_WITH_UNIT (LENGTH_MEASURE( 1.000000000000000082E-05 ), #2649, 'distance_accuracy_value', 'NONE');
#1664 = CARTESIAN_POINT ( 'NONE',  ( -2.299999999999999822, 3.200000000000000178, -2.500000000000000000 ) ) ;
#1665 = PLANE ( 'NONE',  #491 ) ;
#1666 = EDGE_CURVE ( 'NONE', #1488, #1095, #2082, .T. ) ;
#1667 =( NAMED_UNIT ( * ) PLANE_ANGLE_UNIT ( ) SI_UNIT ( $, .RADIAN. ) );
#1668 = DIRECTION ( 'NONE',  ( 0.000000000000000000, -1.000000000000000000, 0.000000000000000000 ) ) ;
#1669 = FACE_OUTER_BOUND ( 'NONE', #1124, .T. ) ;
#1670 = EDGE_CURVE ( 'NONE', #965, #2863, #1215, .T. ) ;
#1671 = DIRECTION ( 'NONE',  ( 0.7071067811865474617, 0.000000000000000000, -0.7071067811865474617 ) ) ;
#1672 = FILL_AREA_STYLE_COLOUR ( '', #875 ) ;
#1673 = EDGE_LOOP ( 'NONE', ( #2894, #827, #383, #2310 ) ) ;
#1674 = VERTEX_POINT ( 'NONE', #1429 ) ;
#1675 = APPLICATION_PROTOCOL_DEFINITION ( 'draft international standard', 'automotive_design', 1998, #2691 ) ;
#1676 = EDGE_CURVE ( 'NONE', #213, #97, #1870, .T. ) ;
#1677 = CARTESIAN_POINT ( 'NONE',  ( 2.500000000000000000, 0.1000000000000000056, -2.200000000000000178 ) ) ;
#1678 = FILL_AREA_STYLE_COLOUR ( '', #2608 ) ;
#1679 = VECTOR ( 'NONE', #2868, 1000.000000000000000 ) ;
#1680 = ADVANCED_FACE ( 'NONE', ( #949 ), #2824, .F. ) ;
#1681 = VERTEX_POINT ( 'NONE', #1664 ) ;
#1682 = DIRECTION ( 'NONE',  ( 0.000000000000000000, 0.000000000000000000, 1.000000000000000000 ) ) ;
#1683 = CARTESIAN_POINT ( 'NONE',  ( -2.299999999999999822, 3.000000000000000000, -2.299999999999999822 ) ) ;
#1684 =( GEOMETRIC_REPRESENTATION_CONTEXT ( 3 ) GLOBAL_UNCERTAINTY_ASSIGNED_CONTEXT ( ( #1663 ) ) GLOBAL_UNIT_ASSIGNED_CONTEXT ( ( #2649, #1761, #2399 ) ) REPRESENTATION_CONTEXT ( 'NONE', 'WORKASPACE' ) );
#1685 = DIRECTION ( 'NONE',  ( 0.000000000000000000, -5.514886957328450285E-16, -1.000000000000000000 ) ) ;
#1686 = UNCERTAINTY_MEASURE_WITH_UNIT (LENGTH_MEASURE( 1.000000000000000082E-05 ), #2261, 'distance_accuracy_value', 'NONE');
#1687 = VECTOR ( 'NONE', #2489, 1000.000000000000000 ) ;
#1688 = ORIENTED_EDGE ( 'NONE', *, *, #2279, .F. ) ;
#1689 = LINE ( 'NONE', #2676, #2811 ) ;
#1690 = VERTEX_POINT ( 'NONE', #960 ) ;
#1691 = EDGE_CURVE ( 'NONE', #1036, #566, #102, .T. ) ;
#1692 = CIRCLE ( 'NONE', #1935, 0.1499999999999999667 ) ;
#1693 = FACE_OUTER_BOUND ( 'NONE', #1537, .T. ) ;
#1694 = SURFACE_STYLE_USAGE ( .BOTH. , #293 ) ;
#1695 = AXIS2_PLACEMENT_3D ( 'NONE', #1928, #775, #1421 ) ;
#1696 = VECTOR ( 'NONE', #1821, 1000.000000000000000 ) ;
#1697 = CARTESIAN_POINT ( 'NONE',  ( 2.500000000000000000, 0.000000000000000000, 2.500000000000000000 ) ) ;
#1698 = AXIS2_PLACEMENT_3D ( 'NONE', #147, #1702, #356 ) ;
#1699 = VERTEX_POINT ( 'NONE', #2345 ) ;
#1700 = DIRECTION ( 'NONE',  ( 2.312964634635739999E-16, -1.000000000000000000, 0.000000000000000000 ) ) ;
#1701 = ORIENTED_EDGE ( 'NONE', *, *, #2483, .F. ) ;
#1702 = DIRECTION ( 'NONE',  ( 0.000000000000000000, -1.000000000000000000, 0.000000000000000000 ) ) ;
#1703 = EDGE_LOOP ( 'NONE', ( #1933, #167, #601, #814 ) ) ;
#1704 = PRODUCT_DEFINITION ( 'UNKNOWN', '', #905, #93 ) ;
#1705 =( NAMED_UNIT ( * ) SI_UNIT ( $, .STERADIAN. ) SOLID_ANGLE_UNIT ( ) );
#1706 = ORIENTED_EDGE ( 'NONE', *, *, #669, .T. ) ;
#1707 = CARTESIAN_POINT ( 'NONE',  ( -0.5000000000000000000, 2.057542745007255203, -1.494821614710986069 ) ) ;
#1708 = EDGE_CURVE ( 'NONE', #39, #2064, #1776, .T. ) ;
#1709 =( GEOMETRIC_REPRESENTATION_CONTEXT ( 3 ) GLOBAL_UNCERTAINTY_ASSIGNED_CONTEXT ( ( #789 ) ) GLOBAL_UNIT_ASSIGNED_CONTEXT ( ( #2437, #2866, #2199 ) ) REPRESENTATION_CONTEXT ( 'NONE', 'WORKASPACE' ) );
#1710 = FILL_AREA_STYLE ('',( #120 ) ) ;
#1711 = LINE ( 'NONE', #144, #530 ) ;
#1712 = ORIENTED_EDGE ( 'NONE', *, *, #2485, .T. ) ;
#1713 = DIRECTION ( 'NONE',  ( -0.7071067811865474617, 0.000000000000000000, -0.7071067811865474617 ) ) ;
#1714 = CARTESIAN_POINT ( 'NONE',  ( 2.500000000000000000, 0.5000000000000000000, -1.199999999999999956 ) ) ;
#1715 = VERTEX_POINT ( 'NONE', #87 ) ;
#1716 = VERTEX_POINT ( 'NONE', #735 ) ;
#1717 = DIRECTION ( 'NONE',  ( 0.000000000000000000, 0.000000000000000000, 1.000000000000000000 ) ) ;
#1718 = ORIENTED_EDGE ( 'NONE', *, *, #169, .T. ) ;
#1719 = CONTEXT_DEPENDENT_SHAPE_REPRESENTATION ( #527, #1830 ) ;
#1720 = VECTOR ( 'NONE', #1472, 1000.000000000000000 ) ;
#1721 = SURFACE_STYLE_USAGE ( .BOTH. , #574 ) ;
#1722 = LINE ( 'NONE', #1521, #2014 ) ;
#1723 = CARTESIAN_POINT ( 'NONE',  ( 0.5000000000000000000, 4.150000000000000355, 0.000000000000000000 ) ) ;
#1724 = ORIENTED_EDGE ( 'NONE', *, *, #1865, .F. ) ;
#1725 = LINE ( 'NONE', #1939, #1103 ) ;
#1726 = DIRECTION ( 'NONE',  ( 0.000000000000000000, 0.000000000000000000, -1.000000000000000000 ) ) ;
#1727 = VECTOR ( 'NONE', #2024, 1000.000000000000000 ) ;
#1728 = ORIENTED_EDGE ( 'NONE', *, *, #699, .T. ) ;
#1729 = DIRECTION ( 'NONE',  ( 0.000000000000000000, 1.000000000000000000, 0.000000000000000000 ) ) ;
#1730 = CIRCLE ( 'NONE', #533, 0.5000000000000000000 ) ;
#1731 = ORIENTED_EDGE ( 'NONE', *, *, #1553, .F. ) ;
#1732 = CARTESIAN_POINT ( 'NONE',  ( -2.500000000000000000, 3.000000000000000000, -2.500000000000000000 ) ) ;
#1733 = CIRCLE ( 'NONE', #196, 0.2000000000000002887 ) ;
#1734 = ORIENTED_EDGE ( 'NONE', *, *, #10, .T. ) ;
#1735 = DIRECTION ( 'NONE',  ( 0.000000000000000000, 1.000000000000000000, 0.000000000000000000 ) ) ;
#1736 = DIRECTION ( 'NONE',  ( 0.000000000000000000, -1.000000000000000000, 0.000000000000000000 ) ) ;
#1737 = LINE ( 'NONE', #103, #2624 ) ;
#1738 =( GEOMETRIC_REPRESENTATION_CONTEXT ( 3 ) GLOBAL_UNCERTAINTY_ASSIGNED_CONTEXT ( ( #314 ) ) GLOBAL_UNIT_ASSIGNED_CONTEXT ( ( #1542, #2447, #1249 ) ) REPRESENTATION_CONTEXT ( 'NONE', 'WORKASPACE' ) );
#1739 = DIRECTION ( 'NONE',  ( 1.000000000000000000, -0.000000000000000000, 1.224646799147353207E-16 ) ) ;
#1740 = MECHANICAL_DESIGN_GEOMETRIC_PRESENTATION_REPRESENTATION (  '', ( #63 ), #1411 ) ;
#1741 = AXIS2_PLACEMENT_3D ( 'NONE', #1078, #1777, #390 ) ;
#1742 = VERTEX_POINT ( 'NONE', #2569 ) ;
#1743 = STYLED_ITEM ( 'NONE', ( #609 ), #2908 ) ;
#1744 = EDGE_CURVE ( 'NONE', #2721, #643, #2113, .T. ) ;
#1745 = CLOSED_SHELL ( 'NONE', ( #1609, #86, #937, #1458 ) ) ;
#1746 = FACE_OUTER_BOUND ( 'NONE', #524, .T. ) ;
#1747 = ORIENTED_EDGE ( 'NONE', *, *, #470, .F. ) ;
#1748 = AXIS2_PLACEMENT_3D ( 'NONE', #1790, #653, #2528 ) ;
#1749 = ORIENTED_EDGE ( 'NONE', *, *, #2807, .F. ) ;
#1750 = FACE_OUTER_BOUND ( 'NONE', #272, .T. ) ;
#1751 = ORIENTED_EDGE ( 'NONE', *, *, #55, .T. ) ;
#1752 = DIRECTION ( 'NONE',  ( 0.000000000000000000, 1.000000000000000000, 0.000000000000000000 ) ) ;
#1753 = CIRCLE ( 'NONE', #2038, 0.5000000000000000000 ) ;
#1754 = CARTESIAN_POINT ( 'NONE',  ( 0.5000000000000000000, -0.06558726100796158365, -0.9801855794619210860 ) ) ;
#1755 = AXIS2_PLACEMENT_3D ( 'NONE', #249, #2098, #733 ) ;
#1756 = ORIENTED_EDGE ( 'NONE', *, *, #2977, .T. ) ;
#1757 = DIRECTION ( 'NONE',  ( 0.000000000000000000, -1.000000000000000000, 0.000000000000000000 ) ) ;
#1758 = FILL_AREA_STYLE_COLOUR ( '', #2846 ) ;
#1759 = ORIENTED_EDGE ( 'NONE', *, *, #1238, .F. ) ;
#1760 = ORIENTED_EDGE ( 'NONE', *, *, #1150, .F. ) ;
#1761 =( NAMED_UNIT ( * ) PLANE_ANGLE_UNIT ( ) SI_UNIT ( $, .RADIAN. ) );
#1762 = VERTEX_POINT ( 'NONE', #753 ) ;
#1763 =( LENGTH_UNIT ( ) NAMED_UNIT ( * ) SI_UNIT ( .MILLI., .METRE. ) );
#1764 = CARTESIAN_POINT ( 'NONE',  ( -1.500000000000000000, 0.2000000000000000111, 1.199999999999999956 ) ) ;
#1765 = DIRECTION ( 'NONE',  ( 0.000000000000000000, 0.000000000000000000, 1.000000000000000000 ) ) ;
#1766 = EDGE_CURVE ( 'NONE', #1162, #161, #673, .T. ) ;
#1767 = DIRECTION ( 'NONE',  ( -1.000000000000000000, 0.000000000000000000, 0.000000000000000000 ) ) ;
#1768 = FACE_OUTER_BOUND ( 'NONE', #1328, .T. ) ;
#1769 = ADVANCED_FACE ( 'NONE', ( #784, #1693 ), #1585, .T. ) ;
#1770 = ORIENTED_EDGE ( 'NONE', *, *, #2081, .T. ) ;
#1771 = ORIENTED_EDGE ( 'NONE', *, *, #2669, .T. ) ;
#1772 =( NAMED_UNIT ( * ) SI_UNIT ( $, .STERADIAN. ) SOLID_ANGLE_UNIT ( ) );
#1773 = AXIS2_PLACEMENT_3D ( 'NONE', #2670, #1524, #1767 ) ;
#1774 = CARTESIAN_POINT ( 'NONE',  ( -2.299999999999999822, 0.000000000000000000, -2.299999999999999822 ) ) ;
#1775 = ORIENTED_EDGE ( 'NONE', *, *, #1313, .T. ) ;
#1776 = CIRCLE ( 'NONE', #191, 0.2000000000000002887 ) ;
#1777 = DIRECTION ( 'NONE',  ( 0.000000000000000000, 1.000000000000000000, 0.000000000000000000 ) ) ;
#1778 = ADVANCED_FACE ( 'NONE', ( #1229 ), #1919, .T. ) ;
#1779 = TOROIDAL_SURFACE ( 'NONE', #479, 1.399999999999999911, 0.1000000000000000056 ) ;
#1780 = EDGE_LOOP ( 'NONE', ( #231, #401, #1626, #1105 ) ) ;
#1781 = CARTESIAN_POINT ( 'NONE',  ( -1.500000000000000000, 0.5000000000000000000, 1.199999999999999956 ) ) ;
#1782 = FACE_OUTER_BOUND ( 'NONE', #2471, .T. ) ;
#1783 = STYLED_ITEM ( 'NONE', ( #770 ), #2460 ) ;
#1784 = CARTESIAN_POINT ( 'NONE',  ( 1.836970198721029934E-16, 4.100000000000000533, -1.500000000000000000 ) ) ;
#1785 = FILL_AREA_STYLE ('',( #1758 ) ) ;
#1786 = VECTOR ( 'NONE', #1308, 1000.000000000000000 ) ;
#1787 = ORIENTED_EDGE ( 'NONE', *, *, #860, .F. ) ;
#1788 = AXIS2_PLACEMENT_3D ( 'NONE', #651, #1115, #402 ) ;
#1789 = COLOUR_RGB ( '',1.000000000000000000, 0.9921568627450980671, 0.9647058823529411908 ) ;
#1790 = CARTESIAN_POINT ( 'NONE',  ( -2.500000000000000000, 0.5000000000000000000, 2.200000000000000178 ) ) ;
#1791 = AXIS2_PLACEMENT_3D ( 'NONE', #1656, #709, #2577 ) ;
#1792 = VERTEX_POINT ( 'NONE', #2403 ) ;
#1793 = CARTESIAN_POINT ( 'NONE',  ( -0.5000000000000000000, 1.587702065167175158, -1.450416814548261879 ) ) ;
#1794 = SURFACE_STYLE_FILL_AREA ( #2392 ) ;
#1795 = ORIENTED_EDGE ( 'NONE', *, *, #906, .T. ) ;
#1796 = CARTESIAN_POINT ( 'NONE',  ( 0.000000000000000000, 0.000000000000000000, 0.000000000000000000 ) ) ;
#1797 = EDGE_CURVE ( 'NONE', #931, #1864, #2893, .T. ) ;
#1798 = LINE ( 'NONE', #1094, #1014 ) ;
#1799 = VECTOR ( 'NONE', #128, 1000.000000000000000 ) ;
#1800 = ORIENTED_EDGE ( 'NONE', *, *, #2365, .F. ) ;
#1801 = SURFACE_STYLE_USAGE ( .BOTH. , #1109 ) ;
#1802 = FACE_OUTER_BOUND ( 'NONE', #2965, .T. ) ;
#1803 = DIRECTION ( 'NONE',  ( 0.000000000000000000, 1.000000000000000000, 0.000000000000000000 ) ) ;
#1804 = ORIENTED_EDGE ( 'NONE', *, *, #83, .T. ) ;
#1805 = SURFACE_SIDE_STYLE ('',( #198 ) ) ;
#1806 = CARTESIAN_POINT ( 'NONE',  ( -2.500000000000000000, 0.5000000000000000000, -2.200000000000000178 ) ) ;
#1807 = EDGE_CURVE ( 'NONE', #650, #806, #1722, .T. ) ;
#1808 = VERTEX_POINT ( 'NONE', #1324 ) ;
#1809 = PRODUCT_DEFINITION_SHAPE ( 'NONE', 'NONE',  #2982 ) ;
#1810 = LINE ( 'NONE', #219, #2027 ) ;
#1811 = ORIENTED_EDGE ( 'NONE', *, *, #802, .T. ) ;
#1812 = PRESENTATION_STYLE_ASSIGNMENT (( #9 ) ) ;
#1813 = DIRECTION ( 'NONE',  ( 0.000000000000000000, 0.000000000000000000, 1.000000000000000000 ) ) ;
#1814 = EDGE_LOOP ( 'NONE', ( #2856, #1208, #2901, #1639 ) ) ;
#1815 = CARTESIAN_POINT ( 'NONE',  ( 2.299999999999999822, 3.000000000000000000, 2.299999999999999822 ) ) ;
#1816 = DIRECTION ( 'NONE',  ( 0.000000000000000000, 1.000000000000000000, 0.000000000000000000 ) ) ;
#1817 = FACE_OUTER_BOUND ( 'NONE', #1165, .T. ) ;
#1818 = ORIENTED_EDGE ( 'NONE', *, *, #1670, .T. ) ;
#1819 = FACE_OUTER_BOUND ( 'NONE', #2250, .T. ) ;
#1820 = ORIENTED_EDGE ( 'NONE', *, *, #2155, .T. ) ;
#1821 = DIRECTION ( 'NONE',  ( 1.000000000000000000, 0.000000000000000000, 0.000000000000000000 ) ) ;
#1822 = VECTOR ( 'NONE', #1992, 1000.000000000000000 ) ;
#1823 = ORIENTED_EDGE ( 'NONE', *, *, #2365, .T. ) ;
#1824 = SURFACE_STYLE_USAGE ( .BOTH. , #410 ) ;
#1825 = AXIS2_PLACEMENT_3D ( 'NONE', #2214, #156, #1988 ) ;
#1826 = EDGE_CURVE ( 'NONE', #336, #555, #376, .T. ) ;
#1827 = VECTOR ( 'NONE', #2973, 999.9999999999998863 ) ;
#1828 = DIRECTION ( 'NONE',  ( -1.000000000000000000, 0.000000000000000000, 0.000000000000000000 ) ) ;
#1829 = CARTESIAN_POINT ( 'NONE',  ( -3.122502256758254742E-16, 4.000000000000000000, 0.000000000000000000 ) ) ;
#1830 = PRODUCT_DEFINITION_SHAPE ( 'NONE', 'NONE',  #2983 ) ;
#1831 = CARTESIAN_POINT ( 'NONE',  ( -2.299999999999999822, 3.200000000000000178, -2.299999999999999822 ) ) ;
#1832 = ORIENTED_EDGE ( 'NONE', *, *, #1923, .T. ) ;
#1833 = DIRECTION ( 'NONE',  ( 0.000000000000000000, -0.4372484067197419666, -0.8993407756913099904 ) ) ;
#1834 = EDGE_CURVE ( 'NONE', #164, #756, #871, .T. ) ;
#1835 = AXIS2_PLACEMENT_3D ( 'NONE', #15, #1218, #2137 ) ;
#1836 = LINE ( 'NONE', #2495, #2547 ) ;
#1837 = VERTEX_POINT ( 'NONE', #2227 ) ;
#1838 = CIRCLE ( 'NONE', #2374, 0.5000000000000000000 ) ;
#1839 = CARTESIAN_POINT ( 'NONE',  ( -1.500000000000000000, 0.5000000000000000000, 2.200000000000000178 ) ) ;
#1840 = ORIENTED_EDGE ( 'NONE', *, *, #2844, .F. ) ;
#1841 =( LENGTH_UNIT ( ) NAMED_UNIT ( * ) SI_UNIT ( .MILLI., .METRE. ) );
#1842 = PLANE ( 'NONE',  #1075 ) ;
#1843 = CARTESIAN_POINT ( 'NONE',  ( 0.000000000000000000, 4.100000000000000533, 0.000000000000000000 ) ) ;
#1844 = FACE_OUTER_BOUND ( 'NONE', #506, .T. ) ;
#1845 = FACE_OUTER_BOUND ( 'NONE', #1814, .T. ) ;
#1846 = ORIENTED_EDGE ( 'NONE', *, *, #1243, .T. ) ;
#1847 = CARTESIAN_POINT ( 'NONE',  ( -1.500000000000000000, 3.000000000000000000, 1.836970198721029934E-16 ) ) ;
#1848 = CYLINDRICAL_SURFACE ( 'NONE', #2032, 0.2000000000000002887 ) ;
#1849 = ORIENTED_EDGE ( 'NONE', *, *, #55, .F. ) ;
#1850 = ORIENTED_EDGE ( 'NONE', *, *, #1301, .T. ) ;
#1851 = SURFACE_SIDE_STYLE ('',( #904 ) ) ;
#1852 = ORIENTED_EDGE ( 'NONE', *, *, #1645, .T. ) ;
#1853 = DIRECTION ( 'NONE',  ( 0.000000000000000000, -1.000000000000000000, 0.000000000000000000 ) ) ;
#1854 = CARTESIAN_POINT ( 'NONE',  ( 2.299999999999999822, 0.000000000000000000, 2.500000000000000000 ) ) ;
#1855 = CARTESIAN_POINT ( 'NONE',  ( 2.299999999999999822, 0.000000000000000000, -2.500000000000000000 ) ) ;
#1856 = DIRECTION ( 'NONE',  ( -0.7071067811865474617, 0.000000000000000000, 0.7071067811865474617 ) ) ;
#1857 =( NAMED_UNIT ( * ) PLANE_ANGLE_UNIT ( ) SI_UNIT ( $, .RADIAN. ) );
#1858 = VERTEX_POINT ( 'NONE', #843 ) ;
#1859 = SURFACE_SIDE_STYLE ('',( #2364 ) ) ;
#1861 = ADVANCED_FACE ( 'NONE', ( #1039 ), #1947, .F. ) ;
#1860 = ADVANCED_FACE ( 'NONE', ( #1294 ), #2932, .T. ) ;
#1862 = CARTESIAN_POINT ( 'NONE',  ( -2.441421356237309492, 3.000000000000000000, -2.441421356237309492 ) ) ;
#1863 = SURFACE_STYLE_FILL_AREA ( #259 ) ;
#1864 = VERTEX_POINT ( 'NONE', #1053 ) ;
#1865 = EDGE_CURVE ( 'NONE', #2002, #2563, #1631, .T. ) ;
#1866 = DIRECTION ( 'NONE',  ( 0.000000000000000000, -1.000000000000000000, 0.000000000000000000 ) ) ;
#1867 = EDGE_LOOP ( 'NONE', ( #865, #286 ) ) ;
#1868 = AXIS2_PLACEMENT_3D ( 'NONE', #2923, #2628, #815 ) ;
#1869 = EDGE_CURVE ( 'NONE', #728, #2639, #2890, .T. ) ;
#1870 = LINE ( 'NONE', #1677, #2494 ) ;
#1871 = SURFACE_STYLE_FILL_AREA ( #2332 ) ;
#1872 = LINE ( 'NONE', #1652, #987 ) ;
#1873 = AXIS2_PLACEMENT_3D ( 'NONE', #759, #990, #2092 ) ;
#1874 = CARTESIAN_POINT ( 'NONE',  ( -2.500000000000000000, 0.5000000000000000000, -2.350000000000000089 ) ) ;
#1875 = LINE ( 'NONE', #2118, #2404 ) ;
#1876 = AXIS2_PLACEMENT_3D ( 'NONE', #31, #2071, #2705 ) ;
#1877 = ORIENTED_EDGE ( 'NONE', *, *, #2939, .F. ) ;
#1878 = SURFACE_SIDE_STYLE ('',( #2557 ) ) ;
#1879 = CARTESIAN_POINT ( 'NONE',  ( 2.299999999999999822, 0.000000000000000000, 2.299999999999999822 ) ) ;
#1880 =( NAMED_UNIT ( * ) PLANE_ANGLE_UNIT ( ) SI_UNIT ( $, .RADIAN. ) );
#1881 = VERTEX_POINT ( 'NONE', #1310 ) ;
#1882 = PRODUCT_RELATED_PRODUCT_CATEGORY ( 'part', '', ( #227 ) ) ;
#1883 = VECTOR ( 'NONE', #2265, 1000.000000000000000 ) ;
#1884 = ORIENTED_EDGE ( 'NONE', *, *, #1028, .T. ) ;
#1885 = VECTOR ( 'NONE', #1381, 1000.000000000000000 ) ;
#1886 = DIRECTION ( 'NONE',  ( 1.000000000000000000, 0.000000000000000000, 0.000000000000000000 ) ) ;
#1887 = VECTOR ( 'NONE', #717, 1000.000000000000000 ) ;
#1888 = CLOSED_SHELL ( 'NONE', ( #2879, #1052, #1494, #2768 ) ) ;
#1889 = DIRECTION ( 'NONE',  ( 0.000000000000000000, -1.000000000000000000, 0.000000000000000000 ) ) ;
#1890 = CIRCLE ( 'NONE', #592, 0.2000000000000002887 ) ;
#1891 = ADVANCED_FACE ( 'NONE', ( #2654 ), #593, .T. ) ;
#1892 = PLANE ( 'NONE',  #1835 ) ;
#1893 = ORIENTED_EDGE ( 'NONE', *, *, #2791, .T. ) ;
#1894 = FACE_OUTER_BOUND ( 'NONE', #1515, .T. ) ;
#1895 = SURFACE_STYLE_USAGE ( .BOTH. , #1878 ) ;
#1896 = CARTESIAN_POINT ( 'NONE',  ( -2.500000000000000000, 3.000000000000000000, 2.500000000000000000 ) ) ;
#1897 = FACE_OUTER_BOUND ( 'NONE', #1394, .T. ) ;
#1898 = DIRECTION ( 'NONE',  ( -1.000000000000000000, 0.000000000000000000, 0.000000000000000000 ) ) ;
#1899 = EDGE_LOOP ( 'NONE', ( #817, #1820, #1056, #2045 ) ) ;
#1900 = AXIS2_PLACEMENT_3D ( 'NONE', #1132, #1581, #2072 ) ;
#1901 = MANIFOLD_SOLID_BREP ( 'Button_\X2\00fc\X0\st.ipt<1>[5]', #1123 ) ;
#1902 = EDGE_CURVE ( 'NONE', #1036, #45, #2543, .T. ) ;
#1903 = ORIENTED_EDGE ( 'NONE', *, *, #317, .F. ) ;
#1904 =( NAMED_UNIT ( * ) PLANE_ANGLE_UNIT ( ) SI_UNIT ( $, .RADIAN. ) );
#1905 = VECTOR ( 'NONE', #2880, 1000.000000000000000 ) ;
#1906 = UNCERTAINTY_MEASURE_WITH_UNIT (LENGTH_MEASURE( 1.000000000000000082E-05 ), #2717, 'distance_accuracy_value', 'NONE');
#1907 = EDGE_CURVE ( 'NONE', #1416, #793, #2921, .T. ) ;
#1908 = CARTESIAN_POINT ( 'NONE',  ( 1.800000000000000044, 3.200000000000000178, -2.299999999999999822 ) ) ;
#1909 = DIRECTION ( 'NONE',  ( -1.000000000000000000, 0.000000000000000000, 0.000000000000000000 ) ) ;
#1910 = LINE ( 'NONE', #331, #100 ) ;
#1911 = MANIFOLD_SOLID_BREP ( 'Button_\X2\00fc\X0\st.ipt<1>[4]', #1513 ) ;
#1912 =( NAMED_UNIT ( * ) PLANE_ANGLE_UNIT ( ) SI_UNIT ( $, .RADIAN. ) );
#1913 = DIRECTION ( 'NONE',  ( 0.000000000000000000, -1.000000000000000000, -1.850371707708595154E-15 ) ) ;
#1914 = EDGE_CURVE ( 'NONE', #668, #2329, #452, .T. ) ;
#1915 =( NAMED_UNIT ( * ) SI_UNIT ( $, .STERADIAN. ) SOLID_ANGLE_UNIT ( ) );
#1916 = DIRECTION ( 'NONE',  ( 0.000000000000000000, -1.000000000000000000, 0.000000000000000000 ) ) ;
#1917 = ORIENTED_EDGE ( 'NONE', *, *, #2441, .F. ) ;
#1918 = LINE ( 'NONE', #1457, #125 ) ;
#1919 = CYLINDRICAL_SURFACE ( 'NONE', #2311, 0.2000000000000002887 ) ;
#1920 = VERTEX_POINT ( 'NONE', #820 ) ;
#1921 = SHAPE_DEFINITION_REPRESENTATION ( #2693, #2726 ) ;
#1922 = CARTESIAN_POINT ( 'NONE',  ( 2.500000000000000000, 0.1000000000000000056, 1.199999999999999956 ) ) ;
#1923 = EDGE_CURVE ( 'NONE', #584, #650, #900, .T. ) ;
#1924 = TOROIDAL_SURFACE ( 'NONE', #1349, 1.399999999999999911, 0.1000000000000000056 ) ;
#1925 = ORIENTED_EDGE ( 'NONE', *, *, #1470, .T. ) ;
#1926 = FACE_OUTER_BOUND ( 'NONE', #1350, .T. ) ;
#1927 = AXIS2_PLACEMENT_3D ( 'NONE', #694, #2509, #867 ) ;
#1928 = CARTESIAN_POINT ( 'NONE',  ( 1.800000000000000044, 3.200000000000000178, 1.800000000000000044 ) ) ;
#1929 = PRODUCT_DEFINITION_CONTEXT ( 'detailed design', #901, 'design' ) ;
#1930 = COLOUR_RGB ( '',1.000000000000000000, 0.9921568627450980671, 0.9647058823529411908 ) ;
#1931 = ORIENTED_EDGE ( 'NONE', *, *, #854, .F. ) ;
#1932 = EDGE_CURVE ( 'NONE', #751, #208, #1157, .T. ) ;
#1933 = ORIENTED_EDGE ( 'NONE', *, *, #2652, .F. ) ;
#1934 = DIRECTION ( 'NONE',  ( 0.000000000000000000, -1.000000000000000000, 0.000000000000000000 ) ) ;
#1935 = AXIS2_PLACEMENT_3D ( 'NONE', #1199, #1909, #490 ) ;
#1936 = TOROIDAL_SURFACE ( 'NONE', #2564, 0.3881966011250104764, 0.1499999999999999944 ) ;
#1937 = MECHANICAL_DESIGN_GEOMETRIC_PRESENTATION_REPRESENTATION (  '', ( #256 ), #112 ) ;
#1938 = CIRCLE ( 'NONE', #644, 1.500000000000000000 ) ;
#1939 = CARTESIAN_POINT ( 'NONE',  ( -0.5000000000000000000, 1.612297934832824797, -1.795952692852370136 ) ) ;
#1940 = ORIENTED_EDGE ( 'NONE', *, *, #174, .T. ) ;
#1941 = DIRECTION ( 'NONE',  ( -1.000000000000000000, 0.000000000000000000, 0.000000000000000000 ) ) ;
#1942 = ORIENTED_EDGE ( 'NONE', *, *, #1084, .T. ) ;
#1943 = ORIENTED_EDGE ( 'NONE', *, *, #1140, .T. ) ;
#1944 = DIRECTION ( 'NONE',  ( -1.000000000000000000, 0.000000000000000000, 0.000000000000000000 ) ) ;
#1945 = ORIENTED_EDGE ( 'NONE', *, *, #309, .F. ) ;
#1946 = CARTESIAN_POINT ( 'NONE',  ( 2.299999999999999822, 3.000000000000000000, -2.299999999999999822 ) ) ;
#1947 = PLANE ( 'NONE',  #1451 ) ;
#1948 = CARTESIAN_POINT ( 'NONE',  ( -2.500000000000000000, 3.000000000000000000, -2.500000000000000000 ) ) ;
#1949 = ORIENTED_EDGE ( 'NONE', *, *, #1140, .F. ) ;
#1950 = DIRECTION ( 'NONE',  ( -1.000000000000000000, 0.000000000000000000, 0.000000000000000000 ) ) ;
#1951 = ORIENTED_EDGE ( 'NONE', *, *, #2279, .T. ) ;
#1952 = DIRECTION ( 'NONE',  ( 0.000000000000000000, 0.000000000000000000, 1.000000000000000000 ) ) ;
#1953 = VERTEX_POINT ( 'NONE', #1806 ) ;
#1954 = ADVANCED_FACE ( 'NONE', ( #2290, #2735, #1363 ), #1582, .T. ) ;
#1955 = LINE ( 'NONE', #347, #2090 ) ;
#1956 = ORIENTED_EDGE ( 'NONE', *, *, #2424, .F. ) ;
#1957 = EDGE_CURVE ( 'NONE', #1715, #1195, #476, .T. ) ;
#1958 = DIRECTION ( 'NONE',  ( 0.000000000000000000, 1.000000000000000000, 0.000000000000000000 ) ) ;
#1959 = CARTESIAN_POINT ( 'NONE',  ( 0.5000000000000000000, 2.934799536771855344, -1.651688122254795221 ) ) ;
#1960 = EDGE_CURVE ( 'NONE', #2124, #943, #1836, .T. ) ;
#1961 = VERTEX_POINT ( 'NONE', #1100 ) ;
#1962 = DIRECTION ( 'NONE',  ( 1.000000000000000000, 0.000000000000000000, 0.000000000000000000 ) ) ;
#1963 = AXIS2_PLACEMENT_3D ( 'NONE', #861, #2910, #396 ) ;
#1964 = DIRECTION ( 'NONE',  ( 0.000000000000000000, -1.000000000000000000, 0.000000000000000000 ) ) ;
#1965 = CARTESIAN_POINT ( 'NONE',  ( -0.5000000000000000000, 3.751519224698780075, -0.8914998730901010360 ) ) ;
#1966 = AXIS2_PLACEMENT_3D ( 'NONE', #1461, #315, #1009 ) ;
#1967 = ORIENTED_EDGE ( 'NONE', *, *, #614, .F. ) ;
#1968 = FILL_AREA_STYLE_COLOUR ( '', #1522 ) ;
#1969 = VECTOR ( 'NONE', #2042, 1000.000000000000000 ) ;
#1970 = ORIENTED_EDGE ( 'NONE', *, *, #2939, .T. ) ;
#1971 = DIRECTION ( 'NONE',  ( 0.000000000000000000, 1.000000000000000000, 0.000000000000000000 ) ) ;
#1972 = COLOUR_RGB ( '',1.000000000000000000, 0.9921568627450980671, 0.9647058823529411908 ) ;
#1973 = DIRECTION ( 'NONE',  ( 0.000000000000000000, -0.8993407756913098794, 0.4372484067197419111 ) ) ;
#1974 = EDGE_CURVE ( 'NONE', #1211, #2754, #1635, .T. ) ;
#1975 = STYLED_ITEM ( 'NONE', ( #526 ), #2698 ) ;
#1976 = ORIENTED_EDGE ( 'NONE', *, *, #1957, .F. ) ;
#1977 =( GEOMETRIC_REPRESENTATION_CONTEXT ( 3 ) GLOBAL_UNCERTAINTY_ASSIGNED_CONTEXT ( ( #2357 ) ) GLOBAL_UNIT_ASSIGNED_CONTEXT ( ( #1046, #1058, #1473 ) ) REPRESENTATION_CONTEXT ( 'NONE', 'WORKASPACE' ) );
#1978 = CIRCLE ( 'NONE', #2132, 1.600000000000000089 ) ;
#1979 = DIRECTION ( 'NONE',  ( 0.000000000000000000, 1.000000000000000000, 0.000000000000000000 ) ) ;
#1980 = CARTESIAN_POINT ( 'NONE',  ( 1.500000000000000000, 0.2000000000000000111, 1.199999999999999956 ) ) ;
#1981 = EDGE_LOOP ( 'NONE', ( #2800, #1434, #431, #1256 ) ) ;
#1982 = CIRCLE ( 'NONE', #692, 0.2000000000000002887 ) ;
#1983 = PRESENTATION_STYLE_ASSIGNMENT (( #634 ) ) ;
#1984 = ORIENTED_EDGE ( 'NONE', *, *, #552, .F. ) ;
#1985 = CONTEXT_DEPENDENT_SHAPE_REPRESENTATION ( #366, #1809 ) ;
#1986 = ADVANCED_FACE ( 'NONE', ( #1598 ), #1613, .F. ) ;
#1987 = CARTESIAN_POINT ( 'NONE',  ( 2.299999999999999822, 3.200000000000000178, 2.500000000000000000 ) ) ;
#1988 = DIRECTION ( 'NONE',  ( -1.000000000000000000, 0.000000000000000000, 0.000000000000000000 ) ) ;
#1990 = EDGE_CURVE ( 'NONE', #1195, #1715, #2906, .T. ) ;
#1989 = ADVANCED_FACE ( 'NONE', ( #1117 ), #465, .T. ) ;
#1991 = CIRCLE ( 'NONE', #2433, 0.2000000000000002887 ) ;
#1992 = DIRECTION ( 'NONE',  ( 0.000000000000000000, -0.9269497727076416727, -0.3751854459827184129 ) ) ;
#1993 = EDGE_CURVE ( 'NONE', #1195, #1858, #1275, .T. ) ;
#1994 = ORIENTED_EDGE ( 'NONE', *, *, #707, .F. ) ;
#1995 = LINE ( 'NONE', #1577, #841 ) ;
#1996 =( LENGTH_UNIT ( ) NAMED_UNIT ( * ) SI_UNIT ( .MILLI., .METRE. ) );
#1997 = ORIENTED_EDGE ( 'NONE', *, *, #94, .T. ) ;
#1998 = ORIENTED_EDGE ( 'NONE', *, *, #1993, .T. ) ;
#1999 = DIRECTION ( 'NONE',  ( -1.000000000000000000, 0.000000000000000000, 0.000000000000000000 ) ) ;
#2000 = EDGE_CURVE ( 'NONE', #1416, #1792, #2947, .T. ) ;
#2001 = CARTESIAN_POINT ( 'NONE',  ( -2.500000000000000000, 0.000000000000000000, -2.299999999999999822 ) ) ;
#2002 = VERTEX_POINT ( 'NONE', #405 ) ;
#2003 = PLANE ( 'NONE',  #2862 ) ;
#2004 = CARTESIAN_POINT ( 'NONE',  ( 1.500000000000000000, 0.2000000000000000111, -2.200000000000000178 ) ) ;
#2005 = CARTESIAN_POINT ( 'NONE',  ( -2.500000000000000000, 0.5000000000000000000, 2.200000000000000178 ) ) ;
#2006 =( NAMED_UNIT ( * ) PLANE_ANGLE_UNIT ( ) SI_UNIT ( $, .RADIAN. ) );
#2007 = CARTESIAN_POINT ( 'NONE',  ( 0.5000000000000000000, 4.377949743939930194, -0.7542050184052490058 ) ) ;
#2008 = ORIENTED_EDGE ( 'NONE', *, *, #2048, .T. ) ;
#2009 = LINE ( 'NONE', #648, #1223 ) ;
#2010 = CARTESIAN_POINT ( 'NONE',  ( -0.5000000000000000000, 4.051519224698780341, -1.143229762443284114 ) ) ;
#2011 = ORIENTED_EDGE ( 'NONE', *, *, #2584, .F. ) ;
#2012 = VECTOR ( 'NONE', #1591, 1000.000000000000000 ) ;
#2013 =( NAMED_UNIT ( * ) SI_UNIT ( $, .STERADIAN. ) SOLID_ANGLE_UNIT ( ) );
#2014 = VECTOR ( 'NONE', #563, 1000.000000000000000 ) ;
#2015 = DIRECTION ( 'NONE',  ( 0.000000000000000000, 1.000000000000000000, 0.000000000000000000 ) ) ;
#2016 = ORIENTED_EDGE ( 'NONE', *, *, #2641, .T. ) ;
#2017 = ADVANCED_FACE ( 'NONE', ( #2240 ), #183, .T. ) ;
#2018 = MECHANICAL_DESIGN_GEOMETRIC_PRESENTATION_REPRESENTATION (  '', ( #1453 ), #104 ) ;
#2019 = DIRECTION ( 'NONE',  ( 0.000000000000000000, 1.000000000000000000, 1.850371707708595154E-15 ) ) ;
#2020 = CARTESIAN_POINT ( 'NONE',  ( -0.5000000000000000000, 4.150000000000000355, -1.125864944676592039 ) ) ;
#2021 = SURFACE_STYLE_FILL_AREA ( #667 ) ;
#2022 = STYLED_ITEM ( 'NONE', ( #1273 ), #976 ) ;
#2023 = ORIENTED_EDGE ( 'NONE', *, *, #299, .F. ) ;
#2024 = DIRECTION ( 'NONE',  ( 0.000000000000000000, -1.387778780781445922E-16, -1.000000000000000000 ) ) ;
#2025 = CARTESIAN_POINT ( 'NONE',  ( 0.000000000000000000, 3.000000000000000000, 0.000000000000000000 ) ) ;
#2026 = CARTESIAN_POINT ( 'NONE',  ( 0.5000000000000000000, 1.974708883424329819, -1.550844390215785129 ) ) ;
#2027 = VECTOR ( 'NONE', #232, 1000.000000000000000 ) ;
#2028 = EDGE_LOOP ( 'NONE', ( #2233, #748, #2943, #2184 ) ) ;
#2029 = CARTESIAN_POINT ( 'NONE',  ( 1.800000000000000044, 3.299999999999999822, 1.800000000000000044 ) ) ;
#2030 = VECTOR ( 'NONE', #1430, 1000.000000000000000 ) ;
#2031 = DIRECTION ( 'NONE',  ( 1.000000000000000000, 0.000000000000000000, 0.000000000000000000 ) ) ;
#2032 = AXIS2_PLACEMENT_3D ( 'NONE', #2352, #1437, #1671 ) ;
#2033 = VERTEX_POINT ( 'NONE', #1346 ) ;
#2034 = FILL_AREA_STYLE ('',( #2307 ) ) ;
#2035 = ORIENTED_EDGE ( 'NONE', *, *, #2048, .F. ) ;
#2036 = FILL_AREA_STYLE ('',( #1325 ) ) ;
#2037 = CARTESIAN_POINT ( 'NONE',  ( 0.5000000000000000000, 1.587702065167175158, -1.450416814548261879 ) ) ;
#2038 = AXIS2_PLACEMENT_3D ( 'NONE', #2444, #372, #1303 ) ;
#2039 = EDGE_LOOP ( 'NONE', ( #2881, #500, #382, #1182, #797 ) ) ;
#2040 = PLANE ( 'NONE',  #2125 ) ;
#2041 = DIRECTION ( 'NONE',  ( 0.000000000000000000, 0.000000000000000000, -1.000000000000000000 ) ) ;
#2042 = DIRECTION ( 'NONE',  ( 0.000000000000000000, -1.000000000000000000, 0.000000000000000000 ) ) ;
#2043 = VERTEX_POINT ( 'NONE', #2256 ) ;
#2044 = COLOUR_RGB ( '',1.000000000000000000, 0.9921568627450980671, 0.9647058823529411908 ) ;
#2045 = ORIENTED_EDGE ( 'NONE', *, *, #413, .T. ) ;
#2046 = CARTESIAN_POINT ( 'NONE',  ( 1.800000000000000044, 3.299999999999999822, 2.188196601125010243 ) ) ;
#2047 = DIRECTION ( 'NONE',  ( -2.144002042356414405E-16, 0.9269497727076416727, 0.3751854459827184129 ) ) ;
#2048 = EDGE_CURVE ( 'NONE', #683, #2061, #2276, .T. ) ;
#2049 = ORIENTED_EDGE ( 'NONE', *, *, #729, .F. ) ;
#2050 = DIRECTION ( 'NONE',  ( 0.000000000000000000, -1.000000000000000000, 0.000000000000000000 ) ) ;
#2051 = EDGE_LOOP ( 'NONE', ( #2686, #2529, #312, #1751 ) ) ;
#2052 =( NAMED_UNIT ( * ) PLANE_ANGLE_UNIT ( ) SI_UNIT ( $, .RADIAN. ) );
#2053 = ADVANCED_BREP_SHAPE_REPRESENTATION ( '', ( #976, #881, #2829, #1911, #1901, #2908, #799 ), #2819 ) ;
#2054 = DIRECTION ( 'NONE',  ( 0.000000000000000000, -1.000000000000000000, 0.000000000000000000 ) ) ;
#2055 = EDGE_CURVE ( 'NONE', #2643, #1961, #216, .T. ) ;
#2056 = DIRECTION ( 'NONE',  ( -1.000000000000000000, 0.000000000000000000, 0.000000000000000000 ) ) ;
#2057 = DIRECTION ( 'NONE',  ( 0.000000000000000000, 0.000000000000000000, -1.000000000000000000 ) ) ;
#2058 = DIRECTION ( 'NONE',  ( -1.000000000000000000, 0.000000000000000000, 0.000000000000000000 ) ) ;
#2059 = DIRECTION ( 'NONE',  ( -1.000000000000000000, 0.000000000000000000, -1.224646799147351975E-16 ) ) ;
#2060 = CARTESIAN_POINT ( 'NONE',  ( 2.500000000000000000, 0.000000000000000000, 2.500000000000000000 ) ) ;
#2061 = VERTEX_POINT ( 'NONE', #916 ) ;
#2062 = FACE_OUTER_BOUND ( 'NONE', #2051, .T. ) ;
#2063 = AXIS2_PLACEMENT_3D ( 'NONE', #628, #1546, #1326 ) ;
#2064 = VERTEX_POINT ( 'NONE', #776 ) ;
#2065 =( NAMED_UNIT ( * ) PLANE_ANGLE_UNIT ( ) SI_UNIT ( $, .RADIAN. ) );
#2066 = VECTOR ( 'NONE', #520, 1000.000000000000000 ) ;
#2067 = CIRCLE ( 'NONE', #2412, 0.5000000000000000000 ) ;
#2068 = CARTESIAN_POINT ( 'NONE',  ( -1.800000000000000044, 3.299999999999999822, 1.800000000000000044 ) ) ;
#2069 = SURFACE_STYLE_USAGE ( .BOTH. , #14 ) ;
#2070 = FACE_OUTER_BOUND ( 'NONE', #1981, .T. ) ;
#2071 = DIRECTION ( 'NONE',  ( 0.000000000000000000, -1.000000000000000000, 0.000000000000000000 ) ) ;
#2072 = DIRECTION ( 'NONE',  ( -1.000000000000000000, 0.000000000000000000, -1.224646799147351975E-16 ) ) ;
#2073 = AXIS2_PLACEMENT_3D ( 'NONE', #472, #1404, #2316 ) ;
#2074 = CYLINDRICAL_SURFACE ( 'NONE', #546, 0.2000000000000002887 ) ;
#2075 = ORIENTED_EDGE ( 'NONE', *, *, #731, .T. ) ;
#2076 = AXIS2_PLACEMENT_3D ( 'NONE', #457, #1562, #2598 ) ;
#2077 = STYLED_ITEM ( 'NONE', ( #1505 ), #172 ) ;
#2078 = LINE ( 'NONE', #467, #2269 ) ;
#2079 = AXIS2_PLACEMENT_3D ( 'NONE', #583, #1979, #2385 ) ;
#2080 = ORIENTED_EDGE ( 'NONE', *, *, #736, .F. ) ;
#2081 = EDGE_CURVE ( 'NONE', #1448, #2170, #1454, .T. ) ;
#2082 = LINE ( 'NONE', #1188, #2783 ) ;
#2083 = CARTESIAN_POINT ( 'NONE',  ( -2.500000000000000000, 3.200000000000000178, -2.500000000000000000 ) ) ;
#2085 = ADVANCED_FACE ( 'NONE', ( #2603 ), #21, .T. ) ;
#2084 = ADVANCED_FACE ( 'NONE', ( #1164 ), #1848, .T. ) ;
#2086 = FACE_BOUND ( 'NONE', #2712, .T. ) ;
#2087 = DIRECTION ( 'NONE',  ( 0.000000000000000000, -1.000000000000000000, 0.000000000000000000 ) ) ;
#2088 = ADVANCED_FACE ( 'NONE', ( #761 ), #1193, .F. ) ;
#2089 = DIRECTION ( 'NONE',  ( -0.7071067811865474617, 0.000000000000000000, 0.7071067811865474617 ) ) ;
#2090 = VECTOR ( 'NONE', #1944, 1000.000000000000000 ) ;
#2091 = PLANE ( 'NONE',  #741 ) ;
#2092 = DIRECTION ( 'NONE',  ( 0.000000000000000000, -1.000000000000000000, -1.850371707708595154E-15 ) ) ;
#2093 = CARTESIAN_POINT ( 'NONE',  ( -1.600000000000000089, 3.000000000000000000, 0.000000000000000000 ) ) ;
#2094 = DIRECTION ( 'NONE',  ( 0.000000000000000000, 0.000000000000000000, 1.000000000000000000 ) ) ;
#2095 = VERTEX_POINT ( 'NONE', #2588 ) ;
#2096 = EDGE_CURVE ( 'NONE', #2567, #161, #1392, .T. ) ;
#2097 = VERTEX_POINT ( 'NONE', #2765 ) ;
#2098 = DIRECTION ( 'NONE',  ( 1.000000000000000000, 0.000000000000000000, 0.000000000000000000 ) ) ;
#2099 = DIRECTION ( 'NONE',  ( 0.000000000000000000, -1.000000000000000000, 0.000000000000000000 ) ) ;
#2100 = DIRECTION ( 'NONE',  ( 0.000000000000000000, -1.000000000000000000, 0.000000000000000000 ) ) ;
#2101 = CARTESIAN_POINT ( 'NONE',  ( -2.441421356237309492, 0.000000000000000000, 2.441421356237309492 ) ) ;
#2102 = CARTESIAN_POINT ( 'NONE',  ( -2.299999999999999822, 0.000000000000000000, 2.299999999999999822 ) ) ;
#2103 = PRESENTATION_STYLE_ASSIGNMENT (( #2601 ) ) ;
#2104 = CARTESIAN_POINT ( 'NONE',  ( -1.500000000000000000, 0.2000000000000000111, 1.199999999999999956 ) ) ;
#2105 = LINE ( 'NONE', #1194, #1502 ) ;
#2106 = ORIENTED_EDGE ( 'NONE', *, *, #2526, .F. ) ;
#2107 = CYLINDRICAL_SURFACE ( 'NONE', #1269, 0.2000000000000002887 ) ;
#2108 = ADVANCED_FACE ( 'NONE', ( #529 ), #78, .T. ) ;
#2109 = ORIENTED_EDGE ( 'NONE', *, *, #699, .F. ) ;
#2110 = DIRECTION ( 'NONE',  ( 0.000000000000000000, 0.000000000000000000, 1.000000000000000000 ) ) ;
#2111 = AXIS2_PLACEMENT_3D ( 'NONE', #2154, #2394, #773 ) ;
#2112 = UNCERTAINTY_MEASURE_WITH_UNIT (LENGTH_MEASURE( 1.000000000000000082E-05 ), #864, 'distance_accuracy_value', 'NONE');
#2113 = LINE ( 'NONE', #57, #337 ) ;
#2114 = SURFACE_STYLE_FILL_AREA ( #998 ) ;
#2115 =( GEOMETRIC_REPRESENTATION_CONTEXT ( 3 ) GLOBAL_UNCERTAINTY_ASSIGNED_CONTEXT ( ( #2112 ) ) GLOBAL_UNIT_ASSIGNED_CONTEXT ( ( #864, #1097, #1047 ) ) REPRESENTATION_CONTEXT ( 'NONE', 'WORKASPACE' ) );
#2116 = CARTESIAN_POINT ( 'NONE',  ( 2.500000000000000000, 0.000000000000000000, 2.299999999999999822 ) ) ;
#2117 = ORIENTED_EDGE ( 'NONE', *, *, #2584, .T. ) ;
#2118 = CARTESIAN_POINT ( 'NONE',  ( -0.5000000000000000000, 2.057542745007255203, -1.494821614710986069 ) ) ;
#2119 = SURFACE_STYLE_USAGE ( .BOTH. , #1859 ) ;
#2120 = ADVANCED_FACE ( 'NONE', ( #64 ), #746, .T. ) ;
#2121 = DIRECTION ( 'NONE',  ( 0.000000000000000000, 1.000000000000000000, 0.000000000000000000 ) ) ;
#2122 = CARTESIAN_POINT ( 'NONE',  ( -2.500000000000000000, 0.2000000000000000111, -2.200000000000000178 ) ) ;
#2123 = CARTESIAN_POINT ( 'NONE',  ( -2.500000000000000000, 0.5000000000000000000, -0.6500000000000000222 ) ) ;
#2124 = VERTEX_POINT ( 'NONE', #2304 ) ;
#2125 = AXIS2_PLACEMENT_3D ( 'NONE', #427, #2979, #1373 ) ;
#2126 =( LENGTH_UNIT ( ) NAMED_UNIT ( * ) SI_UNIT ( .MILLI., .METRE. ) );
#2127 = MECHANICAL_DESIGN_GEOMETRIC_PRESENTATION_REPRESENTATION (  '', ( #1743 ), #1709 ) ;
#2128 = ORIENTED_EDGE ( 'NONE', *, *, #230, .T. ) ;
#2129 = AXIS2_PLACEMENT_3D ( 'NONE', #956, #82, #1425 ) ;
#2130 = PRODUCT_CONTEXT ( 'NONE', #423, 'mechanical' ) ;
#2131 = AXIS2_PLACEMENT_3D ( 'NONE', #1091, #1332, #2470 ) ;
#2132 = AXIS2_PLACEMENT_3D ( 'NONE', #962, #1934, #951 ) ;
#2133 = DIRECTION ( 'NONE',  ( 0.000000000000000000, 0.000000000000000000, 1.000000000000000000 ) ) ;
#2134 = AXIS2_PLACEMENT_3D ( 'NONE', #2122, #2367, #2818 ) ;
#2135 =( NAMED_UNIT ( * ) SI_UNIT ( $, .STERADIAN. ) SOLID_ANGLE_UNIT ( ) );
#2136 = EDGE_CURVE ( 'NONE', #668, #756, #283, .T. ) ;
#2137 = DIRECTION ( 'NONE',  ( 0.000000000000000000, -1.387778780781445922E-16, -1.000000000000000000 ) ) ;
#2138 = ORIENTED_EDGE ( 'NONE', *, *, #1339, .F. ) ;
#2139 = FACE_OUTER_BOUND ( 'NONE', #59, .T. ) ;
#2140 = CARTESIAN_POINT ( 'NONE',  ( -0.5000000000000000000, 1.522363857263695053, -1.752227852180394896 ) ) ;
#2141 = CARTESIAN_POINT ( 'NONE',  ( 2.299999999999999822, 3.000000000000000000, -2.299999999999999822 ) ) ;
#2142 = UNCERTAINTY_MEASURE_WITH_UNIT (LENGTH_MEASURE( 1.000000000000000082E-05 ), #1841, 'distance_accuracy_value', 'NONE');
#2143 = DIRECTION ( 'NONE',  ( 0.000000000000000000, -1.000000000000000000, 0.000000000000000000 ) ) ;
#2144 = ORIENTED_EDGE ( 'NONE', *, *, #1111, .T. ) ;
#2145 = AXIS2_PLACEMENT_3D ( 'NONE', #5, #1833, #2749 ) ;
#2146 =( NAMED_UNIT ( * ) PLANE_ANGLE_UNIT ( ) SI_UNIT ( $, .RADIAN. ) );
#2147 = ADVANCED_FACE ( 'NONE', ( #1897 ), #2074, .T. ) ;
#2148 = ORIENTED_EDGE ( 'NONE', *, *, #2791, .F. ) ;
#2149 = SHAPE_DEFINITION_REPRESENTATION ( #2741, #810 ) ;
#2150 = UNCERTAINTY_MEASURE_WITH_UNIT (LENGTH_MEASURE( 1.000000000000000082E-05 ), #170, 'distance_accuracy_value', 'NONE');
#2151 = DIRECTION ( 'NONE',  ( -1.486745008787009568E-16, 0.6427876096865408062, 0.7660444431189766812 ) ) ;
#2152 = DIRECTION ( 'NONE',  ( 0.000000000000000000, -0.9848077530122081313, -0.1736481776669305255 ) ) ;
#2153 = ORIENTED_EDGE ( 'NONE', *, *, #83, .F. ) ;
#2154 = CARTESIAN_POINT ( 'NONE',  ( 0.5000000000000000000, 1.587702065167175158, -1.450416814548261879 ) ) ;
#2155 = EDGE_CURVE ( 'NONE', #453, #2696, #2885, .T. ) ;
#2156 =( NAMED_UNIT ( * ) SI_UNIT ( $, .STERADIAN. ) SOLID_ANGLE_UNIT ( ) );
#2157 = DIRECTION ( 'NONE',  ( 0.000000000000000000, 1.000000000000000000, 0.000000000000000000 ) ) ;
#2158 = CARTESIAN_POINT ( 'NONE',  ( -2.299999999999999822, 3.000000000000000000, -2.299999999999999822 ) ) ;
#2159 = EDGE_LOOP ( 'NONE', ( #1849, #2270 ) ) ;
#2160 = DIRECTION ( 'NONE',  ( 0.7071067811865474617, 0.000000000000000000, 0.7071067811865474617 ) ) ;
#2161 = EDGE_LOOP ( 'NONE', ( #468, #2766, #1045, #766, #2580, #2515, #1618, #1302, #2355, #1775, #1408, #1997, #2812, #1519 ) ) ;
#2162 = DIRECTION ( 'NONE',  ( 0.000000000000000000, -1.000000000000000000, 0.000000000000000000 ) ) ;
#2163 =( GEOMETRIC_REPRESENTATION_CONTEXT ( 3 ) GLOBAL_UNCERTAINTY_ASSIGNED_CONTEXT ( ( #734 ) ) GLOBAL_UNIT_ASSIGNED_CONTEXT ( ( #320, #1857, #296 ) ) REPRESENTATION_CONTEXT ( 'NONE', 'WORKASPACE' ) );
#2164 = AXIS2_PLACEMENT_3D ( 'NONE', #1379, #2015, #2707 ) ;
#2165 = ORIENTED_EDGE ( 'NONE', *, *, #1079, .F. ) ;
#2166 = DIRECTION ( 'NONE',  ( 0.000000000000000000, -0.8993407756913098794, 0.4372484067197419111 ) ) ;
#2167 = ORIENTED_EDGE ( 'NONE', *, *, #829, .T. ) ;
#2168 = ORIENTED_EDGE ( 'NONE', *, *, #2635, .F. ) ;
#2169 = DIRECTION ( 'NONE',  ( 1.000000000000000000, 0.000000000000000000, 0.000000000000000000 ) ) ;
#2170 = VERTEX_POINT ( 'NONE', #2645 ) ;
#2171 = PLANE ( 'NONE',  #2508 ) ;
#2172 = VECTOR ( 'NONE', #887, 1000.000000000000000 ) ;
#2173 = DIRECTION ( 'NONE',  ( 0.000000000000000000, -1.387778780781445922E-16, -1.000000000000000000 ) ) ;
#2174 = DIRECTION ( 'NONE',  ( -1.000000000000000000, 0.000000000000000000, -1.224646799147351975E-16 ) ) ;
#2175 = TOROIDAL_SURFACE ( 'NONE', #1171, 0.3881966011250104764, 0.1499999999999999944 ) ;
#2176 = VECTOR ( 'NONE', #2162, 1000.000000000000000 ) ;
#2177 = AXIS2_PLACEMENT_3D ( 'NONE', #882, #2031, #2274 ) ;
#2178 = EDGE_CURVE ( 'NONE', #2443, #51, #1033, .T. ) ;
#2179 = DIRECTION ( 'NONE',  ( -1.000000000000000000, 0.000000000000000000, -1.224646799147351975E-16 ) ) ;
#2180 = EDGE_CURVE ( 'NONE', #2930, #2362, #831, .T. ) ;
#2181 = DIRECTION ( 'NONE',  ( 0.7071067811865474617, 0.000000000000000000, -0.7071067811865474617 ) ) ;
#2182 = SURFACE_SIDE_STYLE ('',( #832 ) ) ;
#2183 = ORIENTED_EDGE ( 'NONE', *, *, #393, .T. ) ;
#2184 = ORIENTED_EDGE ( 'NONE', *, *, #1276, .F. ) ;
#2185 = EDGE_CURVE ( 'NONE', #1690, #1274, #2854, .T. ) ;
#2186 = MECHANICAL_DESIGN_GEOMETRIC_PRESENTATION_REPRESENTATION (  '', ( #2667 ), #2436 ) ;
#2187 = LINE ( 'NONE', #1054, #1905 ) ;
#2188 = ORIENTED_EDGE ( 'NONE', *, *, #750, .T. ) ;
#2189 = CARTESIAN_POINT ( 'NONE',  ( 2.441421356237309492, 3.000000000000000000, 2.441421356237309492 ) ) ;
#2190 = CARTESIAN_POINT ( 'NONE',  ( 2.500000000000000000, 0.5000000000000000000, 2.200000000000000178 ) ) ;
#2191 = FILL_AREA_STYLE ('',( #1672 ) ) ;
#2192 = ORIENTED_EDGE ( 'NONE', *, *, #1037, .T. ) ;
#2193 = PRODUCT_DEFINITION ( 'UNKNOWN', '', #948, #1929 ) ;
#2194 = CARTESIAN_POINT ( 'NONE',  ( 1.500000000000000000, 0.5000000000000000000, 2.200000000000000178 ) ) ;
#2195 = ORIENTED_EDGE ( 'NONE', *, *, #2616, .T. ) ;
#2196 = SURFACE_STYLE_FILL_AREA ( #2435 ) ;
#2197 = EDGE_CURVE ( 'NONE', #2260, #1416, #2221, .T. ) ;
#2198 = CARTESIAN_POINT ( 'NONE',  ( 1.500000000000000000, 0.5000000000000000000, -2.200000000000000178 ) ) ;
#2199 =( NAMED_UNIT ( * ) SI_UNIT ( $, .STERADIAN. ) SOLID_ANGLE_UNIT ( ) );
#2200 = DIRECTION ( 'NONE',  ( 0.7071067811865474617, 0.000000000000000000, 0.7071067811865474617 ) ) ;
#2201 = AXIS2_PLACEMENT_3D ( 'NONE', #492, #1668, #1468 ) ;
#2202 = ORIENTED_EDGE ( 'NONE', *, *, #1902, .T. ) ;
#2203 = CARTESIAN_POINT ( 'NONE',  ( 2.299999999999999822, 3.000000000000000000, -2.299999999999999822 ) ) ;
#2204 = CARTESIAN_POINT ( 'NONE',  ( 1.500000000000000000, 3.000000000000000000, 0.000000000000000000 ) ) ;
#2205 = STYLED_ITEM ( 'NONE', ( #919 ), #1901 ) ;
#2206 = ORIENTED_EDGE ( 'NONE', *, *, #1564, .T. ) ;
#2207 = EDGE_CURVE ( 'NONE', #2863, #2739, #791, .T. ) ;
#2208 = CARTESIAN_POINT ( 'NONE',  ( -0.5000000000000000000, 1.695131796415749958, -1.739929917347570187 ) ) ;
#2209 = VECTOR ( 'NONE', #33, 1000.000000000000000 ) ;
#2210 = ADVANCED_FACE ( 'NONE', ( #1288 ), #1254, .T. ) ;
#2211 = ORIENTED_EDGE ( 'NONE', *, *, #2853, .F. ) ;
#2212 = CARTESIAN_POINT ( 'NONE',  ( 0.000000000000000000, 3.200000000000000178, 0.000000000000000000 ) ) ;
#2213 = LINE ( 'NONE', #2020, #2559 ) ;
#2214 = CARTESIAN_POINT ( 'NONE',  ( 0.5000000000000000000, 3.850000000000000089, -0.8741350553234079612 ) ) ;
#2215 = SURFACE_STYLE_USAGE ( .BOTH. , #2637 ) ;
#2216 = AXIS2_PLACEMENT_3D ( 'NONE', #1335, #1560, #2950 ) ;
#2217 = FACE_OUTER_BOUND ( 'NONE', #516, .T. ) ;
#2218 = VECTOR ( 'NONE', #879, 1000.000000000000000 ) ;
#2219 = EDGE_CURVE ( 'NONE', #1331, #187, #1322, .T. ) ;
#2220 = CIRCLE ( 'NONE', #489, 0.2000000000000002887 ) ;
#2221 = CIRCLE ( 'NONE', #2611, 0.2000000000000002887 ) ;
#2222 = DIRECTION ( 'NONE',  ( 0.000000000000000000, -1.000000000000000000, 0.000000000000000000 ) ) ;
#2223 = VERTEX_POINT ( 'NONE', #2190 ) ;
#2224 = DIRECTION ( 'NONE',  ( 0.000000000000000000, 1.000000000000000000, 0.000000000000000000 ) ) ;
#2225 = DIRECTION ( 'NONE',  ( 1.000000000000000000, 0.000000000000000000, 0.000000000000000000 ) ) ;
#2226 = VERTEX_POINT ( 'NONE', #2660 ) ;
#2227 = CARTESIAN_POINT ( 'NONE',  ( -1.500000000000000000, 4.100000000000000533, 1.836970198721029934E-16 ) ) ;
#2228 = DIRECTION ( 'NONE',  ( 1.000000000000000000, 0.000000000000000000, 0.000000000000000000 ) ) ;
#2229 = LINE ( 'NONE', #439, #2326 ) ;
#2230 = EDGE_CURVE ( 'NONE', #1244, #643, #1890, .T. ) ;
#2231 = VECTOR ( 'NONE', #2169, 1000.000000000000000 ) ;
#2232 = CARTESIAN_POINT ( 'NONE',  ( 0.5000000000000000000, 3.751519224698780075, -0.8914998730901010360 ) ) ;
#2233 = ORIENTED_EDGE ( 'NONE', *, *, #2155, .F. ) ;
#2234 = CYLINDRICAL_SURFACE ( 'NONE', #252, 0.2000000000000002887 ) ;
#2235 = ADVANCED_FACE ( 'NONE', ( #135 ), #2897, .T. ) ;
#2236 = DIRECTION ( 'NONE',  ( 0.000000000000000000, 0.000000000000000000, -1.000000000000000000 ) ) ;
#2237 = EDGE_LOOP ( 'NONE', ( #920, #1196, #1734, #2617 ) ) ;
#2238 = VERTEX_POINT ( 'NONE', #95 ) ;
#2239 = FACE_OUTER_BOUND ( 'NONE', #958, .T. ) ;
#2240 = FACE_OUTER_BOUND ( 'NONE', #2161, .T. ) ;
#2241 = ORIENTED_EDGE ( 'NONE', *, *, #1974, .T. ) ;
#2242 = CARTESIAN_POINT ( 'NONE',  ( 0.000000000000000000, 3.000000000000000000, 0.000000000000000000 ) ) ;
#2243 = CARTESIAN_POINT ( 'NONE',  ( -0.5000000000000000000, 1.974708883424329819, -1.550844390215785129 ) ) ;
#2244 = VERTEX_POINT ( 'NONE', #1298 ) ;
#2245 = PRESENTATION_STYLE_ASSIGNMENT (( #1824 ) ) ;
#2246 = CARTESIAN_POINT ( 'NONE',  ( 2.441421356237309492, 3.000000000000000000, -2.441421356237309492 ) ) ;
#2247 = CARTESIAN_POINT ( 'NONE',  ( 2.500000000000000000, 3.200000000000000178, -2.500000000000000000 ) ) ;
#2248 = DIRECTION ( 'NONE',  ( 0.000000000000000000, -1.387778780781445922E-16, -1.000000000000000000 ) ) ;
#2249 = DIRECTION ( 'NONE',  ( 1.000000000000000000, 0.000000000000000000, 0.000000000000000000 ) ) ;
#2250 = EDGE_LOOP ( 'NONE', ( #2008, #1644 ) ) ;
#2251 = CARTESIAN_POINT ( 'NONE',  ( -1.800000000000000044, 3.200000000000000178, 2.299999999999999822 ) ) ;
#2252 = AXIS2_PLACEMENT_3D ( 'NONE', #2068, #646, #658 ) ;
#2253 = ORIENTED_EDGE ( 'NONE', *, *, #614, .T. ) ;
#2254 = DIRECTION ( 'NONE',  ( 0.000000000000000000, -5.514886957328450285E-16, -1.000000000000000000 ) ) ;
#2255 = AXIS2_PLACEMENT_3D ( 'NONE', #537, #2582, #2133 ) ;
#2256 = CARTESIAN_POINT ( 'NONE',  ( -1.500000000000000000, 0.2000000000000000111, -2.200000000000000178 ) ) ;
#2257 = EDGE_LOOP ( 'NONE', ( #801, #1970 ) ) ;
#2258 = LINE ( 'NONE', #2481, #543 ) ;
#2259 = VECTOR ( 'NONE', #2760, 1000.000000000000000 ) ;
#2260 = VERTEX_POINT ( 'NONE', #800 ) ;
#2261 =( LENGTH_UNIT ( ) NAMED_UNIT ( * ) SI_UNIT ( .MILLI., .METRE. ) );
#2262 = PRODUCT_DEFINITION_SHAPE ( 'NONE', 'NONE',  #2981 ) ;
#2263 = CARTESIAN_POINT ( 'NONE',  ( 1.500000000000000000, 0.3499999999999999778, 1.699999999999999956 ) ) ;
#2264 = ORIENTED_EDGE ( 'NONE', *, *, #519, .F. ) ;
#2265 = DIRECTION ( 'NONE',  ( 1.000000000000000000, 0.000000000000000000, 0.000000000000000000 ) ) ;
#2266 = AXIS2_PLACEMENT_3D ( 'NONE', #1815, #2924, #176 ) ;
#2267 = LINE ( 'NONE', #2718, #2751 ) ;
#2268 = CARTESIAN_POINT ( 'NONE',  ( 0.5000000000000000000, -0.03279363050398095142, -0.9127350212850730005 ) ) ;
#2269 = VECTOR ( 'NONE', #2019, 1000.000000000000000 ) ;
#2270 = ORIENTED_EDGE ( 'NONE', *, *, #1766, .F. ) ;
#2271 = ORIENTED_EDGE ( 'NONE', *, *, #109, .T. ) ;
#2272 = DIRECTION ( 'NONE',  ( 0.000000000000000000, -1.000000000000000000, 0.000000000000000000 ) ) ;
#2273 = VECTOR ( 'NONE', #488, 1000.000000000000000 ) ;
#2274 = DIRECTION ( 'NONE',  ( 0.000000000000000000, -1.000000000000000000, 0.000000000000000000 ) ) ;
#2275 = APPLICATION_CONTEXT ( 'automotive_design' ) ;
#2276 = CIRCLE ( 'NONE', #1603, 0.5000000000000000000 ) ;
#2277 = ORIENTED_EDGE ( 'NONE', *, *, #715, .T. ) ;
#2278 = PRESENTATION_STYLE_ASSIGNMENT (( #2293 ) ) ;
#2279 = EDGE_CURVE ( 'NONE', #1364, #757, #118, .T. ) ;
#2280 = ORIENTED_EDGE ( 'NONE', *, *, #2804, .F. ) ;
#2281 = MECHANICAL_DESIGN_GEOMETRIC_PRESENTATION_REPRESENTATION (  '', ( #1424 ), #944 ) ;
#2282 = CARTESIAN_POINT ( 'NONE',  ( 1.800000000000000044, 3.399999999999999911, -1.800000000000000044 ) ) ;
#2283 = AXIS2_PLACEMENT_3D ( 'NONE', #1145, #2272, #2059 ) ;
#2284 = PLANE ( 'NONE',  #1510 ) ;
#2285 = PLANE ( 'NONE',  #2865 ) ;
#2286 = DIRECTION ( 'NONE',  ( 1.000000000000000000, -0.000000000000000000, 1.224646799147353207E-16 ) ) ;
#2287 = ORIENTED_EDGE ( 'NONE', *, *, #1914, .F. ) ;
#2288 = COLOUR_RGB ( '',0.2470588235294117752, 0.2470588235294117752, 0.2470588235294117752 ) ;
#2289 = FACE_OUTER_BOUND ( 'NONE', #2028, .T. ) ;
#2290 = FACE_BOUND ( 'NONE', #371, .T. ) ;
#2291 = ORIENTED_EDGE ( 'NONE', *, *, #455, .F. ) ;
#2292 = PRODUCT_DEFINITION_SHAPE ( 'NONE', 'NONE',  #2980 ) ;
#2293 = SURFACE_STYLE_USAGE ( .BOTH. , #1851 ) ;
#2294 = ORIENTED_EDGE ( 'NONE', *, *, #2136, .T. ) ;
#2295 = ADVANCED_FACE ( 'NONE', ( #2619 ), #558, .T. ) ;
#2296 = FACE_OUTER_BOUND ( 'NONE', #2469, .T. ) ;
#2297 = ADVANCED_FACE ( 'NONE', ( #344 ), #2285, .F. ) ;
#2298 = FILL_AREA_STYLE ('',( #461 ) ) ;
#2299 = FILL_AREA_STYLE_COLOUR ( '', #2417 ) ;
#2300 = DIRECTION ( 'NONE',  ( 0.000000000000000000, 1.000000000000000000, 0.000000000000000000 ) ) ;
#2301 = ORIENTED_EDGE ( 'NONE', *, *, #2652, .T. ) ;
#2302 = CARTESIAN_POINT ( 'NONE',  ( 0.5000000000000000000, 2.057542745007255203, -1.494821614710986069 ) ) ;
#2303 = CARTESIAN_POINT ( 'NONE',  ( 2.500000000000000000, 3.000000000000000000, 2.500000000000000000 ) ) ;
#2304 = CARTESIAN_POINT ( 'NONE',  ( -0.5000000000000000000, 0.06558726100796108405, -0.7103833467545279667 ) ) ;
#2305 = ADVANCED_FACE ( 'NONE', ( #1593 ), #913, .F. ) ;
#2306 = ORIENTED_EDGE ( 'NONE', *, *, #1572, .F. ) ;
#2307 = FILL_AREA_STYLE_COLOUR ( '', #304 ) ;
#2308 = VECTOR ( 'NONE', #106, 1000.000000000000000 ) ;
#2309 = EDGE_CURVE ( 'NONE', #1881, #2884, #1938, .T. ) ;
#2310 = ORIENTED_EDGE ( 'NONE', *, *, #1907, .T. ) ;
#2311 = AXIS2_PLACEMENT_3D ( 'NONE', #350, #608, #2636 ) ;
#2312 = ADVANCED_FACE ( 'NONE', ( #1340 ), #2959, .F. ) ;
#2313 = VECTOR ( 'NONE', #2562, 1000.000000000000000 ) ;
#2314 = CARTESIAN_POINT ( 'NONE',  ( 0.000000000000000000, 4.100000000000000533, 1.399999999999999911 ) ) ;
#2315 = LINE ( 'NONE', #101, #2273 ) ;
#2316 = DIRECTION ( 'NONE',  ( -0.7071067811865474617, 0.000000000000000000, -0.7071067811865474617 ) ) ;
#2317 = DIRECTION ( 'NONE',  ( 0.000000000000000000, 0.000000000000000000, 1.000000000000000000 ) ) ;
#2318 = EDGE_CURVE ( 'NONE', #1274, #2974, #1995, .T. ) ;
#2319 = EDGE_LOOP ( 'NONE', ( #993, #8 ) ) ;
#2320 = CYLINDRICAL_SURFACE ( 'NONE', #1463, 0.2000000000000002887 ) ;
#2321 = CARTESIAN_POINT ( 'NONE',  ( 2.500000000000000000, 0.2000000000000000111, -1.199999999999999956 ) ) ;
#2322 =( GEOMETRIC_REPRESENTATION_CONTEXT ( 3 ) GLOBAL_UNCERTAINTY_ASSIGNED_CONTEXT ( ( #1906 ) ) GLOBAL_UNIT_ASSIGNED_CONTEXT ( ( #2717, #462, #444 ) ) REPRESENTATION_CONTEXT ( 'NONE', 'WORKASPACE' ) );
#2323 = CARTESIAN_POINT ( 'NONE',  ( 0.000000000000000000, 3.000000000000000000, 0.000000000000000000 ) ) ;
#2324 = CARTESIAN_POINT ( 'NONE',  ( 2.299999999999999822, 0.000000000000000000, 2.500000000000000000 ) ) ;
#2325 = ORIENTED_EDGE ( 'NONE', *, *, #397, .F. ) ;
#2326 = VECTOR ( 'NONE', #1384, 1000.000000000000000 ) ;
#2327 = DIRECTION ( 'NONE',  ( 0.000000000000000000, -0.4372484067197419111, -0.8993407756913098794 ) ) ;
#2328 =( GEOMETRIC_REPRESENTATION_CONTEXT ( 3 ) GLOBAL_UNCERTAINTY_ASSIGNED_CONTEXT ( ( #1428 ) ) GLOBAL_UNIT_ASSIGNED_CONTEXT ( ( #991, #1225, #1915 ) ) REPRESENTATION_CONTEXT ( 'NONE', 'WORKASPACE' ) );
#2329 = VERTEX_POINT ( 'NONE', #895 ) ;
#2330 =( NAMED_UNIT ( * ) PLANE_ANGLE_UNIT ( ) SI_UNIT ( $, .RADIAN. ) );
#2331 = FACE_OUTER_BOUND ( 'NONE', #1571, .T. ) ;
#2332 = FILL_AREA_STYLE ('',( #1678 ) ) ;
#2333 = ADVANCED_FACE ( 'NONE', ( #1802 ), #162, .T. ) ;
#2334 = PLANE ( 'NONE',  #889 ) ;
#2335 = LINE ( 'NONE', #1874, #2370 ) ;
#2336 = LINE ( 'NONE', #1221, #1399 ) ;
#2337 = AXIS2_PLACEMENT_3D ( 'NONE', #515, #1441, #2837 ) ;
#2338 = LINE ( 'NONE', #1003, #1231 ) ;
#2339 = EDGE_CURVE ( 'NONE', #2770, #2629, #2510, .T. ) ;
#2340 = ORIENTED_EDGE ( 'NONE', *, *, #1807, .F. ) ;
#2341 = SURFACE_STYLE_FILL_AREA ( #2354 ) ;
#2342 = ORIENTED_EDGE ( 'NONE', *, *, #393, .F. ) ;
#2343 = DIRECTION ( 'NONE',  ( 0.000000000000000000, 0.000000000000000000, 1.000000000000000000 ) ) ;
#2344 = EDGE_CURVE ( 'NONE', #818, #1762, #2267, .T. ) ;
#2345 = CARTESIAN_POINT ( 'NONE',  ( -2.500000000000000000, 3.000000000000000000, 2.299999999999999822 ) ) ;
#2346 = FILL_AREA_STYLE_COLOUR ( '', #1319 ) ;
#2347 = DIRECTION ( 'NONE',  ( 1.000000000000000000, 0.000000000000000000, 0.000000000000000000 ) ) ;
#2348 = CYLINDRICAL_SURFACE ( 'NONE', #2201, 0.2000000000000002887 ) ;
#2349 = ORIENTED_EDGE ( 'NONE', *, *, #2669, .F. ) ;
#2350 = CARTESIAN_POINT ( 'NONE',  ( -2.441421356237309492, 3.200000000000000178, -2.441421356237309492 ) ) ;
#2351 = LINE ( 'NONE', #2383, #1216 ) ;
#2352 = CARTESIAN_POINT ( 'NONE',  ( 2.299999999999999822, 0.000000000000000000, -2.299999999999999822 ) ) ;
#2353 = ORIENTED_EDGE ( 'NONE', *, *, #1531, .T. ) ;
#2354 = FILL_AREA_STYLE ('',( #1184 ) ) ;
#2355 = ORIENTED_EDGE ( 'NONE', *, *, #2180, .F. ) ;
#2356 = VECTOR ( 'NONE', #595, 1000.000000000000000 ) ;
#2357 = UNCERTAINTY_MEASURE_WITH_UNIT (LENGTH_MEASURE( 1.000000000000000082E-05 ), #1046, 'distance_accuracy_value', 'NONE');
#2358 = CIRCLE ( 'NONE', #2406, 0.1000000000000000472 ) ;
#2359 = LINE ( 'NONE', #1922, #2066 ) ;
#2360 = CIRCLE ( 'NONE', #145, 0.1499999999999999667 ) ;
#2361 = DIRECTION ( 'NONE',  ( 0.000000000000000000, 1.000000000000000000, 1.850371707708595154E-15 ) ) ;
#2362 = VERTEX_POINT ( 'NONE', #1356 ) ;
#2363 = PLANE ( 'NONE',  #2780 ) ;
#2364 = SURFACE_STYLE_FILL_AREA ( #322 ) ;
#2365 = EDGE_CURVE ( 'NONE', #1690, #2917, #2009, .T. ) ;
#2366 = DIRECTION ( 'NONE',  ( 0.7071067811865474617, 0.000000000000000000, -0.7071067811865474617 ) ) ;
#2367 = DIRECTION ( 'NONE',  ( 0.000000000000000000, 0.000000000000000000, -1.000000000000000000 ) ) ;
#2368 = SURFACE_SIDE_STYLE ('',( #1422 ) ) ;
#2369 = ORIENTED_EDGE ( 'NONE', *, *, #2635, .T. ) ;
#2370 = VECTOR ( 'NONE', #522, 1000.000000000000000 ) ;
#2371 = DIRECTION ( 'NONE',  ( 1.000000000000000000, 0.000000000000000000, 0.000000000000000000 ) ) ;
#2372 =( GEOMETRIC_REPRESENTATION_CONTEXT ( 3 ) GLOBAL_UNCERTAINTY_ASSIGNED_CONTEXT ( ( #1630 ) ) GLOBAL_UNIT_ASSIGNED_CONTEXT ( ( #76, #2537, #1002 ) ) REPRESENTATION_CONTEXT ( 'NONE', 'WORKASPACE' ) );
#2373 = ORIENTED_EDGE ( 'NONE', *, *, #2590, .T. ) ;
#2374 = AXIS2_PLACEMENT_3D ( 'NONE', #185, #1735, #2666 ) ;
#2375 = DIRECTION ( 'NONE',  ( 0.000000000000000000, 0.000000000000000000, -1.000000000000000000 ) ) ;
#2376 = VECTOR ( 'NONE', #663, 1000.000000000000000 ) ;
#2377 = ADVANCED_FACE ( 'NONE', ( #211 ), #1536, .F. ) ;
#2378 = DIRECTION ( 'NONE',  ( 0.000000000000000000, 0.000000000000000000, 1.000000000000000000 ) ) ;
#2379 = AXIS2_PLACEMENT_3D ( 'NONE', #226, #2503, #1143 ) ;
#2380 = ORIENTED_EDGE ( 'NONE', *, *, #2318, .T. ) ;
#2381 = FILL_AREA_STYLE_COLOUR ( '', #285 ) ;
#2382 =( LENGTH_UNIT ( ) NAMED_UNIT ( * ) SI_UNIT ( .MILLI., .METRE. ) );
#2383 = CARTESIAN_POINT ( 'NONE',  ( -2.500000000000000000, 0.2500000000000000000, -1.199999999999999956 ) ) ;
#2384 = UNCERTAINTY_MEASURE_WITH_UNIT (LENGTH_MEASURE( 1.000000000000000082E-05 ), #1587, 'distance_accuracy_value', 'NONE');
#2385 = DIRECTION ( 'NONE',  ( -0.7071067811865474617, 0.000000000000000000, 0.7071067811865474617 ) ) ;
#2386 = DIRECTION ( 'NONE',  ( 0.000000000000000000, 0.000000000000000000, 1.000000000000000000 ) ) ;
#2387 = ORIENTED_EDGE ( 'NONE', *, *, #1797, .T. ) ;
#2388 = FILL_AREA_STYLE_COLOUR ( '', #836 ) ;
#2389 = VERTEX_POINT ( 'NONE', #399 ) ;
#2390 = FACE_OUTER_BOUND ( 'NONE', #2871, .T. ) ;
#2391 = SURFACE_STYLE_USAGE ( .BOTH. , #1633 ) ;
#2392 = FILL_AREA_STYLE ('',( #607 ) ) ;
#2393 = ORIENTED_EDGE ( 'NONE', *, *, #351, .T. ) ;
#2394 = DIRECTION ( 'NONE',  ( 0.000000000000000000, 0.4372484067197419666, 0.8993407756913099904 ) ) ;
#2395 = CARTESIAN_POINT ( 'NONE',  ( -0.5000000000000000000, 1.522363857263695053, -1.752227852180394896 ) ) ;
#2396 = CARTESIAN_POINT ( 'NONE',  ( -2.500000000000000000, 0.2000000000000000111, 2.200000000000000178 ) ) ;
#2397 = VERTEX_POINT ( 'NONE', #1784 ) ;
#2398 = CARTESIAN_POINT ( 'NONE',  ( 1.500000000000000000, 0.5000000000000000000, 2.200000000000000178 ) ) ;
#2399 =( NAMED_UNIT ( * ) SI_UNIT ( $, .STERADIAN. ) SOLID_ANGLE_UNIT ( ) );
#2400 = ORIENTED_EDGE ( 'NONE', *, *, #2844, .T. ) ;
#2401 = DIRECTION ( 'NONE',  ( -0.7071067811865474617, 0.000000000000000000, 0.7071067811865474617 ) ) ;
#2402 = ADVANCED_FACE ( 'NONE', ( #615 ), #1, .T. ) ;
#2403 = CARTESIAN_POINT ( 'NONE',  ( -2.500000000000000000, 3.000000000000000000, -2.299999999999999822 ) ) ;
#2404 = VECTOR ( 'NONE', #986, 1000.000000000000000 ) ;
#2405 = EDGE_CURVE ( 'NONE', #1699, #2443, #1982, .T. ) ;
#2406 = AXIS2_PLACEMENT_3D ( 'NONE', #2314, #251, #2378 ) ;
#2407 = ORIENTED_EDGE ( 'NONE', *, *, #2951, .T. ) ;
#2408 = LINE ( 'NONE', #611, #378 ) ;
#2409 = AXIS2_PLACEMENT_3D ( 'NONE', #1289, #568, #1952 ) ;
#2410 = ORIENTED_EDGE ( 'NONE', *, *, #1079, .T. ) ;
#2411 = ADVANCED_FACE ( 'NONE', ( #1550 ), #2704, .T. ) ;
#2412 = AXIS2_PLACEMENT_3D ( 'NONE', #676, #1159, #414 ) ;
#2413 = DIRECTION ( 'NONE',  ( -1.000000000000000000, 0.000000000000000000, 0.000000000000000000 ) ) ;
#2414 = SURFACE_STYLE_USAGE ( .BOTH. , #2182 ) ;
#2415 = CARTESIAN_POINT ( 'NONE',  ( -1.500000000000000000, 0.5000000000000000000, -2.200000000000000178 ) ) ;
#2416 = EDGE_LOOP ( 'NONE', ( #1318, #421, #1567, #763 ) ) ;
#2417 = COLOUR_RGB ( '',1.000000000000000000, 0.9921568627450980671, 0.9647058823529411908 ) ;
#2418 = DIRECTION ( 'NONE',  ( 0.000000000000000000, 1.000000000000000000, 0.000000000000000000 ) ) ;
#2419 = VECTOR ( 'NONE', #1616, 1000.000000000000000 ) ;
#2420 = DIRECTION ( 'NONE',  ( 0.000000000000000000, -1.387778780781445922E-16, -1.000000000000000000 ) ) ;
#2421 = CLOSED_SHELL ( 'NONE', ( #2434, #282, #1372, #2017, #1891, #1022, #637, #1203, #67, #1247, #1345, #2108, #46, #387, #1545, #2402 ) ) ;
#2422 = MECHANICAL_DESIGN_GEOMETRIC_PRESENTATION_REPRESENTATION (  '', ( #744 ), #1977 ) ;
#2423 = EDGE_LOOP ( 'NONE', ( #732, #1323 ) ) ;
#2424 = EDGE_CURVE ( 'NONE', #1074, #1742, #2857, .T. ) ;
#2425 = DIRECTION ( 'NONE',  ( 0.000000000000000000, 1.000000000000000000, 0.000000000000000000 ) ) ;
#2426 = VERTEX_POINT ( 'NONE', #1388 ) ;
#2427 = SHAPE_REPRESENTATION ( 'Button_top', ( #799 ), #2819 ) ;
#2428 = PLANE ( 'NONE',  #1638 ) ;
#2429 = ORIENTED_EDGE ( 'NONE', *, *, #2178, .T. ) ;
#2430 = EDGE_CURVE ( 'NONE', #931, #187, #647, .T. ) ;
#2431 = DIRECTION ( 'NONE',  ( 0.000000000000000000, -0.9848077530122081313, -0.1736481776669305255 ) ) ;
#2432 = ORIENTED_EDGE ( 'NONE', *, *, #2807, .T. ) ;
#2433 = AXIS2_PLACEMENT_3D ( 'NONE', #1277, #1049, #2663 ) ;
#2434 = ADVANCED_FACE ( 'NONE', ( #876 ), #1575, .T. ) ;
#2435 = FILL_AREA_STYLE ('',( #2931 ) ) ;
#2436 =( GEOMETRIC_REPRESENTATION_CONTEXT ( 3 ) GLOBAL_UNCERTAINTY_ASSIGNED_CONTEXT ( ( #2384 ) ) GLOBAL_UNIT_ASSIGNED_CONTEXT ( ( #1587, #2065, #2500 ) ) REPRESENTATION_CONTEXT ( 'NONE', 'WORKASPACE' ) );
#2437 =( LENGTH_UNIT ( ) NAMED_UNIT ( * ) SI_UNIT ( .MILLI., .METRE. ) );
#2438 = ADVANCED_FACE ( 'NONE', ( #912 ), #2040, .F. ) ;
#2439 = CARTESIAN_POINT ( 'NONE',  ( 2.299999999999999822, 3.200000000000000178, 2.299999999999999822 ) ) ;
#2440 = ORIENTED_EDGE ( 'NONE', *, *, #2136, .F. ) ;
#2441 = EDGE_CURVE ( 'NONE', #1211, #1681, #1354, .T. ) ;
#2442 = CARTESIAN_POINT ( 'NONE',  ( 2.299999999999999822, 0.000000000000000000, 2.299999999999999822 ) ) ;
#2443 = VERTEX_POINT ( 'NONE', #398 ) ;
#2444 = CARTESIAN_POINT ( 'NONE',  ( -1.800000000000000044, 3.200000000000000178, 1.800000000000000044 ) ) ;
#2445 = VERTEX_POINT ( 'NONE', #674 ) ;
#2446 = DIRECTION ( 'NONE',  ( 0.000000000000000000, 0.000000000000000000, 1.000000000000000000 ) ) ;
#2447 =( NAMED_UNIT ( * ) PLANE_ANGLE_UNIT ( ) SI_UNIT ( $, .RADIAN. ) );
#2448 = ADVANCED_FACE ( 'NONE', ( #1768 ), #2284, .T. ) ;
#2449 = CARTESIAN_POINT ( 'NONE',  ( -1.800000000000000044, 3.399999999999999911, -1.800000000000000044 ) ) ;
#2450 = DIRECTION ( 'NONE',  ( 0.000000000000000000, -0.9848077530122081313, -0.1736481776669305255 ) ) ;
#2451 = ORIENTED_EDGE ( 'NONE', *, *, #1826, .T. ) ;
#2452 = DIRECTION ( 'NONE',  ( 0.000000000000000000, 1.000000000000000000, 0.000000000000000000 ) ) ;
#2453 = VECTOR ( 'NONE', #2225, 1000.000000000000000 ) ;
#2454 = EDGE_LOOP ( 'NONE', ( #2761, #2432, #1059, #69 ) ) ;
#2455 = PLANE ( 'NONE',  #1183 ) ;
#2456 = AXIS2_PLACEMENT_3D ( 'NONE', #1879, #1239, #258 ) ;
#2457 = ORIENTED_EDGE ( 'NONE', *, *, #523, .F. ) ;
#2458 = EDGE_CURVE ( 'NONE', #566, #793, #2745, .T. ) ;
#2459 = DIRECTION ( 'NONE',  ( -1.000000000000000000, 0.000000000000000000, 0.000000000000000000 ) ) ;
#2460 = ADVANCED_FACE ( 'NONE', ( #412 ), #2234, .T. ) ;
#2461 = AXIS2_PLACEMENT_3D ( 'NONE', #1234, #842, #330 ) ;
#2462 = LINE ( 'NONE', #1082, #2638 ) ;
#2463 = VECTOR ( 'NONE', #2420, 1000.000000000000000 ) ;
#2464 = CIRCLE ( 'NONE', #1029, 1.500000000000000000 ) ;
#2465 = AXIS2_PLACEMENT_3D ( 'NONE', #1497, #2630, #2413 ) ;
#2466 = DIRECTION ( 'NONE',  ( 1.000000000000000000, 0.000000000000000000, 0.000000000000000000 ) ) ;
#2467 = ORIENTED_EDGE ( 'NONE', *, *, #1385, .T. ) ;
#2468 = FACE_OUTER_BOUND ( 'NONE', #1561, .T. ) ;
#2469 = EDGE_LOOP ( 'NONE', ( #2662, #2621, #2915, #629 ) ) ;
#2470 = DIRECTION ( 'NONE',  ( 0.000000000000000000, 0.000000000000000000, 1.000000000000000000 ) ) ;
#2471 = EDGE_LOOP ( 'NONE', ( #2496, #2886, #1884, #821 ) ) ;
#2472 = CARTESIAN_POINT ( 'NONE',  ( 1.500000000000000000, 0.5000000000000000000, 1.199999999999999956 ) ) ;
#2473 = ORIENTED_EDGE ( 'NONE', *, *, #1960, .T. ) ;
#2474 = PLANE ( 'NONE',  #720 ) ;
#2475 = DIRECTION ( 'NONE',  ( 0.000000000000000000, 1.000000000000000000, 0.000000000000000000 ) ) ;
#2476 = VERTEX_POINT ( 'NONE', #2116 ) ;
#2477 = ORIENTED_EDGE ( 'NONE', *, *, #2716, .T. ) ;
#2478 = LINE ( 'NONE', #417, #1659 ) ;
#2479 = DIRECTION ( 'NONE',  ( -0.7071067811865474617, 0.000000000000000000, -0.7071067811865474617 ) ) ;
#2480 = EDGE_LOOP ( 'NONE', ( #1148, #1000, #1893, #2827 ) ) ;
#2481 = CARTESIAN_POINT ( 'NONE',  ( -1.500000000000000000, 0.2000000000000000111, 2.200000000000000178 ) ) ;
#2482 = ORIENTED_EDGE ( 'NONE', *, *, #1069, .F. ) ;
#2483 = EDGE_CURVE ( 'NONE', #160, #466, #29, .T. ) ;
#2484 = DIRECTION ( 'NONE',  ( 0.000000000000000000, -1.000000000000000000, 5.551115123125780730E-16 ) ) ;
#2485 = EDGE_CURVE ( 'NONE', #2095, #1920, #1692, .T. ) ;
#2486 = EDGE_LOOP ( 'NONE', ( #7, #697, #2609, #1131, #2467 ) ) ;
#2487 = DIRECTION ( 'NONE',  ( 1.000000000000000000, 0.000000000000000000, 0.000000000000000000 ) ) ;
#2488 = CARTESIAN_POINT ( 'NONE',  ( 0.000000000000000000, 0.000000000000000000, 0.000000000000000000 ) ) ;
#2489 = DIRECTION ( 'NONE',  ( -1.000000000000000000, 0.000000000000000000, 0.000000000000000000 ) ) ;
#2490 = EDGE_LOOP ( 'NONE', ( #1315, #1050, #2823, #416 ) ) ;
#2491 = TOROIDAL_SURFACE ( 'NONE', #2252, 0.3881966011250104764, 0.1499999999999999944 ) ;
#2492 = CARTESIAN_POINT ( 'NONE',  ( 2.299999999999999822, 3.000000000000000000, -2.500000000000000000 ) ) ;
#2493 = EDGE_CURVE ( 'NONE', #1674, #2523, #2572, .T. ) ;
#2494 = VECTOR ( 'NONE', #2099, 1000.000000000000000 ) ;
#2495 = CARTESIAN_POINT ( 'NONE',  ( -0.5000000000000000000, 0.03279363050398039631, -0.7778339049313759412 ) ) ;
#2496 = ORIENTED_EDGE ( 'NONE', *, *, #803, .F. ) ;
#2497 = AXIS2_PLACEMENT_3D ( 'NONE', #2661, #2222, #631 ) ;
#2498 =( NAMED_UNIT ( * ) PLANE_ANGLE_UNIT ( ) SI_UNIT ( $, .RADIAN. ) );
#2499 = ORIENTED_EDGE ( 'NONE', *, *, #507, .F. ) ;
#2500 =( NAMED_UNIT ( * ) SI_UNIT ( $, .STERADIAN. ) SOLID_ANGLE_UNIT ( ) );
#2501 = FACE_OUTER_BOUND ( 'NONE', #221, .T. ) ;
#2502 = VECTOR ( 'NONE', #2361, 1000.000000000000000 ) ;
#2503 = DIRECTION ( 'NONE',  ( 0.000000000000000000, -1.000000000000000000, 0.000000000000000000 ) ) ;
#2504 = DIRECTION ( 'NONE',  ( -0.7071067811865474617, 0.000000000000000000, -0.7071067811865474617 ) ) ;
#2505 = STYLED_ITEM ( 'NONE', ( #2278 ), #236 ) ;
#2506 = ORIENTED_EDGE ( 'NONE', *, *, #2483, .T. ) ;
#2507 = DIRECTION ( 'NONE',  ( 0.000000000000000000, 0.000000000000000000, 1.000000000000000000 ) ) ;
#2508 = AXIS2_PLACEMENT_3D ( 'NONE', #2626, #1607, #117 ) ;
#2509 = DIRECTION ( 'NONE',  ( 0.000000000000000000, -1.000000000000000000, 0.000000000000000000 ) ) ;
#2510 = CIRCLE ( 'NONE', #1605, 0.5000000000000000000 ) ;
#2511 = ORIENTED_EDGE ( 'NONE', *, *, #273, .T. ) ;
#2512 = EDGE_CURVE ( 'NONE', #806, #213, #952, .T. ) ;
#2513 = CARTESIAN_POINT ( 'NONE',  ( -2.500000000000000000, 0.5000000000000000000, -2.200000000000000178 ) ) ;
#2514 = SURFACE_SIDE_STYLE ('',( #2021 ) ) ;
#2515 = ORIENTED_EDGE ( 'NONE', *, *, #575, .F. ) ;
#2516 = DIRECTION ( 'NONE',  ( 0.000000000000000000, 0.000000000000000000, 1.000000000000000000 ) ) ;
#2517 = DIRECTION ( 'NONE',  ( 1.000000000000000000, 0.000000000000000000, 0.000000000000000000 ) ) ;
#2518 = AXIS2_PLACEMENT_3D ( 'NONE', #1641, #528, #92 ) ;
#2519 = CYLINDRICAL_SURFACE ( 'NONE', #1555, 0.2000000000000002887 ) ;
#2520 = EDGE_CURVE ( 'NONE', #2445, #1547, #1465, .T. ) ;
#2521 = DIRECTION ( 'NONE',  ( -1.000000000000000000, 0.000000000000000000, 0.000000000000000000 ) ) ;
#2522 = VECTOR ( 'NONE', #2459, 1000.000000000000000 ) ;
#2523 = VERTEX_POINT ( 'NONE', #2775 ) ;
#2524 = LINE ( 'NONE', #2302, #2218 ) ;
#2526 = EDGE_CURVE ( 'NONE', #2223, #2226, #2810, .T. ) ;
#2525 = EDGE_CURVE ( 'NONE', #1953, #2445, #2335, .T. ) ;
#2527 = DIRECTION ( 'NONE',  ( 0.7071067811865474617, 0.000000000000000000, -0.7071067811865474617 ) ) ;
#2528 = DIRECTION ( 'NONE',  ( 0.000000000000000000, -1.000000000000000000, -1.850371707708595154E-15 ) ) ;
#2529 = ORIENTED_EDGE ( 'NONE', *, *, #926, .F. ) ;
#2530 = FACE_OUTER_BOUND ( 'NONE', #1070, .T. ) ;
#2531 = ORIENTED_EDGE ( 'NONE', *, *, #702, .T. ) ;
#2532 = APPLICATION_PROTOCOL_DEFINITION ( 'draft international standard', 'automotive_design', 1998, #2788 ) ;
#2533 = EDGE_CURVE ( 'NONE', #793, #45, #1366, .T. ) ;
#2534 = CARTESIAN_POINT ( 'NONE',  ( -0.5000000000000000000, 1.695131796415749958, -1.739929917347570187 ) ) ;
#2535 = CARTESIAN_POINT ( 'NONE',  ( -2.441421356237309492, 3.000000000000000000, -2.441421356237309492 ) ) ;
#2536 = CARTESIAN_POINT ( 'NONE',  ( 2.299999999999999822, 3.000000000000000000, -2.299999999999999822 ) ) ;
#2537 =( NAMED_UNIT ( * ) PLANE_ANGLE_UNIT ( ) SI_UNIT ( $, .RADIAN. ) );
#2538 = CARTESIAN_POINT ( 'NONE',  ( 2.299999999999999822, 3.000000000000000000, 2.299999999999999822 ) ) ;
#2539 = SURFACE_STYLE_USAGE ( .BOTH. , #498 ) ;
#2540 = ORIENTED_EDGE ( 'NONE', *, *, #2616, .F. ) ;
#2541 = CARTESIAN_POINT ( 'NONE',  ( 2.500000000000000000, 0.5000000000000000000, -2.200000000000000178 ) ) ;
#2542 = VECTOR ( 'NONE', #2450, 999.9999999999998863 ) ;
#2543 = LINE ( 'NONE', #548, #340 ) ;
#2544 = PRODUCT_DEFINITION ( 'UNKNOWN', '', #1614, #542 ) ;
#2545 = ORIENTED_EDGE ( 'NONE', *, *, #1306, .F. ) ;
#2546 = DIRECTION ( 'NONE',  ( -1.000000000000000000, 0.000000000000000000, 0.000000000000000000 ) ) ;
#2547 = VECTOR ( 'NONE', #635, 1000.000000000000114 ) ;
#2548 = CARTESIAN_POINT ( 'NONE',  ( -1.446446609406726092, 3.200000000000000178, 2.153553390593275108 ) ) ;
#2549 = STYLED_ITEM ( 'NONE', ( #126 ), #881 ) ;
#2550 = DIRECTION ( 'NONE',  ( 1.000000000000000000, 0.000000000000000000, 0.000000000000000000 ) ) ;
#2551 = FACE_OUTER_BOUND ( 'NONE', #2574, .T. ) ;
#2552 = EDGE_CURVE ( 'NONE', #1331, #1742, #1446, .T. ) ;
#2553 = DIRECTION ( 'NONE',  ( 0.000000000000000000, 0.000000000000000000, 1.000000000000000000 ) ) ;
#2554 = CARTESIAN_POINT ( 'NONE',  ( 2.299999999999999822, 3.000000000000000000, 2.299999999999999822 ) ) ;
#2555 = CARTESIAN_POINT ( 'NONE',  ( -2.500000000000000000, 0.5000000000000000000, 1.199999999999999956 ) ) ;
#2556 = ORIENTED_EDGE ( 'NONE', *, *, #1485, .F. ) ;
#2557 = SURFACE_STYLE_FILL_AREA ( #2851 ) ;
#2558 = PLANE ( 'NONE',  #2918 ) ;
#2559 = VECTOR ( 'NONE', #2152, 999.9999999999998863 ) ;
#2560 = CIRCLE ( 'NONE', #2610, 1.600000000000000089 ) ;
#2561 = DIRECTION ( 'NONE',  ( 1.000000000000000000, 0.000000000000000000, 0.000000000000000000 ) ) ;
#2562 = DIRECTION ( 'NONE',  ( 0.000000000000000000, 1.000000000000000000, 0.000000000000000000 ) ) ;
#2563 = VERTEX_POINT ( 'NONE', #43 ) ;
#2564 = AXIS2_PLACEMENT_3D ( 'NONE', #826, #1971, #811 ) ;
#2565 = AXIS2_PLACEMENT_3D ( 'NONE', #1634, #1402, #2553 ) ;
#2566 = LINE ( 'NONE', #994, #885 ) ;
#2567 = VERTEX_POINT ( 'NONE', #754 ) ;
#2568 = UNCERTAINTY_MEASURE_WITH_UNIT (LENGTH_MEASURE( 1.000000000000000082E-05 ), #2126, 'distance_accuracy_value', 'NONE');
#2569 = CARTESIAN_POINT ( 'NONE',  ( 2.441421356237309492, 3.000000000000000000, 2.441421356237309492 ) ) ;
#2570 = DIRECTION ( 'NONE',  ( 0.000000000000000000, -1.000000000000000000, 0.000000000000000000 ) ) ;
#2571 = DIRECTION ( 'NONE',  ( 1.000000000000000000, 0.000000000000000000, 0.000000000000000000 ) ) ;
#2572 = LINE ( 'NONE', #2600, #982 ) ;
#2573 = CIRCLE ( 'NONE', #1282, 0.2000000000000002887 ) ;
#2574 = EDGE_LOOP ( 'NONE', ( #432, #136, #771, #1728 ) ) ;
#2575 = LINE ( 'NONE', #510, #391 ) ;
#2576 = CARTESIAN_POINT ( 'NONE',  ( 2.299999999999999822, 0.000000000000000000, -2.299999999999999822 ) ) ;
#2577 = DIRECTION ( 'NONE',  ( -0.7071067811865474617, 0.000000000000000000, 0.7071067811865474617 ) ) ;
#2578 = PRESENTATION_LAYER_ASSIGNMENT (  '', '', ( #2667 ) ) ;
#2579 =( NAMED_UNIT ( * ) SI_UNIT ( $, .STERADIAN. ) SOLID_ANGLE_UNIT ( ) );
#2580 = ORIENTED_EDGE ( 'NONE', *, *, #1531, .F. ) ;
#2581 = EDGE_LOOP ( 'NONE', ( #2016, #1770, #1250, #1804 ) ) ;
#2582 = DIRECTION ( 'NONE',  ( -1.000000000000000000, 0.000000000000000000, 0.000000000000000000 ) ) ;
#2583 = CARTESIAN_POINT ( 'NONE',  ( -2.500000000000000000, 0.000000000000000000, 2.500000000000000000 ) ) ;
#2584 = EDGE_CURVE ( 'NONE', #1808, #1547, #963, .T. ) ;
#2585 = CARTESIAN_POINT ( 'NONE',  ( -2.500000000000000000, 0.5000000000000000000, -1.199999999999999956 ) ) ;
#2586 = PLANE ( 'NONE',  #1629 ) ;
#2587 = DIRECTION ( 'NONE',  ( 0.000000000000000000, 1.000000000000000000, 0.000000000000000000 ) ) ;
#2588 = CARTESIAN_POINT ( 'NONE',  ( 1.800000000000000044, 3.200000000000000178, -1.300000000000000044 ) ) ;
#2589 = ORIENTED_EDGE ( 'NONE', *, *, #109, .F. ) ;
#2590 = EDGE_CURVE ( 'NONE', #99, #406, #740, .T. ) ;
#2591 = DIRECTION ( 'NONE',  ( -1.000000000000000000, 0.000000000000000000, 0.000000000000000000 ) ) ;
#2592 = ORIENTED_EDGE ( 'NONE', *, *, #1214, .T. ) ;
#2593 =( NAMED_UNIT ( * ) SI_UNIT ( $, .STERADIAN. ) SOLID_ANGLE_UNIT ( ) );
#2594 = PRESENTATION_LAYER_ASSIGNMENT (  '', '', ( #142 ) ) ;
#2595 = UNCERTAINTY_MEASURE_WITH_UNIT (LENGTH_MEASURE( 1.000000000000000082E-05 ), #666, 'distance_accuracy_value', 'NONE');
#2596 = PRESENTATION_LAYER_ASSIGNMENT (  '', '', ( #2205 ) ) ;
#2597 = LINE ( 'NONE', #485, #627 ) ;
#2598 = DIRECTION ( 'NONE',  ( -0.7071067811865474617, 0.000000000000000000, -0.7071067811865474617 ) ) ;
#2599 = AXIS2_PLACEMENT_3D ( 'NONE', #473, #2731, #16 ) ;
#2600 = CARTESIAN_POINT ( 'NONE',  ( -0.5000000000000000000, 3.850000000000000089, 0.000000000000000000 ) ) ;
#2601 = SURFACE_STYLE_USAGE ( .BOTH. , #556 ) ;
#2602 = DIRECTION ( 'NONE',  ( 1.000000000000000000, 0.000000000000000000, 0.000000000000000000 ) ) ;
#2603 = FACE_OUTER_BOUND ( 'NONE', #184, .T. ) ;
#2604 = DIRECTION ( 'NONE',  ( -1.000000000000000000, 0.000000000000000000, 0.000000000000000000 ) ) ;
#2605 = ORIENTED_EDGE ( 'NONE', *, *, #519, .T. ) ;
#2606 = MECHANICAL_DESIGN_GEOMETRIC_PRESENTATION_REPRESENTATION (  '', ( #830 ), #2322 ) ;
#2607 = SURFACE_SIDE_STYLE ('',( #2341 ) ) ;
#2608 = COLOUR_RGB ( '',1.000000000000000000, 0.9921568627450980671, 0.9647058823529411908 ) ;
#2609 = ORIENTED_EDGE ( 'NONE', *, *, #610, .T. ) ;
#2610 = AXIS2_PLACEMENT_3D ( 'NONE', #2212, #153, #622 ) ;
#2611 = AXIS2_PLACEMENT_3D ( 'NONE', #124, #598, #567 ) ;
#2612 = DIRECTION ( 'NONE',  ( 0.000000000000000000, -1.000000000000000000, 1.387778780781445922E-16 ) ) ;
#2613 = LINE ( 'NONE', #316, #788 ) ;
#2614 = ORIENTED_EDGE ( 'NONE', *, *, #1797, .F. ) ;
#2615 = CARTESIAN_POINT ( 'NONE',  ( 0.2500000000000000000, 0.06558726100796108405, -0.7103833467545269675 ) ) ;
#2616 = EDGE_CURVE ( 'NONE', #584, #190, #278, .T. ) ;
#2617 = ORIENTED_EDGE ( 'NONE', *, *, #711, .F. ) ;
#2618 = UNCERTAINTY_MEASURE_WITH_UNIT (LENGTH_MEASURE( 1.000000000000000082E-05 ), #2809, 'distance_accuracy_value', 'NONE');
#2619 = FACE_OUTER_BOUND ( 'NONE', #1525, .T. ) ;
#2620 = DIRECTION ( 'NONE',  ( 0.000000000000000000, -0.8993407756913098794, 0.4372484067197419111 ) ) ;
#2621 = ORIENTED_EDGE ( 'NONE', *, *, #2969, .F. ) ;
#2623 = EDGE_CURVE ( 'NONE', #1792, #39, #1409, .T. ) ;
#2622 = ADVANCED_FACE ( 'NONE', ( #2070 ), #1892, .F. ) ;
#2624 = VECTOR ( 'NONE', #1021, 1000.000000000000000 ) ;
#2625 = ORIENTED_EDGE ( 'NONE', *, *, #2230, .F. ) ;
#2626 = CARTESIAN_POINT ( 'NONE',  ( -0.5000000000000000000, 4.100759612349389904, -1.084547353559937921 ) ) ;
#2627 = ADVANCED_FACE ( 'NONE', ( #2680 ), #318, .F. ) ;
#2628 = DIRECTION ( 'NONE',  ( 0.000000000000000000, 1.000000000000000000, 0.000000000000000000 ) ) ;
#2629 = VERTEX_POINT ( 'NONE', #2920 ) ;
#2630 = DIRECTION ( 'NONE',  ( 0.000000000000000000, 0.000000000000000000, -1.000000000000000000 ) ) ;
#2631 = FACE_OUTER_BOUND ( 'NONE', #2480, .T. ) ;
#2632 = ORIENTED_EDGE ( 'NONE', *, *, #645, .F. ) ;
#2633 = FILL_AREA_STYLE ('',( #1968 ) ) ;
#2634 = ORIENTED_EDGE ( 'NONE', *, *, #1246, .T. ) ;
#2635 = EDGE_CURVE ( 'NONE', #2476, #1015, #1309, .T. ) ;
#2636 = DIRECTION ( 'NONE',  ( -0.7071067811865474617, 0.000000000000000000, 0.7071067811865474617 ) ) ;
#2637 = SURFACE_SIDE_STYLE ('',( #1544 ) ) ;
#2638 = VECTOR ( 'NONE', #1950, 1000.000000000000000 ) ;
#2639 = VERTEX_POINT ( 'NONE', #2004 ) ;
#2640 = LINE ( 'NONE', #1024, #1822 ) ;
#2641 = EDGE_CURVE ( 'NONE', #605, #1448, #787, .T. ) ;
#2642 = PRESENTATION_LAYER_ASSIGNMENT (  '', '', ( #1453 ) ) ;
#2643 = VERTEX_POINT ( 'NONE', #2243 ) ;
#2644 = VECTOR ( 'NONE', #2249, 1000.000000000000000 ) ;
#2645 = CARTESIAN_POINT ( 'NONE',  ( 2.441421356237309492, 0.000000000000000000, -2.441421356237309492 ) ) ;
#2646 = LINE ( 'NONE', #1980, #2689 ) ;
#2647 = EDGE_LOOP ( 'NONE', ( #2287, #2294, #661, #1949 ) ) ;
#2648 = CARTESIAN_POINT ( 'NONE',  ( 0.000000000000000000, 4.200000000000000178, 0.000000000000000000 ) ) ;
#2649 =( LENGTH_UNIT ( ) NAMED_UNIT ( * ) SI_UNIT ( .MILLI., .METRE. ) );
#2650 = ORIENTED_EDGE ( 'NONE', *, *, #2430, .T. ) ;
#2651 = VECTOR ( 'NONE', #508, 1000.000000000000000 ) ;
#2652 = EDGE_CURVE ( 'NONE', #652, #1230, #186, .T. ) ;
#2653 = CARTESIAN_POINT ( 'NONE',  ( -1.500000000000000000, 0.2000000000000000111, 2.200000000000000178 ) ) ;
#2654 = FACE_OUTER_BOUND ( 'NONE', #560, .T. ) ;
#2655 = COLOUR_RGB ( '',1.000000000000000000, 0.9921568627450980671, 0.9647058823529411908 ) ;
#2656 = CARTESIAN_POINT ( 'NONE',  ( 2.500000000000000000, 3.000000000000000000, -2.299999999999999822 ) ) ;
#2657 = COLOUR_RGB ( '',1.000000000000000000, 0.9921568627450980671, 0.9647058823529411908 ) ;
#2658 = DIRECTION ( 'NONE',  ( 0.000000000000000000, 0.000000000000000000, -1.000000000000000000 ) ) ;
#2659 = ORIENTED_EDGE ( 'NONE', *, *, #413, .F. ) ;
#2660 = CARTESIAN_POINT ( 'NONE',  ( 2.500000000000000000, 0.5000000000000000000, 1.199999999999999956 ) ) ;
#2661 = CARTESIAN_POINT ( 'NONE',  ( 0.000000000000000000, 3.200000000000000178, 0.000000000000000000 ) ) ;
#2662 = ORIENTED_EDGE ( 'NONE', *, *, #1648, .F. ) ;
#2663 = DIRECTION ( 'NONE',  ( 0.7071067811865474617, 0.000000000000000000, 0.7071067811865474617 ) ) ;
#2664 = EDGE_LOOP ( 'NONE', ( #1410, #1951, #245, #2075 ) ) ;
#2665 = AXIS2_PLACEMENT_3D ( 'NONE', #2046, #2975, #915 ) ;
#2666 = DIRECTION ( 'NONE',  ( 1.000000000000000000, 0.000000000000000000, 0.000000000000000000 ) ) ;
#2667 = STYLED_ITEM ( 'NONE', ( #1812 ), #2053 ) ;
#2668 = LINE ( 'NONE', #1959, #2701 ) ;
#2669 = EDGE_CURVE ( 'NONE', #965, #1961, #2213, .T. ) ;
#2670 = CARTESIAN_POINT ( 'NONE',  ( -0.5000000000000000000, 2.065366201866404960, -1.514150593580039894 ) ) ;
#2671 = ORIENTED_EDGE ( 'NONE', *, *, #602, .T. ) ;
#2672 = ADVANCED_FACE ( 'NONE', ( #154 ), #2091, .T. ) ;
#2673 = CARTESIAN_POINT ( 'NONE',  ( -1.800000000000000044, 3.399999999999999911, 1.800000000000000044 ) ) ;
#2674 = SURFACE_STYLE_FILL_AREA ( #1785 ) ;
#2675 = EDGE_LOOP ( 'NONE', ( #1760, #1940, #1712, #2545 ) ) ;
#2676 = CARTESIAN_POINT ( 'NONE',  ( 0.5000000000000000000, 1.942457254992744797, -1.210486308122874055 ) ) ;
#2677 = EDGE_LOOP ( 'NONE', ( #18, #2671, #201, #1852, #1583 ) ) ;
#2678 = EDGE_CURVE ( 'NONE', #713, #2061, #348, .T. ) ;
#2679 = LINE ( 'NONE', #374, #1786 ) ;
#2680 = FACE_OUTER_BOUND ( 'NONE', #279, .T. ) ;
#2681 = LINE ( 'NONE', #625, #2522 ) ;
#2682 = SURFACE_STYLE_USAGE ( .BOTH. , #192 ) ;
#2683 = DIRECTION ( 'NONE',  ( 0.000000000000000000, 0.000000000000000000, 1.000000000000000000 ) ) ;
#2684 = DIRECTION ( 'NONE',  ( 0.000000000000000000, 0.000000000000000000, 1.000000000000000000 ) ) ;
#2685 = TOROIDAL_SURFACE ( 'NONE', #924, 0.3881966011250104764, 0.1499999999999999944 ) ;
#2686 = ORIENTED_EDGE ( 'NONE', *, *, #169, .F. ) ;
#2687 = ORIENTED_EDGE ( 'NONE', *, *, #1470, .F. ) ;
#2688 = SURFACE_SIDE_STYLE ('',( #1529 ) ) ;
#2689 = VECTOR ( 'NONE', #1299, 1000.000000000000000 ) ;
#2690 = DIRECTION ( 'NONE',  ( 0.000000000000000000, 1.000000000000000000, 0.000000000000000000 ) ) ;
#2691 = APPLICATION_CONTEXT ( 'automotive_design' ) ;
#2692 = ORIENTED_EDGE ( 'NONE', *, *, #512, .T. ) ;
#2693 = PRODUCT_DEFINITION_SHAPE ( 'NONE', 'NONE',  #2544 ) ;
#2694 = CARTESIAN_POINT ( 'NONE',  ( 1.775737858763662163E-16, 4.200000000000000178, -1.399999999999999911 ) ) ;
#2695 = FILL_AREA_STYLE_COLOUR ( '', #52 ) ;
#2696 = VERTEX_POINT ( 'NONE', #2140 ) ;
#2697 = VECTOR ( 'NONE', #984, 1000.000000000000000 ) ;
#2698 = ADVANCED_FACE ( 'NONE', ( #1237 ), #2320, .T. ) ;
#2699 = STYLED_ITEM ( 'NONE', ( #1228 ), #355 ) ;
#2700 = CARTESIAN_POINT ( 'NONE',  ( -2.500000000000000000, 3.200000000000000178, 2.299999999999999822 ) ) ;
#2701 = VECTOR ( 'NONE', #1263, 1000.000000000000000 ) ;
#2702 = SURFACE_STYLE_FILL_AREA ( #225 ) ;
#2703 = COLOUR_RGB ( '',1.000000000000000000, 0.9921568627450980671, 0.9647058823529411908 ) ;
#2704 = CYLINDRICAL_SURFACE ( 'NONE', #436, 0.2000000000000002887 ) ;
#2705 = DIRECTION ( 'NONE',  ( 1.000000000000000000, 0.000000000000000000, 0.000000000000000000 ) ) ;
#2706 = ORIENTED_EDGE ( 'NONE', *, *, #2533, .T. ) ;
#2707 = DIRECTION ( 'NONE',  ( 1.000000000000000000, 0.000000000000000000, 0.000000000000000000 ) ) ;
#2709 = ADVANCED_FACE ( 'NONE', ( #1640 ), #495, .F. ) ;
#2708 = ADVANCED_FACE ( 'NONE', ( #774 ), #1177, .F. ) ;
#2710 = ORIENTED_EDGE ( 'NONE', *, *, #1691, .T. ) ;
#2711 = CARTESIAN_POINT ( 'NONE',  ( 0.000000000000000000, 3.000000000000000000, 0.000000000000000000 ) ) ;
#2712 = EDGE_LOOP ( 'NONE', ( #834, #613, #114, #248 ) ) ;
#2713 = SHAPE_REPRESENTATION_RELATIONSHIP ( 'NONE' , 'NONE' ,  #2427, #2053 ) ;
#2714 = DIRECTION ( 'NONE',  ( 0.000000000000000000, 1.000000000000000000, 0.000000000000000000 ) ) ;
#2715 = AXIS2_PLACEMENT_3D ( 'NONE', #2449, #2922, #1281 ) ;
#2716 = EDGE_CURVE ( 'NONE', #190, #728, #2575, .T. ) ;
#2717 =( LENGTH_UNIT ( ) NAMED_UNIT ( * ) SI_UNIT ( .MILLI., .METRE. ) );
#2718 = CARTESIAN_POINT ( 'NONE',  ( -2.299999999999999822, 0.000000000000000000, 2.500000000000000000 ) ) ;
#2719 = PRODUCT ( 'Button_leg', 'Button_leg', '', ( #1212 ) ) ;
#2720 = LINE ( 'NONE', #2268, #56 ) ;
#2721 = VERTEX_POINT ( 'NONE', #2350 ) ;
#2722 = DIRECTION ( 'NONE',  ( 0.000000000000000000, 0.000000000000000000, 1.000000000000000000 ) ) ;
#2723 = DIRECTION ( 'NONE',  ( 0.000000000000000000, 1.000000000000000000, 0.000000000000000000 ) ) ;
#2724 = DIRECTION ( 'NONE',  ( 1.000000000000000000, 0.000000000000000000, 0.000000000000000000 ) ) ;
#2725 = ORIENTED_EDGE ( 'NONE', *, *, #1284, .F. ) ;
#2726 = SHAPE_REPRESENTATION ( 'Push_Button', ( #171, #79, #1483, #2758, #1755, #408 ), #855 ) ;
#2727 = EDGE_LOOP ( 'NONE', ( #214, #1017, #1599, #1840 ) ) ;
#2728 = DIRECTION ( 'NONE',  ( 0.000000000000000000, -1.000000000000000000, 0.000000000000000000 ) ) ;
#2729 = EDGE_CURVE ( 'NONE', #1077, #618, #2524, .T. ) ;
#2730 = CARTESIAN_POINT ( 'NONE',  ( -2.500000000000000000, 0.5000000000000000000, -2.200000000000000178 ) ) ;
#2731 = DIRECTION ( 'NONE',  ( 0.000000000000000000, 1.000000000000000000, 0.000000000000000000 ) ) ;
#2732 = VERTEX_POINT ( 'NONE', #941 ) ;
#2733 = PLANE ( 'NONE',  #1378 ) ;
#2734 = AXIS2_PLACEMENT_3D ( 'NONE', #623, #339, #119 ) ;
#2735 = FACE_BOUND ( 'NONE', #1023, .T. ) ;
#2736 = VERTEX_POINT ( 'NONE', #2251 ) ;
#2737 = AXIS2_PLACEMENT_3D ( 'NONE', #902, #2978, #284 ) ;
#2738 = LINE ( 'NONE', #454, #2419 ) ;
#2739 = VERTEX_POINT ( 'NONE', #2762 ) ;
#2740 = ADVANCED_FACE ( 'NONE', ( #2468 ), #705, .F. ) ;
#2741 = PRODUCT_DEFINITION_SHAPE ( 'NONE', 'NONE',  #1704 ) ;
#2742 = DIRECTION ( 'NONE',  ( 0.000000000000000000, 1.000000000000000000, 0.000000000000000000 ) ) ;
#2743 = ADVANCED_FACE ( 'NONE', ( #1329 ), #2175, .T. ) ;
#2744 = CARTESIAN_POINT ( 'NONE',  ( -2.500000000000000000, 3.200000000000000178, -2.299999999999999822 ) ) ;
#2745 = LINE ( 'NONE', #1548, #585 ) ;
#2746 = DIRECTION ( 'NONE',  ( 0.000000000000000000, 0.000000000000000000, -1.000000000000000000 ) ) ;
#2747 = VECTOR ( 'NONE', #712, 1000.000000000000000 ) ;
#2748 = VECTOR ( 'NONE', #1941, 1000.000000000000000 ) ;
#2749 = DIRECTION ( 'NONE',  ( 1.000000000000000000, 0.000000000000000000, 0.000000000000000000 ) ) ;
#2750 = CARTESIAN_POINT ( 'NONE',  ( 2.299999999999999822, 3.200000000000000178, -2.299999999999999822 ) ) ;
#2751 = VECTOR ( 'NONE', #428, 1000.000000000000000 ) ;
#2752 = ORIENTED_EDGE ( 'NONE', *, *, #2525, .T. ) ;
#2753 = DIRECTION ( 'NONE',  ( 0.000000000000000000, -0.8993407756913099904, 0.4372484067197419666 ) ) ;
#2754 = VERTEX_POINT ( 'NONE', #180 ) ;
#2755 = PLANE ( 'NONE',  #626 ) ;
#2756 = PRESENTATION_STYLE_ASSIGNMENT (( #2069 ) ) ;
#2757 =( LENGTH_UNIT ( ) NAMED_UNIT ( * ) SI_UNIT ( .MILLI., .METRE. ) );
#2758 = AXIS2_PLACEMENT_3D ( 'NONE', #517, #1398, #767 ) ;
#2759 = EDGE_CURVE ( 'NONE', #2754, #2002, #2229, .T. ) ;
#2760 = DIRECTION ( 'NONE',  ( 1.000000000000000000, 0.000000000000000000, 0.000000000000000000 ) ) ;
#2761 = ORIENTED_EDGE ( 'NONE', *, *, #1869, .T. ) ;
#2762 = CARTESIAN_POINT ( 'NONE',  ( 0.5000000000000000000, 4.150000000000000355, -1.025864944676591950 ) ) ;
#2763 = DIRECTION ( 'NONE',  ( 0.000000000000000000, -1.000000000000000000, 0.000000000000000000 ) ) ;
#2764 = EDGE_CURVE ( 'NONE', #756, #796, #859, .T. ) ;
#2765 = CARTESIAN_POINT ( 'NONE',  ( 2.299999999999999822, 0.000000000000000000, -2.500000000000000000 ) ) ;
#2766 = ORIENTED_EDGE ( 'NONE', *, *, #2729, .F. ) ;
#2767 = DIRECTION ( 'NONE',  ( -0.7071067811865474617, 0.000000000000000000, -0.7071067811865474617 ) ) ;
#2768 = ADVANCED_FACE ( 'NONE', ( #933 ), #1842, .T. ) ;
#2769 = CARTESIAN_POINT ( 'NONE',  ( 0.000000000000000000, 3.000000000000000000, 0.000000000000000000 ) ) ;
#2770 = VERTEX_POINT ( 'NONE', #91 ) ;
#2771 = CONTEXT_DEPENDENT_SHAPE_REPRESENTATION ( #578, #2262 ) ;
#2772 = LINE ( 'NONE', #292, #288 ) ;
#2773 =( NAMED_UNIT ( * ) SI_UNIT ( $, .STERADIAN. ) SOLID_ANGLE_UNIT ( ) );
#2774 = ORIENTED_EDGE ( 'NONE', *, *, #750, .F. ) ;
#2775 = CARTESIAN_POINT ( 'NONE',  ( 0.5000000000000000000, 3.850000000000000089, 0.000000000000000000 ) ) ;
#2776 = FACE_OUTER_BOUND ( 'NONE', #2416, .T. ) ;
#2777 = DIRECTION ( 'NONE',  ( 0.000000000000000000, -1.850371707708595154E-15, 1.000000000000000000 ) ) ;
#2778 = SURFACE_STYLE_USAGE ( .BOTH. , #1180 ) ;
#2779 = CARTESIAN_POINT ( 'NONE',  ( 1.500000000000000000, 4.100000000000000533, 0.000000000000000000 ) ) ;
#2780 = AXIS2_PLACEMENT_3D ( 'NONE', #2555, #2794, #1682 ) ;
#2781 = ORIENTED_EDGE ( 'NONE', *, *, #268, .T. ) ;
#2782 = PLANE ( 'NONE',  #1479 ) ;
#2783 = VECTOR ( 'NONE', #2808, 1000.000000000000000 ) ;
#2784 = EDGE_LOOP ( 'NONE', ( #1552, #2511, #621, #1439 ) ) ;
#2785 = DIRECTION ( 'NONE',  ( 0.000000000000000000, 0.000000000000000000, 1.000000000000000000 ) ) ;
#2786 = VECTOR ( 'NONE', #2604, 1000.000000000000000 ) ;
#2787 = AXIS2_PLACEMENT_3D ( 'NONE', #1358, #1803, #1341 ) ;
#2788 = APPLICATION_CONTEXT ( 'automotive_design' ) ;
#2789 = DIRECTION ( 'NONE',  ( -0.7071067811865474617, 0.000000000000000000, 0.7071067811865474617 ) ) ;
#2790 = CARTESIAN_POINT ( 'NONE',  ( 1.500000000000000000, 0.2000000000000000111, -2.200000000000000178 ) ) ;
#2791 = EDGE_CURVE ( 'NONE', #643, #2426, #888, .T. ) ;
#2792 = CARTESIAN_POINT ( 'NONE',  ( -1.800000000000000044, 3.399999999999999911, -1.800000000000000044 ) ) ;
#2793 = CARTESIAN_POINT ( 'NONE',  ( 2.500000000000000000, 0.5000000000000000000, 1.850000000000000089 ) ) ;
#2794 = DIRECTION ( 'NONE',  ( 0.000000000000000000, 1.000000000000000000, 0.000000000000000000 ) ) ;
#2795 = ORIENTED_EDGE ( 'NONE', *, *, #1708, .F. ) ;
#2796 = DIRECTION ( 'NONE',  ( -0.7071067811865474617, 0.000000000000000000, -0.7071067811865474617 ) ) ;
#2797 = LINE ( 'NONE', #1896, #2209 ) ;
#2798 = MECHANICAL_DESIGN_GEOMETRIC_PRESENTATION_REPRESENTATION (  '', ( #2077 ), #687 ) ;
#2799 = LINE ( 'NONE', #2835, #2786 ) ;
#2800 = ORIENTED_EDGE ( 'NONE', *, *, #1235, .T. ) ;
#2801 = STYLED_ITEM ( 'NONE', ( #505 ), #2815 ) ;
#2802 = FACE_OUTER_BOUND ( 'NONE', #275, .T. ) ;
#2803 = VECTOR ( 'NONE', #2913, 1000.000000000000114 ) ;
#2804 = EDGE_CURVE ( 'NONE', #930, #122, #2825, .T. ) ;
#2805 = ORIENTED_EDGE ( 'NONE', *, *, #2945, .T. ) ;
#2806 = APPLICATION_PROTOCOL_DEFINITION ( 'draft international standard', 'automotive_design', 1998, #682 ) ;
#2807 = EDGE_CURVE ( 'NONE', #2639, #97, #521, .T. ) ;
#2808 = DIRECTION ( 'NONE',  ( 0.000000000000000000, 1.387778780781445922E-16, 1.000000000000000000 ) ) ;
#2809 =( LENGTH_UNIT ( ) NAMED_UNIT ( * ) SI_UNIT ( .MILLI., .METRE. ) );
#2811 = VECTOR ( 'NONE', #1291, 1000.000000000000000 ) ;
#2810 = LINE ( 'NONE', #2793, #487 ) ;
#2812 = ORIENTED_EDGE ( 'NONE', *, *, #1084, .F. ) ;
#2813 = FACE_OUTER_BOUND ( 'NONE', #139, .T. ) ;
#2814 = ADVANCED_FACE ( 'NONE', ( #961 ), #1665, .T. ) ;
#2815 = MANIFOLD_SOLID_BREP ( 'Button_leg.ipt<1>', #2421 ) ;
#2816 = VECTOR ( 'NONE', #2254, 1000.000000000000000 ) ;
#2817 = FACE_OUTER_BOUND ( 'NONE', #2677, .T. ) ;
#2818 = DIRECTION ( 'NONE',  ( 0.000000000000000000, 1.000000000000000000, 0.000000000000000000 ) ) ;
#2819 =( GEOMETRIC_REPRESENTATION_CONTEXT ( 3 ) GLOBAL_UNCERTAINTY_ASSIGNED_CONTEXT ( ( #303 ) ) GLOBAL_UNIT_ASSIGNED_CONTEXT ( ( #459, #2006, #1370 ) ) REPRESENTATION_CONTEXT ( 'NONE', 'WORKASPACE' ) );
#2820 = CARTESIAN_POINT ( 'NONE',  ( -2.299999999999999822, 3.200000000000000178, 2.299999999999999822 ) ) ;
#2821 = ORIENTED_EDGE ( 'NONE', *, *, #680, .F. ) ;
#2822 = CARTESIAN_POINT ( 'NONE',  ( 2.299999999999999822, 3.000000000000000000, 2.299999999999999822 ) ) ;
#2823 = ORIENTED_EDGE ( 'NONE', *, *, #736, .T. ) ;
#2824 = PLANE ( 'NONE',  #1202 ) ;
#2825 = LINE ( 'NONE', #88, #2030 ) ;
#2826 = DIRECTION ( 'NONE',  ( 0.000000000000000000, -1.387778780781445922E-16, -1.000000000000000000 ) ) ;
#2827 = ORIENTED_EDGE ( 'NONE', *, *, #1337, .T. ) ;
#2828 = DIRECTION ( 'NONE',  ( 0.000000000000000000, -1.000000000000000000, 0.000000000000000000 ) ) ;
#2829 = MANIFOLD_SOLID_BREP ( 'Button_\X2\00fc\X0\st.ipt<1>[3]', #1745 ) ;
#2830 = DIRECTION ( 'NONE',  ( 0.000000000000000000, -1.000000000000000000, 0.000000000000000000 ) ) ;
#2831 = DIRECTION ( 'NONE',  ( 0.7071067811865474617, 0.000000000000000000, -0.7071067811865474617 ) ) ;
#2832 = EDGE_CURVE ( 'NONE', #2696, #1467, #2613, .T. ) ;
#2833 = UNCERTAINTY_MEASURE_WITH_UNIT (LENGTH_MEASURE( 1.000000000000000082E-05 ), #1415, 'distance_accuracy_value', 'NONE');
#2834 = DIRECTION ( 'NONE',  ( 0.000000000000000000, -1.000000000000000000, 0.000000000000000000 ) ) ;
#2835 = CARTESIAN_POINT ( 'NONE',  ( 2.500000000000000000, 0.000000000000000000, -2.500000000000000000 ) ) ;
#2836 = ORIENTED_EDGE ( 'NONE', *, *, #1081, .F. ) ;
#2837 = DIRECTION ( 'NONE',  ( 1.000000000000000000, 0.000000000000000000, 0.000000000000000000 ) ) ;
#2838 = EDGE_CURVE ( 'NONE', #1364, #2033, #1233, .T. ) ;
#2839 = ORIENTED_EDGE ( 'NONE', *, *, #2197, .T. ) ;
#2840 = PRODUCT_CONTEXT ( 'NONE', #2788, 'mechanical' ) ;
#2841 = VECTOR ( 'NONE', #2054, 1000.000000000000000 ) ;
#2842 = UNCERTAINTY_MEASURE_WITH_UNIT (LENGTH_MEASURE( 1.000000000000000082E-05 ), #2382, 'distance_accuracy_value', 'NONE');
#2843 = MECHANICAL_DESIGN_GEOMETRIC_PRESENTATION_REPRESENTATION (  '', ( #2205 ), #573 ) ;
#2844 = EDGE_CURVE ( 'NONE', #127, #1459, #329, .T. ) ;
#2845 = CARTESIAN_POINT ( 'NONE',  ( -1.800000000000000044, 3.200000000000000178, 1.800000000000000044 ) ) ;
#2846 = COLOUR_RGB ( '',0.2470588235294117752, 0.2470588235294117752, 0.2470588235294117752 ) ;
#2848 = ADVANCED_FACE ( 'NONE', ( #2551 ), #486, .T. ) ;
#2847 = EDGE_CURVE ( 'NONE', #757, #785, #950, .T. ) ;
#2849 = ORIENTED_EDGE ( 'NONE', *, *, #1960, .F. ) ;
#2850 = LINE ( 'NONE', #786, #670 ) ;
#2851 = FILL_AREA_STYLE ('',( #988 ) ) ;
#2852 = VERTEX_POINT ( 'NONE', #1723 ) ;
#2853 = EDGE_CURVE ( 'NONE', #804, #668, #594, .T. ) ;
#2854 = LINE ( 'NONE', #1514, #1414 ) ;
#2855 = PRESENTATION_STYLE_ASSIGNMENT (( #306 ) ) ;
#2856 = ORIENTED_EDGE ( 'NONE', *, *, #645, .T. ) ;
#2857 = CIRCLE ( 'NONE', #2266, 0.2000000000000002887 ) ;
#2858 =( NAMED_UNIT ( * ) PLANE_ANGLE_UNIT ( ) SI_UNIT ( $, .RADIAN. ) );
#2859 = SURFACE_STYLE_FILL_AREA ( #2876 ) ;
#2860 = AXIS2_PLACEMENT_3D ( 'NONE', #1507, #1752, #2174 ) ;
#2861 = EDGE_LOOP ( 'NONE', ( #1956, #415, #911, #197, #108, #2148, #2625, #1787, #1724, #2165, #1800, #2080 ) ) ;
#2862 = AXIS2_PLACEMENT_3D ( 'NONE', #2242, #857, #2446 ) ;
#2863 = VERTEX_POINT ( 'NONE', #157 ) ;
#2864 =( REPRESENTATION_RELATIONSHIP ('NONE','NONE', #2726, #2427 ) REPRESENTATION_RELATIONSHIP_WITH_TRANSFORMATION ( #977 )SHAPE_REPRESENTATION_RELATIONSHIP( ) );
#2865 = AXIS2_PLACEMENT_3D ( 'NONE', #194, #2972, #2248 ) ;
#2866 =( NAMED_UNIT ( * ) PLANE_ANGLE_UNIT ( ) SI_UNIT ( $, .RADIAN. ) );
#2867 = VERTEX_POINT ( 'NONE', #844 ) ;
#2868 = DIRECTION ( 'NONE',  ( 0.000000000000000000, 1.000000000000000000, 0.000000000000000000 ) ) ;
#2869 = ORIENTED_EDGE ( 'NONE', *, *, #2055, .F. ) ;
#2870 = DIRECTION ( 'NONE',  ( 0.000000000000000000, -1.000000000000000000, 0.000000000000000000 ) ) ;
#2871 = EDGE_LOOP ( 'NONE', ( #1574, #1241, #1287, #2410 ) ) ;
#2872 = EDGE_LOOP ( 'NONE', ( #545, #778, #1850, #1535 ) ) ;
#2873 = EDGE_CURVE ( 'NONE', #782, #2397, #254, .T. ) ;
#2874 = DIRECTION ( 'NONE',  ( 0.000000000000000000, 0.000000000000000000, 1.000000000000000000 ) ) ;
#2875 = CIRCLE ( 'NONE', #2715, 0.5000000000000000000 ) ;
#2876 = FILL_AREA_STYLE ('',( #98 ) ) ;
#2877 = EDGE_LOOP ( 'NONE', ( #1092, #1048, #2849, #295, #1984, #866, #1528, #2725, #1759, #2531, #1087, #1771, #2869, #2634 ) ) ;
#2878 = LINE ( 'NONE', #591, #1026 ) ;
#2879 = ADVANCED_FACE ( 'NONE', ( #1248 ), #1936, .T. ) ;
#2880 = DIRECTION ( 'NONE',  ( 0.000000000000000000, -5.514886957328450285E-16, -1.000000000000000000 ) ) ;
#2881 = ORIENTED_EDGE ( 'NONE', *, *, #633, .F. ) ;
#2882 = CARTESIAN_POINT ( 'NONE',  ( 2.500000000000000000, 3.200000000000000178, 2.299999999999999822 ) ) ;
#2883 = DIRECTION ( 'NONE',  ( 0.000000000000000000, -1.000000000000000000, 0.000000000000000000 ) ) ;
#2884 = VERTEX_POINT ( 'NONE', #141 ) ;
#2885 = LINE ( 'NONE', #2395, #2748 ) ;
#2886 = ORIENTED_EDGE ( 'NONE', *, *, #1653, .T. ) ;
#2887 = EDGE_CURVE ( 'NONE', #618, #453, #2668, .T. ) ;
#2888 =( NAMED_UNIT ( * ) PLANE_ANGLE_UNIT ( ) SI_UNIT ( $, .RADIAN. ) );
#2889 = ORIENTED_EDGE ( 'NONE', *, *, #174, .F. ) ;
#2890 = LINE ( 'NONE', #2198, #723 ) ;
#2891 = CARTESIAN_POINT ( 'NONE',  ( 2.500000000000000000, 3.200000000000000178, -2.299999999999999822 ) ) ;
#2892 = CIRCLE ( 'NONE', #1963, 0.5000000000000000000 ) ;
#2893 = CIRCLE ( 'NONE', #1063, 0.2000000000000002887 ) ;
#2894 = ORIENTED_EDGE ( 'NONE', *, *, #2458, .F. ) ;
#2895 = CARTESIAN_POINT ( 'NONE',  ( 0.000000000000000000, 4.100000000000000533, 0.000000000000000000 ) ) ;
#2896 = MECHANICAL_DESIGN_GEOMETRIC_PRESENTATION_REPRESENTATION (  '', ( #2022 ), #1590 ) ;
#2897 = CYLINDRICAL_SURFACE ( 'NONE', #1174, 0.2000000000000002887 ) ;
#2898 = DIRECTION ( 'NONE',  ( -0.7071067811865474617, 0.000000000000000000, 0.7071067811865474617 ) ) ;
#2899 = ORIENTED_EDGE ( 'NONE', *, *, #422, .T. ) ;
#2900 = DIRECTION ( 'NONE',  ( 0.000000000000000000, 0.000000000000000000, 1.000000000000000000 ) ) ;
#2901 = ORIENTED_EDGE ( 'NONE', *, *, #1564, .F. ) ;
#2902 = DIRECTION ( 'NONE',  ( 0.000000000000000000, -1.000000000000000000, 0.000000000000000000 ) ) ;
#2903 = SURFACE_STYLE_USAGE ( .BOTH. , #105 ) ;
#2904 = PRESENTATION_LAYER_ASSIGNMENT (  '', '', ( #256 ) ) ;
#2905 = CARTESIAN_POINT ( 'NONE',  ( 0.5000000000000000000, 3.751519224698780075, -0.8914998730901010360 ) ) ;
#2906 = CIRCLE ( 'NONE', #1466, 0.5000000000000000000 ) ;
#2907 = AXIS2_PLACEMENT_3D ( 'NONE', #1491, #1175, #2401 ) ;
#2908 = MANIFOLD_SOLID_BREP ( 'Button_\X2\00fc\X0\st.ipt<1>[6]', #1368 ) ;
#2909 = AXIS2_PLACEMENT_3D ( 'NONE', #675, #630, #2466 ) ;
#2910 = DIRECTION ( 'NONE',  ( 0.000000000000000000, 1.000000000000000000, 0.000000000000000000 ) ) ;
#2911 = ORIENTED_EDGE ( 'NONE', *, *, #829, .F. ) ;
#2912 = ADVANCED_FACE ( 'NONE', ( #1295 ), #1186, .T. ) ;
#2913 = DIRECTION ( 'NONE',  ( 0.000000000000000000, 0.6427876096865390299, 0.7660444431189782355 ) ) ;
#2914 = CARTESIAN_POINT ( 'NONE',  ( -2.299999999999999822, 3.200000000000000178, 2.500000000000000000 ) ) ;
#2915 = ORIENTED_EDGE ( 'NONE', *, *, #2493, .F. ) ;
#2916 = LINE ( 'NONE', #1090, #1799 ) ;
#2917 = VERTEX_POINT ( 'NONE', #2656 ) ;
#2918 = AXIS2_PLACEMENT_3D ( 'NONE', #745, #2777, #1913 ) ;
#2919 =( NAMED_UNIT ( * ) SI_UNIT ( $, .STERADIAN. ) SOLID_ANGLE_UNIT ( ) );
#2920 = CARTESIAN_POINT ( 'NONE',  ( -1.800000000000000044, 3.399999999999999911, 2.299999999999999822 ) ) ;
#2921 = LINE ( 'NONE', #620, #781 ) ;
#2922 = DIRECTION ( 'NONE',  ( 0.000000000000000000, 1.000000000000000000, 0.000000000000000000 ) ) ;
#2923 = CARTESIAN_POINT ( 'NONE',  ( 1.800000000000000044, 3.399999999999999911, -1.800000000000000044 ) ) ;
#2924 = DIRECTION ( 'NONE',  ( 0.000000000000000000, 1.000000000000000000, 0.000000000000000000 ) ) ;
#2925 = DIRECTION ( 'NONE',  ( 0.000000000000000000, 1.000000000000000000, 0.000000000000000000 ) ) ;
#2926 = ORIENTED_EDGE ( 'NONE', *, *, #2678, .F. ) ;
#2927 = ORIENTED_EDGE ( 'NONE', *, *, #1601, .F. ) ;
#2928 = LINE ( 'NONE', #1258, #2231 ) ;
#2929 = DIRECTION ( 'NONE',  ( 0.000000000000000000, 1.000000000000000000, 0.000000000000000000 ) ) ;
#2930 = VERTEX_POINT ( 'NONE', #2905 ) ;
#2931 = FILL_AREA_STYLE_COLOUR ( '', #642 ) ;
#2932 = CYLINDRICAL_SURFACE ( 'NONE', #2734, 1.500000000000000000 ) ;
#2933 = CARTESIAN_POINT ( 'NONE',  ( 0.000000000000000000, 0.000000000000000000, 0.000000000000000000 ) ) ;
#2934 = AXIS2_PLACEMENT_3D ( 'NONE', #2263, #1828, #671 ) ;
#2935 = CARTESIAN_POINT ( 'NONE',  ( -0.5000000000000000000, 4.015973357264949861, -0.5763357105279799386 ) ) ;
#2936 = EDGE_LOOP ( 'NONE', ( #89, #1540, #362, #1278 ) ) ;
#2937 = VECTOR ( 'NONE', #1573, 1000.000000000000000 ) ;
#2938 = SURFACE_STYLE_FILL_AREA ( #894 ) ;
#2939 = EDGE_CURVE ( 'NONE', #2389, #1858, #2875, .T. ) ;
#2940 = DIRECTION ( 'NONE',  ( 0.000000000000000000, 0.000000000000000000, 1.000000000000000000 ) ) ;
#2941 = CARTESIAN_POINT ( 'NONE',  ( 2.500000000000000000, 0.000000000000000000, -2.299999999999999822 ) ) ;
#2942 = AXIS2_PLACEMENT_3D ( 'NONE', #2769, #1152, #549 ) ;
#2943 = ORIENTED_EDGE ( 'NONE', *, *, #481, .F. ) ;
#2944 = CARTESIAN_POINT ( 'NONE',  ( -1.500000000000000000, 0.5000000000000000000, 2.200000000000000178 ) ) ;
#2945 = EDGE_CURVE ( 'NONE', #728, #213, #365, .T. ) ;
#2946 = AXIS2_PLACEMENT_3D ( 'NONE', #2820, #358, #2898 ) ;
#2947 = LINE ( 'NONE', #2001, #2376 ) ;
#2948 = ORIENTED_EDGE ( 'NONE', *, *, #2309, .F. ) ;
#2949 = CARTESIAN_POINT ( 'NONE',  ( -2.299999999999999822, 0.000000000000000000, -2.299999999999999822 ) ) ;
#2950 = DIRECTION ( 'NONE',  ( -1.000000000000000000, 0.000000000000000000, 0.000000000000000000 ) ) ;
#2951 = EDGE_CURVE ( 'NONE', #1792, #566, #132, .T. ) ;
#2952 = VERTEX_POINT ( 'NONE', #858 ) ;
#2953 = AXIS2_PLACEMENT_3D ( 'NONE', #2102, #238, #1856 ) ;
#2954 = VECTOR ( 'NONE', #1330, 1000.000000000000000 ) ;
#2955 = PLANE ( 'NONE',  #1252 ) ;
#2956 = PRESENTATION_LAYER_ASSIGNMENT (  '', '', ( #63 ) ) ;
#2957 = ORIENTED_EDGE ( 'NONE', *, *, #72, .F. ) ;
#2958 = AXIS2_PLACEMENT_3D ( 'NONE', #1625, #513, #1206 ) ;
#2959 = PLANE ( 'NONE',  #1471 ) ;
#2960 = DIRECTION ( 'NONE',  ( -1.000000000000000000, 0.000000000000000000, 0.000000000000000000 ) ) ;
#2961 = ORIENTED_EDGE ( 'NONE', *, *, #72, .T. ) ;
#2962 = DIRECTION ( 'NONE',  ( 0.000000000000000000, 1.000000000000000000, 0.000000000000000000 ) ) ;
#2963 = PLANE ( 'NONE',  #2968 ) ;
#2964 = DIRECTION ( 'NONE',  ( 0.000000000000000000, 1.000000000000000000, 0.000000000000000000 ) ) ;
#2965 = EDGE_LOOP ( 'NONE', ( #263, #2710, #240, #2706 ) ) ;
#2966 = CIRCLE ( 'NONE', #1695, 0.5000000000000000000 ) ;
#2967 = ORIENTED_EDGE ( 'NONE', *, *, #729, .T. ) ;
#2968 = AXIS2_PLACEMENT_3D ( 'NONE', #2303, #898, #1344 ) ;
#2969 = EDGE_CURVE ( 'NONE', #2523, #2362, #2187, .T. ) ;
#2970 = LINE ( 'NONE', #909, #2012 ) ;
#2971 = ORIENTED_EDGE ( 'NONE', *, *, #2180, .T. ) ;
#2972 = DIRECTION ( 'NONE',  ( 0.000000000000000000, -1.000000000000000000, 1.387778780781445922E-16 ) ) ;
#2973 = DIRECTION ( 'NONE',  ( 0.000000000000000000, -0.9848077530122081313, -0.1736481776669305255 ) ) ;
#2974 = VERTEX_POINT ( 'NONE', #2891 ) ;
#2975 = DIRECTION ( 'NONE',  ( -1.000000000000000000, 0.000000000000000000, 0.000000000000000000 ) ) ;
#2976 = CARTESIAN_POINT ( 'NONE',  ( 1.500000000000000000, 0.2000000000000000111, -1.199999999999999956 ) ) ;
#2977 = EDGE_CURVE ( 'NONE', #605, #2064, #2681, .T. ) ;
#2978 = DIRECTION ( 'NONE',  ( 1.000000000000000000, -0.000000000000000000, 1.224646799147353207E-16 ) ) ;
#2979 = DIRECTION ( 'NONE',  ( 0.000000000000000000, -1.000000000000000000, 1.387778780781445922E-16 ) ) ;
#2980 = NEXT_ASSEMBLY_USAGE_OCCURRENCE ( 'NAUO1', ' ', ' ', #2544, #2193, $ ) ;
#2981 = NEXT_ASSEMBLY_USAGE_OCCURRENCE ( 'NAUO2', ' ', ' ', #2544, #1704, $ ) ;
#2982 = NEXT_ASSEMBLY_USAGE_OCCURRENCE ( 'NAUO3', ' ', ' ', #2544, #1704, $ ) ;
#2983 = NEXT_ASSEMBLY_USAGE_OCCURRENCE ( 'NAUO4', ' ', ' ', #2544, #1704, $ ) ;
#2984 = NEXT_ASSEMBLY_USAGE_OCCURRENCE ( 'NAUO5', ' ', ' ', #2544, #1704, $ ) ;
ENDSEC;
END-ISO-10303-21;
